76982
3441
9005
60691
60549
23194
39692
19129
69316
34431
56825
43663
84486
60226
66260
89002
16555
14374
80727
54665
2355
43832
76075
479
85774
24838
30547
9325
88392
55312
28094
88167
85905
22629
60378
37616
53877
63203
88983
86778
62724
76474
58373
10290
69937
10410
35499
65501
40484
99843
99497
59002
39530
94282
33114
35133
43332
7496
75145
89794
72882
19644
54882
38573
92570
33514
35820
18064
24762
71624
96453
95920
97610
27329
63539
49937
36550
16502
11057
36229
72874
74451
59412
39836
73840
16305
22942
23743
12908
38045
9765
99023
31489
16234
81434
87931
13349
7847
2449
40207
77840
68518
15596
65483
4411
39249
85201
29299
97037
21725
22440
38392
17321
39547
86709
7491
49482
70127
38908
38938
22143
95130
21336
91632
72769
7804
62506
2001
24976
51516
255
60289
93962
43682
8789
54967
28312
79613
37273
31378
41655
43844
5994
7690
46117
68161
70066
17749
987
36227
60456
17911
16925
8322
32489
39782
81256
938
84302
44157
2147
65360
63641
55785
43030
41511
10792
45783
56442
57269
990
43343
35628
62694
61996
83404
36341
40998
13270
78420
2476
79337
19274
45024
4173
64523
97280
1035
49041
51168
34927
29088
74936
41380
23553
34589
58335
35699
27840
18371
35738
65682
71376
39867
26677
79595
904
42477
69461
77570
37567
9405
80767
94772
23607
11039
54387
45288
31248
24473
23061
81843
80669
60127
27325
46688
25925
45215
58423
44037
20458
88805
32430
9814
19668
49634
30435
13110
31958
67050
98323
34836
43246
8287
87302
65007
4465
44601
28246
21912
95477
27643
64508
7422
94038
65553
70367
88611
30066
46795
52718
73478
37883
24090
37511
45054
11986
39934
77321
34192
40321
59440
73710
61321
17977
22570
74587
73418
64732
17457
26425
90290
104
62603
75707
48676
28710
78366
38252
25009
45762
74865
67950
83541
1366
98296
56876
67665
62250
9183
64982
49041
60441
25703
84666
9321
25031
65760
28741
139
92415
58534
18566
47881
39793
23114
706
61213
51128
78402
40323
35366
45957
86619
78195
12510
58268
97244
89161
84327
51055
55
24811
30903
99226
75094
99511
68765
80740
10544
57729
72832
50441
82241
25183
56320
67090
19537
21643
15340
1474
77496
13552
77079
61694
61990
52381
52274
24823
49076
39397
89843
75828
64388
5869
3931
1928
8286
61392
65591
56868
95358
50333
9817
55724
69940
95602
77607
28466
63118
7151
80704
80921
97668
18504
66299
14586
32213
7503
38725
83670
29064
3667
66198
54661
61867
62186
35893
41525
76203
33412
36129
41965
50617
67498
91265
11946
90614
8725
94740
48494
79220
67188
1370
44356
43200
24576
40525
73682
82062
68531
67225
70543
31785
98788
51977
62657
29786
60040
46724
71445
11536
56172
50206
21220
36900
96359
90605
44442
91648
49550
46312
58298
99357
19079
81223
71125
16565
38272
14398
95059
59774
93972
85705
14747
13709
36457
86583
88478
60392
14734
7745
92151
88929
34656
99832
2507
70543
91249
17681
12606
45432
53029
50259
6277
70589
74319
85449
90814
50690
83748
85149
43052
32304
50270
6346
775
17456
39433
94000
51083
50103
897
93879
14108
76999
8072
23344
56402
54569
44103
66896
22618
31638
44800
62522
45733
89590
67557
840
74847
13990
35085
33505
7172
96666
9962
10043
33743
54292
95669
31862
80885
93515
9315
86253
40964
27849
16909
5653
62188
26067
5615
50207
36310
24737
75503
69326
12229
7782
60126
35982
35075
32249
36564
81112
50256
65686
64227
86616
8114
39362
2427
92065
16353
52242
58614
38888
613
36537
37566
67886
88181
53249
73461
16976
18140
9056
57256
46820
67493
95243
39366
95740
33913
66032
21977
22585
97220
43742
32481
51966
55407
52154
6847
47002
22711
28943
45096
73702
17218
79303
23474
49823
10658
54531
64617
77763
83896
70826
74166
25911
19635
84849
54263
37211
68440
69973
69015
73678
17499
5543
16356
70169
41953
12295
41184
4547
76616
54950
72263
53777
64757
1076
10656
32537
45390
18392
7874
76858
49701
85401
54162
59640
86907
18583
73241
11595
47454
22240
92562
10236
68264
38749
99269
7438
70943
84650
13105
78286
96788
87055
63288
31930
56701
4544
87414
13563
421
25650
69513
29898
12362
37785
10218
2488
60212
41394
66728
18630
30276
50803
77039
94406
68332
12913
84711
4879
58025
24395
39764
35753
25277
51060
70756
49626
31375
50406
95545
70382
3468
76224
72323
36475
38786
22107
75409
36408
37614
40033
62846
76364
44871
97432
3475
24362
7439
85961
72112
10356
47374
9688
14039
7067
38073
9952
50945
3832
70560
8271
7143
73377
14567
41376
46935
48409
91713
9352
99805
21789
59824
27034
48050
87741
70255
6944
1583
5196
84492
81875
23112
4892
28841
28575
60999
82242
85685
88806
72801
57187
18373
18551
3147
38437
86541
3467
84549
11367
55792
83899
42666
71836
98704
28609
16801
96878
84818
75689
29127
13081
39156
68654
89540
96956
95555
13391
55217
73830
88884
47149
67732
41302
97967
33834
29811
10700
89100
88121
54375
32580
63258
39392
73767
76530
94346
25564
38607
66301
85794
95689
51924
41970
51133
94668
81486
78822
42489
13310
37150
13164
99987
79872
62235
19716
6696
67069
84804
49596
5498
1748
76609
19749
75162
2006
46882
83965
21873
45480
10545
63155
15888
6145
59337
67348
64565
64953
40162
451
46860
5443
34555
58232
49213
5899
5636
9491
11015
23306
57646
58112
43972
95185
87437
81917
10742
66304
36486
12337
26231
29468
95080
30487
11788
67200
18917
5681
41183
58951
96785
96902
46378
38408
91266
35013
87966
94525
39348
47781
58914
31696
18497
9808
85209
81496
6038
83250
40674
2020
40031
56195
91076
27280
83688
91586
42340
90434
82034
63576
57021
84133
54346
33527
74489
64354
8064
35397
88102
22374
86038
34114
37181
31084
2049
50522
2948
12198
43275
57442
1257
98167
98743
58827
92312
20253
11459
64287
26238
22013
55353
15785
18036
65340
45962
19826
80049
59729
18997
80898
46045
56461
12758
11177
67576
77451
30721
84063
70480
71334
17973
41531
7480
33556
27849
92192
25544
52915
65818
47016
87308
57287
38022
11460
28179
28130
15289
42439
79994
10459
64511
94793
95725
7177
46071
92659
38550
28086
21943
55930
42816
17068
60204
66843
5224
48829
67998
42628
37772
22724
86490
41171
87267
98124
82308
97185
48437
1695
97373
28732
35975
61701
39499
98108
65501
13632
25748
84012
19139
30255
2825
11114
86417
73221
20105
7771
81279
77174
19621
54267
4857
93872
94609
13869
96055
65398
73240
93113
39797
54320
33050
15034
18912
37478
1163
44290
63514
9916
96499
79392
84395
57050
14328
90347
76540
54219
92048
5074
69733
4046
54708
91098
70369
51030
42399
73859
30351
2071
45488
56480
40758
19565
70657
59042
5482
76975
58075
46378
55215
50301
51669
75483
76938
62904
42676
98140
58840
87679
71818
11478
37016
87493
35971
67215
62301
29050
97637
18125
45462
22252
84219
62935
32792
34543
66305
61709
3144
12069
81915
70937
81282
53912
23452
23520
29641
97825
40546
20390
52512
10366
53942
23168
73010
40730
11826
6057
47333
61919
31715
14243
99493
11360
79032
99375
91314
73786
94006
15018
89745
95648
68353
46288
94100
32402
11066
19730
32832
59639
70253
7641
57346
87697
56921
53565
25072
82676
80265
51167
95636
84158
1211
76352
758
3845
98309
12627
22940
38974
21567
90639
71534
6813
20530
82210
96871
10360
95627
37398
66449
64735
21235
7879
25525
37514
48188
48870
85433
51084
34408
70843
86825
75864
34171
20620
28130
83643
25137
14657
78524
24812
29627
15606
3132
61964
50175
26461
74001
41333
44472
9731
10946
30684
26960
36432
32865
52371
45746
28192
75842
87127
53386
40904
30580
61955
76533
80734
11165
30029
68140
79416
27083
68752
99508
74618
85962
47887
53309
44327
54091
65335
11786
80389
52159
21629
83448
22724
58539
46900
2109
94248
60754
52574
45935
64885
63618
10483
2540
44612
33336
51228
215
65831
88247
75018
44395
24758
46881
32100
34310
79662
15766
5023
99637
41311
45898
23032
22285
49964
56705
66612
94654
33578
69453
7294
64510
57591
50673
86142
4119
31918
18550
70887
40950
32072
82502
70159
16590
11249
11254
97921
7594
54467
62530
18612
58944
66948
4725
34588
30653
92785
84402
70057
53549
34898
57503
32947
4725
75522
76688
37289
55907
31659
85385
85933
3637
19173
10623
1052
79461
86294
1056
28424
39870
28712
26666
42601
3976
99660
59749
12561
9773
88804
79667
39987
70652
46140
40377
84726
28312
7954
18972
45065
25266
4540
58740
5162
32916
71634
5259
9720
10767
31194
886
92046
66746
54410
1016
77737
32756
38263
89223
19726
63335
59435
65785
11611
28258
7106
14853
45995
45795
85127
9903
92085
10533
82659
23111
26363
92636
43043
54171
77524
76215
45547
7519
91192
77067
51536
22711
84782
54487
27372
8765
71793
45161
38372
24102
65791
30857
68364
81184
64416
14613
43017
84024
6600
56856
31952
48141
1768
79118
84174
37140
23330
25532
62835
90931
67363
33680
43165
46792
72686
1602
86042
97984
90679
92043
64868
6172
28714
67732
58006
50165
72115
95684
5499
19026
96199
29322
73267
92982
10473
36645
89071
12073
73399
31571
87675
46914
29990
27537
10415
70668
62269
28263
11284
25188
41445
41989
2939
66053
82072
25763
17512
9204
68018
35703
54397
49941
59054
62129
17350
40760
15116
64411
10860
58371
53547
51721
17527
54423
33308
17200
85327
94509
71613
87094
75237
38946
30430
77374
60888
82766
4039
39772
36828
20989
83193
70592
2157
29544
8340
45050
70503
10399
53707
46885
98786
6130
50334
4930
90806
79835
65317
22268
6315
50907
54780
48664
80677
46408
94309
69878
90469
94452
31936
72645
68547
7308
95805
69693
1186
88570
73418
3938
86408
40497
91944
2265
32339
69669
82050
52613
39166
40519
17873
36289
36089
9648
39578
18243
34180
78108
29164
69713
20874
21139
79977
28313
97023
47639
24046
99135
24746
18221
59512
60291
91845
88389
23392
83640
60279
81632
16456
55252
31766
93695
52654
63778
11513
67454
88611
20467
82197
79096
17246
61232
51195
96623
34257
26052
82865
81180
53626
14182
51568
58973
54775
52008
25357
31560
87380
10308
48243
95036
97888
77458
22188
22552
46511
76901
33597
98967
24082
32423
56099
36403
36629
25796
92911
89628
97473
44905
50748
64735
27010
78241
72361
71532
77881
81178
71941
25994
32465
17864
50559
31915
98718
23675
49703
59234
3172
10004
23858
15156
73901
51719
9438
91197
55017
25274
19394
70773
66464
46675
2395
10375
97705
59891
78954
20208
41669
94295
61702
36984
47670
27525
59300
87171
8873
50681
20110
69819
94841
38398
73885
82973
28622
60370
27448
63991
69371
85363
99631
90194
14061
82288
13181
7499
31311
80138
80394
25219
31491
72451
83562
56118
11693
75457
57296
92941
15672
73162
65248
32437
5948
12731
90549
66962
69418
4412
20850
79828
73498
95464
62441
18836
30060
39190
33744
72618
48064
44952
12921
89957
57795
72844
91434
55851
86168
39592
50991
62358
42727
52652
45385
68094
72901
52822
65777
69395
13734
68938
26511
39108
90444
42303
57503
95438
21015
89587
88697
70933
44941
41439
31108
97177
49144
22359
51069
43620
3768
27490
4317
41999
14564
59319
93309
58881
79180
56750
21052
96253
94390
14442
9089
94120
73048
59642
89010
94406
64748
46016
88767
15077
76937
41015
36994
70008
83112
20071
95817
15327
72980
29635
19767
74538
59695
63113
81103
20718
82234
56824
37589
7136
81541
69202
72854
56527
87239
73964
91751
41048
16213
19585
49209
56500
6638
17432
82756
83252
81371
23053
74579
25204
75975
47846
90302
95999
98658
3698
72231
77280
77097
1733
2381
91185
5891
21165
75281
43599
76057
87734
18205
88337
94964
75238
36115
72193
47554
17869
6533
24385
54676
75566
87944
20612
66011
7722
79154
81885
91849
87857
16311
86869
57288
24482
52692
64192
60485
628
98417
21985
15996
41093
4717
13621
89704
97300
4414
11612
30209
73558
22803
73366
92593
78486
50835
95037
87565
74582
53215
24444
14102
16338
68593
33731
1832
44367
50992
39862
87984
15189
67011
62544
54108
67702
2185
89390
70590
18997
6361
59888
28345
78168
34415
94867
72314
50212
28694
62691
78650
27397
84306
75589
63303
20687
97713
53516
4027
46624
43099
10350
41196
57289
25846
14958
37741
30493
58031
67064
78934
65020
28718
67767
12250
31063
26983
57251
67714
9008
10539
59575
76419
54811
79687
52578
37393
16106
22811
23349
22439
16757
23388
35209
43599
72756
90247
67297
26860
5771
62357
2561
51144
29829
22053
46889
47115
72639
8784
23958
97372
92273
25591
70191
92751
24142
40536
56263
88846
62453
56521
30069
85845
75833
67605
71951
28078
21212
21091
18642
5236
18437
25536
46919
6364
39934
53890
98243
61358
17712
60133
84466
12573
60279
47802
79189
91689
59828
68450
28784
20811
11177
66616
33020
43977
87004
25082
95369
73970
8290
56235
95640
73112
65545
33391
2317
39421
87482
42114
59024
69794
60883
87486
55529
90845
22450
67803
72283
83267
54779
81796
18358
82270
88958
55003
84089
71062
20521
38117
31939
23079
44019
45458
90056
13710
4695
17393
44384
55431
5780
12464
35467
44237
64328
34781
13636
39941
30086
89995
68073
13486
77151
25740
52389
51988
54965
61502
12415
6168
51046
27222
20275
10284
5604
29993
10264
5495
261
89431
11688
47508
6355
23130
18633
85551
92778
51205
99402
63504
2946
37934
54176
54543
19319
47057
47419
22038
70169
62429
41066
31198
17069
81505
82422
54678
36487
1595
91552
4128
55087
23411
79539
69377
66500
6178
72999
57137
13744
2347
45357
81032
36807
99930
86106
66170
9562
1839
37392
23744
80976
44540
16838
65811
15427
69043
26650
67705
546
40818
26461
48255
20335
4152
7061
54776
28306
13279
39575
80770
70783
64041
98005
69320
38773
391
71470
34307
92286
69472
98164
27994
37937
37699
9393
13633
3761
83658
87285
62282
96572
29455
85872
66838
73588
86160
82096
24716
7162
31211
31439
95911
7862
27507
67331
1599
81426
44516
67283
5183
86135
95617
38926
84897
79404
65912
36034
27248
27646
87196
2494
65979
82359
83700
51803
22410
94163
68875
51618
15084
34149
60568
7332
73601
77440
28569
50254
32615
50714
53441
58352
68500
1484
97443
85983
3665
64822
29030
49400
50639
58671
24197
65867
3657
93989
14581
55973
66696
72566
59867
48410
77997
83335
13648
11666
51392
5947
57764
10040
63660
5155
13234
17350
7468
42210
16042
9368
55934
40545
28549
56827
65054
66295
21951
81027
48912
75920
18535
9610
83414
16610
67724
65949
56085
19253
81070
73128
78979
84113
83176
89184
65531
49548
65622
45151
71186
7021
43971
81064
38321
9399
37827
13394
24004
17951
15900
27364
39406
60500
20679
49740
46538
56577
21322
91664
892
10643
33389
26927
67577
8980
4017
70302
72374
6500
23841
58470
13200
65312
15199
60420
52772
22373
8293
63492
76793
85959
67417
253
69992
30031
49096
99480
15883
2156
28193
60346
98938
22926
6755
46652
46954
26109
28263
36159
25582
77524
66811
80126
16402
25797
75165
5888
45288
26035
83124
4819
71410
86865
72708
6206
2986
80539
23515
63246
70657
98299
33471
40953
66423
84531
61930
91492
1122
58815
96580
56032
9905
93134
16602
85061
74324
7418
77524
19452
91250
71315
73964
11129
55699
50863
92934
11645
18204
12620
92740
67381
23974
49461
82915
99224
18284
10058
41465
56169
24843
78496
66991
45235
39012
25331
87835
90280
48969
43164
25518
78672
29953
9844
63859
64181
27645
61533
4673
24055
81571
46724
48606
83146
42529
90934
85350
27157
29374
82170
6423
66665
99945
15867
91098
37499
98523
92863
24341
76155
74255
54248
27522
99180
73413
87957
37974
11572
42196
85262
55800
8509
21093
55842
64442
83241
68677
88098
60285
8635
60837
31680
63372
81802
52297
11463
60830
55528
94672
74358
94479
23030
83752
11680
88771
20229
9466
18904
87933
89642
31528
54749
11382
76870
30998
61426
60345
31316
61366
38491
67235
33737
95419
30500
79664
87220
49407
93372
24162
6166
84409
83381
92086
72086
47595
12462
39158
42387
94023
64611
67143
35732
27233
62485
368
73248
19031
81997
75579
96303
41479
25467
56787
15064
78977
75172
74797
24394
82626
60467
37591
88833
24073
58239
67403
10719
76977
68425
34366
75551
63446
67416
53008
41473
56920
55268
97621
75547
21027
72837
25397
55558
58333
46894
85666
80533
68553
30065
12830
31741
21185
20840
85016
17754
36459
88757
95238
50286
90515
26201
14908
1003
29419
29141
65695
36621
54274
7249
72604
18001
80236
73780
45848
48707
51398
54829
21357
17977
12637
19852
58232
1288
87749
2834
65519
68682
77760
98793
7104
64026
58235
37146
69587
47492
58695
62945
23318
26003
44041
40019
55286
94313
90657
88157
98357
40283
58187
58716
2243
82117
45431
33099
94118
85398
79577
90916
8869
60050
51980
78555
34857
75036
72744
25286
41693
40714
50691
39805
98404
36474
76171
79284
85927
38377
78733
48206
67114
60850
35851
38671
53790
71898
65536
59163
6969
81784
74768
91026
79788
39246
4217
44964
63584
76531
77486
61233
30083
66919
15197
84890
70532
26949
60988
90199
79806
54507
87710
2536
40247
72392
56124
92971
61571
62767
57716
50474
56384
1733
30958
15920
14723
75166
2187
4686
54406
28101
14842
77827
85483
36847
67469
65751
44758
72741
59631
38788
15248
49224
11987
53872
24003
26700
69983
16760
24268
26693
91096
79314
25815
4241
67860
58388
38222
77096
75253
61639
82381
55831
87888
5495
99609
66111
30319
76628
55175
63146
47247
93879
94251
73123
13642
74128
16728
89702
88198
82491
82320
36565
82789
3261
93929
20778
35256
60061
61903
12838
60049
59830
71466
93702
43778
56605
48312
49765
44258
49408
52132
38855
32703
68445
70116
5197
38911
15134
99662
30986
46487
60826
25121
7394
81009
37106
76466
20655
94899
13199
15563
80390
95471
79901
79894
12524
21846
90907
1822
73552
98327
87446
11108
49007
88617
80035
575
28661
31807
80113
73004
87048
23621
3603
72518
1846
41390
11992
99246
37869
57559
37534
84371
17744
83874
17033
69076
81829
58932
83982
12989
7034
62999
43056
6368
85117
86575
92811
63555
46754
14745
11071
85522
53325
77712
16622
57183
24079
92760
25379
90281
53113
18122
62024
29195
74091
97778
46396
32070
58881
93567
34626
54372
61541
36939
66715
24161
51800
73190
32996
42736
18823
21819
30927
3694
77845
96165
49199
86585
38033
70161
8243
38260
91034
54668
5272
28240
47850
83889
77608
34375
89282
91320
58155
22713
20218
99810
54470
9823
71028
58974
71565
53439
78606
69322
97639
60096
90990
76667
60842
70199
47942
62389
84889
28130
46394
4740
65468
66321
83141
67067
8715
74823
3044
11031
55256
16064
84920
75880
71275
60819
87569
41113
85710
97743
18507
17849
78897
65000
63969
42302
45999
78665
24912
43520
60840
19990
47216
90926
77667
14386
89314
73129
13300
95605
30774
63869
13793
80822
21134
82534
44197
21720
88106
61473
81989
87066
10794
41839
20147
38923
27141
49533
24891
64416
41265
60879
60367
45533
24137
30680
75545
38719
48594
335
47830
43521
13547
75139
66722
13876
82249
85811
21632
69264
56980
48086
64960
75407
49005
35406
82368
78481
31395
89876
44983
56997
95212
23355
42772
2821
47355
57542
39093
89477
89544
67306
94992
28730
90998
66525
92804
45313
5841
6707
23416
88494
82996
62114
32377
6062
51847
79988
32015
50733
8634
42193
77211
56581
95934
97422
25384
17104
69886
90782
32535
89167
30313
87805
59529
41196
39851
8215
64958
52594
43100
88094
24763
37275
70668
54954
40046
95728
52639
8139
82023
2186
19621
279
24665
52338
60490
59096
49186
66858
52118
13065
28780
51768
64890
99330
67554
47681
96398
1402
76482
54662
23110
28174
50654
80591
91689
27673
47857
5957
76544
15787
30622
79122
18029
47981
81088
46913
65407
17549
97042
68752
47291
48540
96996
78416
98391
26419
65326
25516
58999
44166
42330
80476
3581
88574
98684
7124
63332
56639
57667
97804
60526
7698
44894
59837
71568
69698
29570
16613
41074
58523
43402
52547
46904
24040
22390
49651
61383
73217
41465
33843
71443
97008
69217
94882
8174
40623
29065
67169
21185
77923
53360
48371
43655
97920
10351
56793
15954
41532
96921
20488
96950
75490
29182
85518
56858
21839
96064
85323
70125
19355
75747
56431
87239
89470
44601
68733
83845
76380
40709
61837
93849
82176
49437
73139
50734
34667
28293
21371
57095
98899
86225
87175
26412
17718
33797
60627
67225
26013
77123
57340
74550
80653
49364
83658
62741
97271
83988
26226
32376
33331
23098
74134
45821
37588
34101
61534
65343
80322
20426
87590
4091
31083
41956
84011
27028
45416
48183
83318
67232
27991
98945
49261
59172
30587
50101
41437
75745
91595
49651
72821
53728
92790
62685
56146
68733
86282
61262
59871
32782
82348
83701
88064
26411
64175
2781
52190
7520
75139
7670
89422
30268
3341
27584
9585
47767
82389
53977
26231
91750
27744
21204
84184
29555
37405
94347
98389
63222
82680
86973
24742
94271
33977
41632
78070
10642
15798
68892
70799
8415
17939
982
21614
31248
1378
60206
96379
23088
58750
76559
53740
14197
66881
47366
31831
73587
19999
25046
414
79770
9963
57233
78427
52477
52104
75416
45256
22546
53127
5039
96801
23180
77006
75135
435
76301
20932
86422
15850
31972
36239
37643
31582
55508
78705
44225
44768
66639
65865
90484
36292
24059
96199
15006
48144
30056
65605
48312
20330
99787
6530
55542
21754
31725
18782
30932
43154
24575
35856
97978
47848
79294
15153
64760
62991
71535
87007
35494
81021
98372
48791
66312
8391
88033
42291
98995
91317
38161
57112
20908
83849
50006
42546
58424
99079
89352
16761
89203
8074
39028
82722
36114
94429
9666
22681
85049
57188
48611
50259
46418
42433
40912
81175
26870
94198
4242
6827
52522
94984
413
52310
38217
47724
13572
38716
235
12083
39167
86817
910
98895
23866
33164
87381
73584
88978
3950
52588
78890
9059
35052
14075
61453
87091
76833
15966
86044
37592
96577
78004
55918
97038
54816
643
96364
21442
44792
84939
92274
22483
69202
32215
8078
31319
72230
34050
29704
36553
9390
74301
2154
26599
21233
58941
43500
44831
4439
80304
21146
57292
50088
87149
82228
48464
2744
38542
72077
17317
53447
20834
95850
43650
49770
38096
88087
35046
18487
4736
48630
78302
93831
89051
37918
36813
40205
15598
68143
55534
27263
16550
99756
80649
14345
5944
55681
72181
41945
92210
41930
67993
36040
83201
18520
20434
26076
13811
18432
40251
7893
22974
27527
27651
12460
30571
75119
70909
34478
60449
6085
81557
8899
57912
68503
66748
30608
82909
33307
37840
13197
30212
87409
95095
2649
72590
19805
80662
47137
28886
34707
64544
18025
36822
507
55608
88711
71476
28085
34662
27597
58174
87005
59222
14496
87727
27693
5452
80818
93612
2010
5168
13167
39238
9316
53608
80458
66264
43413
5427
96458
98343
57914
30436
74386
37712
90921
9602
42167
79044
50073
90993
67194
39166
32420
25458
51629
92524
43951
98134
3558
79077
95485
42417
88081
40532
7183
46241
98723
16562
80901
42182
30605
68806
52259
79100
96567
43456
792
84155
19845
35883
65797
50954
76461
72342
26358
20605
87012
28412
80111
54444
50738
99112
24353
38161
50186
48008
9162
41923
67306
76910
15402
48448
278
99742
48430
76159
38534
9276
32729
66126
62835
95651
81751
1130
22705
94029
7095
33649
18379
59494
7241
81988
6847
67925
29339
20429
32254
55135
2716
48501
37725
77248
27411
66920
11706
67906
47536
11946
59114
29058
29795
50295
26324
44209
62530
73501
67485
82004
83961
52292
3789
14406
78347
85805
13218
11620
37957
98401
28848
29500
71691
98743
66162
36659
58296
24729
69839
6243
88594
58738
71688
61154
23276
30283
3391
39878
37275
7027
37671
52154
80160
4582
10715
96889
59771
36252
91123
98562
20531
6609
47142
28333
38502
65721
57902
84034
23728
76166
16674
18371
226
45745
90318
75110
23654
86591
83276
48009
49385
76793
78100
9218
65929
9709
45536
60605
39306
66382
48548
73076
90340
18251
11440
77278
29882
35219
9209
41336
26914
59723
89067
86853
65195
35677
19167
80979
46569
4837
34207
15451
98430
24285
22440
56432
33191
42069
19383
58364
25424
71100
92936
76291
6265
42739
55014
3577
49026
25381
85165
49003
92931
11615
34602
94137
39144
36392
62537
36240
6427
2765
56529
4288
52386
84478
91015
70558
87677
78305
11920
33347
59140
15890
30577
11980
64776
30132
2211
19643
5857
56966
29999
95236
38667
9206
53168
38552
75958
33288
74570
22974
27550
59397
96583
64106
76532
12582
3533
16167
31488
46750
10838
26714
65181
80313
23523
78469
19609
20784
46401
68169
24502
76472
22877
33710
11515
64796
28314
80054
299
58940
73949
72097
10176
86438
50115
97013
9619
43466
55215
11901
21828
14836
9095
25817
99613
28628
75840
98080
57202
34142
9531
57962
98031
48548
64853
88980
77847
70608
1642
94337
77160
90960
1295
61149
33019
42725
18111
7273
46392
61759
90613
14003
8584
91182
15190
96560
25086
46328
69709
41745
37353
4255
89877
21445
58233
47988
22630
67701
69399
80048
53063
46041
28348
41203
18332
72677
96134
58088
27266
85851
69245
87635
12880
43498
82275
66112
287
45833
93977
40602
49147
555
56026
98673
4971
42550
3557
4409
996
46497
46730
34988
77613
49
42703
75075
4328
27720
77127
2696
6992
88871
37996
84598
36712
68694
53258
8815
62145
51665
95886
72691
61886
97590
75808
79478
80923
2799
56733
22270
54706
58454
78384
57214
53498
60382
84437
13244
12351
17789
69598
8011
74151
73764
80698
19535
87360
10143
39158
86458
68931
92151
54068
45530
5540
5976
31426
90174
18641
38947
28707
89011
2388
53490
58798
18317
2340
58916
44300
44709
28290
81879
90521
10597
10542
37419
49075
88954
95703
23704
38004
64595
21895
85238
37958
73728
61681
48602
4171
70582
78449
64371
90756
37178
78630
65275
79285
74726
29276
46595
35507
41968
86988
63961
48163
56245
70878
22661
59507
59644
16534
34180
75672
35279
44399
43337
17908
29104
38969
83837
82504
79125
74588
89027
64772
26683
8772
5459
5920
73882
57405
13293
94556
18187
3641
41695
86361
82661
61537
46272
54506
8384
76859
83342
42609
94118
26564
18562
10645
55616
93210
7769
99002
85816
25362
80854
24296
41151
5962
77277
98492
88702
2552
40949
14778
11534
37628
74472
24568
53228
30977
39594
85113
14328
91780
8809
6155
53127
13816
79776
35596
99183
42358
29993
2110
40393
5853
17389
62464
6425
71125
96144
14673
63015
14381
14842
45926
63813
68121
50574
50363
30093
42794
32491
29908
3604
66181
60029
1086
97333
82802
61731
60807
52904
24439
53423
45276
37795
46374
81189
73992
15212
95445
99933
92293
28895
11163
69606
32653
26296
37504
20592
18763
4806
74399
19664
83565
67781
54527
82286
48870
59217
81440
48923
27612
99025
140
30690
97146
48335
45245
77905
63939
71175
26980
70710
98315
7489
4733
52384
96995
615
77910
97562
91408
54670
85278
33369
73527
53808
58064
32435
88557
33681
5312
72391
73905
6196
54385
11905
450
38526
50601
25838
52642
27516
19936
70805
62109
9086
43890
88689
90737
9359
20916
6937
58762
83399
42417
74416
85606
15160
81324
12623
39313
66810
41951
86132
956
26105
26204
84955
58336
99555
24220
73191
14778
95672
8705
86971
43433
9202
79475
77629
32387
58364
74292
1472
86017
1155
86643
40889
58353
68696
97703
22696
48243
52545
44234
5012
79345
71292
57812
93056
96230
70115
589
48555
73832
52476
2218
38610
49364
41748
42252
9626
17960
38170
96108
7480
54995
37486
23405
94842
3317
11483
7826
12067
43000
64897
93996
14756
4495
8109
48626
55551
25748
65269
95930
60573
51457
97427
84020
96654
28060
68664
23466
14121
70304
40539
74158
87327
83401
4870
84040
47452
19794
25220
21244
6260
95039
97445
51953
1274
3310
94767
52888
47451
76560
54712
17883
52306
84594
34157
49525
62773
83246
91654
78742
72780
58684
70115
36881
41742
67154
99007
57646
30158
26624
58868
54584
80323
78014
43490
34900
41970
42494
48092
21729
72398
2037
67725
34270
92012
72405
92908
86016
33363
37335
11486
72711
71404
2793
28251
52266
31301
91728
5244
42317
35949
79883
65456
57704
13536
77912
71760
49722
97329
93813
74817
19881
12412
66740
8861
56514
73004
51971
42722
37401
50546
41743
79703
38253
14722
80575
1656
19806
28772
29102
54584
93788
14342
44251
3005
57955
18250
79552
45932
73719
26921
3124
55127
25068
53501
43751
28265
15254
72453
9971
40090
9143
58786
19292
59234
33973
5956
48390
9803
88904
81544
75519
2763
63726
8002
72990
26409
92704
2060
32516
47966
78484
62894
7018
56946
21475
78146
32390
47253
46741
41567
35767
53982
50023
32666
2301
7058
80918
94007
35152
15953
72689
93224
77737
75055
86884
57704
37613
28886
79534
28929
46781
87160
82106
76999
48472
87157
50732
14606
39304
35404
97985
61324
93278
76269
23758
26956
48803
69218
99734
64346
11806
76488
25375
72665
81796
77689
38263
89957
64189
48266
33174
22675
43288
1694
40952
74551
34984
63880
85127
27082
52090
71832
15669
36338
4432
80391
63628
91648
83142
54505
88233
11852
99688
95824
55741
4803
18981
67243
81505
16705
82043
6966
97623
38849
60646
78090
45888
19964
86855
45020
2435
15454
58713
76009
94884
25040
61855
28672
2610
12398
59000
5978
33100
38215
20248
68262
89241
89985
42271
29566
98468
41510
25855
26482
42373
91239
34107
48065
3836
71235
84599
40085
73224
99691
71798
24881
59156
32675
47880
5419
45928
71353
85306
36669
36986
39199
20859
622
63630
76532
63138
13554
51483
7396
68433
59482
75261
60513
77582
96182
54668
77616
63040
52009
29689
36920
46732
86425
14113
80125
83716
99236
92983
79653
84696
16627
19826
40290
44220
50118
28199
19382
14439
55927
75266
77871
48012
26988
94900
30556
92708
18277
95731
3614
94331
94778
42392
23608
55826
63859
38152
62226
66809
11265
18165
40066
1931
91706
52668
29757
35776
90357
91921
27615
59831
95863
69124
56745
40966
72763
30902
34863
89782
63529
26058
70913
58965
69072
59000
80832
11961
97171
42904
37633
92024
17718
2832
81690
12421
89477
96870
6295
80647
88842
52475
84800
93844
97908
33082
63749
66589
61724
51154
42544
78089
78240
99536
21810
24558
57824
81490
74335
9150
25704
964
33236
56265
10299
61984
53895
91458
54200
37112
60557
34851
19455
25060
13704
79163
84136
68392
83972
43071
66277
98966
34654
33907
7000
73387
47303
61678
55069
44870
30424
56433
78744
456
18164
45649
44203
6412
4699
99761
9626
38255
29860
37387
66945
48483
25783
2118
66265
46630
76497
23460
55185
46197
92335
58124
47295
94462
67229
198
19834
51563
30029
36129
18013
76496
92007
22248
15362
75163
55836
25588
19864
53479
89787
27285
60059
44387
20505
14902
91192
65079
94528
22348
14964
90852
19875
86369
27704
88311
64272
4679
13372
2931
67019
61766
92429
54984
41269
91579
3144
19485
24466
81385
92786
68066
24452
88393
81949
66665
98451
35471
62110
93000
21129
84198
60220
14203
96740
60300
90050
69361
90013
33752
88345
69464
64245
74969
31997
37008
6935
29142
5449
96928
24273
81873
62611
33792
92477
12326
56925
93967
86417
4372
34661
722
91234
65171
23916
8495
69912
12249
91200
53984
42520
74400
76910
90919
24048
47656
73421
25083
4026
99041
142
52513
20348
54273
21934
13763
43913
59792
32043
83418
92031
70951
43071
31241
91461
27055
95318
89967
97652
8455
91525
94037
97031
52137
49706
70152
69783
72106
77378
79201
83035
6567
31344
40481
11503
27427
45792
98517
98618
63431
67105
95811
39018
22970
66284
22946
49024
99457
1867
57929
66771
54658
86287
4819
38565
94993
54921
9587
79014
71039
73429
93472
31146
29211
54563
79293
73707
82362
83452
84656
69045
80228
26904
97172
96538
74636
32734
36108
21320
77859
41623
59087
84878
39884
92063
6120
13015
16048
85858
41334
10067
70392
10671
48580
39589
22396
81200
34069
24253
15176
46552
19795
66868
36141
78671
56735
21147
4462
84972
448
74667
88608
38820
96763
51304
92073
59843
74724
60948
87785
90089
85326
18393
26438
8840
75834
26012
54037
49894
43233
88358
50171
58790
29972
41099
52984
37571
92094
64887
96456
23282
72741
57611
93401
52955
41433
18135
13291
4121
73573
33636
56149
19687
97178
16244
39668
42944
64665
64126
91248
93996
89736
42953
80813
98674
21788
74893
97009
61077
70334
40436
79911
50416
4931
83597
32620
31005
14844
82530
73670
82872
31257
11460
49273
16412
41417
66499
82917
93363
17309
57208
34129
82825
85896
60874
154
91292
88732
20358
88433
4683
65605
2466
96328
3936
29704
7557
58268
38871
62669
35062
26693
59957
59886
80148
82182
83802
68370
7747
64031
16489
84861
16105
2682
57784
69100
81940
29180
81251
2089
55602
15397
88740
18630
46819
5426
18058
35944
54506
83911
958
78383
55959
34559
85677
6705
40038
70780
98487
90939
26936
6873
5484
56236
42129
55800
69671
49059
41644
2699
45582
62212
70655
48441
58735
49677
27468
63462
19873
60966
16732
19341
64352
77489
2054
55186
25230
63993
68706
50243
64496
41282
69610
19647
95790
95814
71074
88144
59598
30478
72577
33814
36719
10043
7565
62249
51802
848
6880
83221
51328
36398
94450
73426
70378
16674
62293
37330
46515
22006
58398
73605
96304
16770
31902
26439
24849
46520
20462
3992
41439
17987
6835
6831
80406
36935
27571
67591
56022
3673
19746
13562
79100
39357
15650
16503
20865
62236
29486
73321
18257
69729
46415
52908
94863
4167
6576
63025
76975
87560
97704
76872
36020
35252
91241
93493
77607
2806
42923
54087
87891
95094
10177
94513
76650
41438
57202
4442
32850
32754
83284
4107
92719
17831
11971
93173
69086
59065
74371
68897
74264
62787
59466
2086
17369
34023
67808
65191
45100
9905
84422
22188
10637
12652
11999
46170
63464
35707
46081
10593
40813
29756
16960
37899
94128
88489
41310
57452
39894
30778
42930
85272
26548
69173
11752
46628
43678
70400
72120
5734
53126
46416
25719
32235
50615
30512
73400
40874
79832
49482
55195
97517
34567
51817
33363
70429
39570
45343
57746
58011
9673
39859
76706
45201
86871
72520
77272
62436
47365
27712
22685
21649
91382
33154
79899
29880
41771
4518
7574
6537
35135
10896
89034
70060
82326
34607
90911
63782
81385
15563
31373
61355
21307
10646
25877
14348
94347
80698
26425
16469
75966
31707
14975
57588
16586
9823
62627
22801
95275
91766
36158
79001
76992
74952
17553
66477
73746
34188
24046
13630
28215
99265
8345
33686
12124
89464
78708
90092
82279
94273
85842
82516
8428
76227
62456
11539
8276
84921
44311
68264
63307
34605
6840
58463
9324
93282
25465
51761
38186
23981
89369
67952
91175
39594
97249
16957
89627
75804
38718
89009
58843
10366
26924
13850
90700
90707
24030
32604
52767
70326
21732
56138
25105
81612
92062
38739
37354
79152
83587
75006
26460
51837
52646
76202
94922
58294
96998
28111
52874
76625
45903
27876
21949
62497
32076
94945
32925
37646
92050
39354
8189
5697
46362
88285
3285
79489
35627
90782
12970
19564
29755
90769
44217
58588
48678
66153
46818
7954
51941
42509
68559
75626
59625
51188
91482
62454
47993
34298
41592
97881
75972
59084
36230
40814
41382
17116
4285
80747
22049
24009
71793
29097
92078
96929
25101
21093
47505
63540
64157
66530
66385
31657
13850
45749
25368
33194
11693
37556
31490
95313
2733
37462
47938
88051
87977
79755
83714
33444
60501
32199
68998
52761
62836
55662
3341
5022
79323
30876
86546
57422
28625
99549
14334
68818
18176
88191
68590
3163
58711
57944
71511
23283
76754
47466
74718
93377
5110
43006
56086
99513
24334
94191
42106
80842
7703
17237
50513
24728
31183
10665
2980
43629
86792
13696
99889
15939
86776
88785
41668
68515
20883
37314
94186
88628
98876
30779
75503
93731
88563
66696
76208
66148
4000
84093
35085
60239
24201
99512
44357
49949
62739
61439
44575
96978
63314
99531
58382
66486
98499
91987
83907
7776
9549
94612
16593
96760
55740
65106
67150
14954
30342
74651
89224
34584
32322
9585
56833
78902
80593
63543
28502
63016
68457
68210
54118
200
4727
30019
97979
57695
79120
31287
47807
70417
1141
3094
96968
8837
4663
4804
15135
78476
10881
18510
17795
93016
96193
23334
75140
96401
99930
15335
6295
96188
76544
91114
38244
44637
34413
23245
68871
9889
4734
26794
87565
87815
85117
93241
64985
3340
25279
56396
44513
65428
53957
70118
91342
89460
67162
92388
9199
30219
52192
3592
58169
26963
94408
63433
72752
99317
20494
93537
86161
92502
33852
87903
67316
74484
9443
98090
63949
3543
67635
84070
87176
62848
15831
4934
55014
46336
63627
77330
56228
8877
11449
76036
45014
54467
19788
6861
406
33555
51449
57493
60294
30643
21323
83340
22289
36818
22534
79330
55025
89154
56547
96623
43848
32050
12445
37875
87604
51191
26165
99589
15928
34063
85949
81130
58008
42303
20781
72893
57996
58458
39729
14163
95945
34892
65194
24387
83661
40390
72778
19713
55147
72067
94816
96997
76230
20803
50565
79255
69585
68376
82604
18547
39273
36865
90654
71044
34111
1027
9629
38429
93740
12925
22678
61703
16634
97969
47541
81455
65730
92988
32559
99082
56631
8086
60407
37240
40520
8964
342
78637
604
18378
95964
92262
56857
53734
77589
74463
27790
99395
11883
73831
94443
79032
28354
22158
73260
56808
88871
21680
41755
39249
32034
34700
36391
18679
52814
31787
90116
77638
73235
37186
14080
23171
21505
17002
48078
85652
47179
35098
98990
61717
57524
23838
46636
35365
22186
37930
34722
80970
27496
34108
99698
72662
4300
15886
27904
41231
2859
62903
17909
50376
79480
20342
50334
25137
952
39810
55186
7589
40714
88856
61634
14865
93803
3823
99636
82810
60195
60151
24499
46000
15225
94032
4906
81066
46912
35603
87481
35695
36707
44561
56999
14929
29872
5129
66442
81662
25022
14237
44420
90038
34903
96341
51467
55413
60543
32651
97938
8323
23374
33499
59632
43749
44469
30257
94495
80229
79775
26489
23
91270
36992
16633
96737
54537
60210
98195
77399
70698
52986
3576
41251
75138
45519
88411
91212
63930
74731
4624
34736
97109
1387
5730
4326
82119
74793
89428
19619
4491
48428
75661
91816
58302
83653
99736
44128
79691
5057
28267
40034
98043
48637
9955
84
86131
85351
42870
12237
18453
5526
16231
96411
60501
31811
38093
4990
3927
95407
78950
43780
17142
45089
1863
33146
10486
18475
38179
79733
49651
8551
14743
80071
20621
87849
57678
77227
68813
15570
37625
35277
87604
6513
63624
71613
8001
5309
47858
69149
16212
63978
16654
49835
45498
38998
40052
74869
39384
71107
50108
4799
76759
20861
35717
95236
68601
27523
44217
73361
99194
88501
35719
60009
43888
45080
68195
32634
39921
38269
85335
44650
78236
74858
38644
6291
79940
65022
32907
82290
6741
33485
82767
50741
40652
97874
36660
52370
60318
32096
18847
94952
29037
83185
86472
17010
22423
81266
56106
1410
14815
92353
40422
80016
7170
95192
63992
4573
58608
89489
6397
19412
70586
98746
1380
56622
67116
89891
41508
66985
88031
21783
69095
72347
19675
4262
59581
28756
92958
49316
62113
94958
75787
82434
92785
86708
32264
96651
90326
84952
36646
52395
95721
84272
42558
75302
36994
94546
76268
53226
92295
15395
91459
37635
64939
76475
47765
38911
6854
18787
33107
34413
68646
81830
97719
10128
88758
93979
70660
37784
91200
51073
37057
95281
92320
56861
82709
3320
30965
47601
35124
29051
11408
52984
57783
9574
573
91850
30001
72040
84270
80695
22947
24387
67325
18305
10760
81131
71444
49407
21134
9159
57323
2768
58144
73132
22436
72504
36082
44933
4333
36939
3129
69826
18602
6311
88749
7904
36421
32567
84278
78707
30049
38465
27942
82938
28111
66182
54283
4662
79656
15608
59493
91782
64368
98700
96988
93592
49350
60806
65946
48670
91870
26702
41342
59021
59031
1377
85307
99307
9738
80423
18195
52139
32986
39248
29935
124
82840
36150
97095
91396
44031
41029
10758
38338
1532
75934
41107
71325
99372
59717
98842
43121
11030
52770
38095
60063
46262
2451
19346
78419
25965
78319
52903
71429
2363
84577
90456
96653
8032
89359
17954
61355
11945
49956
51167
72316
50346
32275
26727
921
70863
64803
42845
72151
51138
37526
46729
95223
34896
49662
29427
3802
41584
32867
15935
42405
83311
23961
90075
62542
95686
57931
35264
4301
62921
17374
21292
40919
63228
49440
56384
43952
69822
42965
86843
9875
16517
38629
56893
92864
37128
54480
34684
14442
11395
44046
5166
5112
16895
7536
75326
92786
1241
77157
78745
24287
7233
63856
11844
56969
92420
87646
42078
90369
70052
73151
33785
55047
32513
89425
86607
82666
18397
38220
90055
4101
49471
42346
5297
97370
4784
63883
80484
12474
14719
91054
87379
8069
62052
37526
15788
51608
69424
60075
70293
8633
18469
71038
5489
86288
15517
73249
35031
65426
95556
75657
49757
3149
48919
96650
96628
83623
70919
91054
24239
59393
37976
97109
73709
49390
77301
34704
12648
93850
55755
77149
50565
58575
99639
19510
88836
10371
55412
7297
76131
4805
40230
10002
4194
55468
58547
74695
2763
38530
38203
27585
979
93264
90130
50308
81241
37807
58899
43873
1295
41314
73529
36674
63
60671
95473
59207
9599
49854
51356
17857
81198
86490
31524
33930
32175
79656
19981
36727
18542
88005
92183
38310
54541
62044
34943
29519
37620
41007
8602
87753
86430
14172
57466
39266
1089
55299
23139
84033
76135
91322
35896
58254
50017
66124
25177
78003
95385
29023
14215
98350
95323
71410
71232
50936
88554
86203
93569
37942
83165
283
80500
19862
80667
3137
88037
87876
46193
91733
21276
72011
65940
15283
71076
29583
58168
38578
71696
9067
31658
93445
89708
9343
28060
98337
83299
33971
39604
93123
39619
79330
1479
49253
82204
4781
72121
61712
74848
7126
35090
10378
53577
92279
67754
25354
25193
85921
15450
62388
10134
10041
87832
81705
68098
33055
99237
57577
45406
39468
85819
18170
3176
62462
60876
68638
33147
13275
39611
32820
81480
35688
14945
93773
8771
26940
52125
74185
4033
30389
89025
44801
126
41971
16621
26676
59760
21018
19021
44861
25096
28091
57843
63302
88510
9948
4528
14240
99825
50739
8277
60533
3861
96001
18597
69058
69668
55686
70271
47440
51111
41318
13107
40756
66490
46198
87319
83040
29667
31083
78110
82754
4723
57746
29313
37169
87410
46055
66440
17755
19366
82914
42239
33030
22993
45584
2678
72417
60757
11246
87136
37009
25057
5210
36058
42333
29031
78133
89334
4081
1484
84084
36395
46605
51335
32246
21913
68164
7504
37067
45893
74682
86305
96673
82155
93148
10065
64859
12496
37218
93363
47457
54932
11216
27194
88361
61942
55909
24639
44452
59589
26566
32621
80728
90292
15860
62488
78399
96349
30727
39734
73669
6352
58141
46082
89223
71389
5717
82702
30806
2001
71328
97944
34743
91202
25710
72479
81422
90491
56280
18741
8668
46242
18677
73861
21850
28500
47027
76606
16677
76185
31481
19238
34148
32690
30832
78269
67749
7321
8879
56459
77611
42592
83361
36204
60757
49995
38770
30597
7642
6738
91586
31264
33106
38623
11562
23167
45114
1983
43699
8642
29856
47309
4149
72087
8130
7501
98818
49022
1979
37587
1273
49953
60481
2756
25443
31315
72760
67805
85941
78860
98691
24465
5087
56317
89650
27534
85369
216
4401
16487
15653
15235
44001
57374
99178
76379
25689
77780
33154
25143
20248
89019
33326
23700
38428
79873
50120
19047
88337
97519
61132
25573
52799
72076
79475
90524
35762
52706
10640
63061
25486
54732
92251
91556
91028
28111
72909
76017
61127
93733
44307
39714
5346
65622
42566
58525
77847
55718
4500
80113
88324
75256
23040
76546
24812
12284
21745
58113
44913
68099
99145
53335
53204
62841
47101
49010
14718
19209
71834
62562
23078
60283
99059
84373
10040
69237
24654
52269
88019
68618
14754
54670
1262
6462
40521
13534
88520
35297
49441
43544
61424
64347
75333
43182
26072
75419
40228
59401
99765
60409
72548
51493
42918
52925
17667
27325
8022
53928
81651
84599
42073
81953
40877
64240
53177
77417
69591
36454
9797
35061
37910
69395
75508
61468
46408
66960
42280
44858
19303
76476
30138
70317
91124
17422
40010
26458
22533
66453
3837
76925
77198
64693
25840
57167
26011
83030
60338
24825
32819
75261
5466
65473
44151
87301
50040
49307
53163
89054
38432
71518
73444
73830
45409
72037
14100
86898
13452
35033
12161
23426
64304
85654
64918
77746
84635
3246
36055
18971
94738
62644
37237
32375
99414
93783
9711
96772
71260
21855
36808
44050
76322
84424
82361
89924
68722
94251
60325
99458
5847
70876
19977
48244
1883
30173
59048
11960
4742
6760
54833
61310
24268
43802
63551
13619
39929
30141
90053
27723
31377
65606
48774
66133
73638
68450
54403
73857
14975
29333
51471
39375
5078
36341
7270
17477
90388
39452
78871
19742
74258
6077
44020
446
97037
35873
48095
25678
28703
35173
80754
86738
8872
25062
48134
58150
26293
71927
10789
36635
31743
20315
40444
36808
18140
31540
20442
97153
70106
80132
15197
5503
87707
91569
37350
44790
30495
51288
17942
18404
69963
57129
14539
61454
8983
49708
13644
38575
74488
39881
72745
23252
94431
23838
19494
42195
91843
88943
34079
78862
4754
86872
40352
46027
41966
4103
50079
13545
60470
10600
31045
48338
22866
74809
30547
14713
52661
52689
92985
93337
57870
89004
18684
59689
82907
88504
61521
76229
8339
53754
50102
22560
22991
73598
19729
50775
51048
13702
90605
21996
73502
98501
99547
19485
67240
99398
99787
78945
27328
86904
90934
91461
20448
36543
84276
79174
55834
9752
97496
84288
14337
37099
59018
18211
96218
68405
80970
51732
78990
70157
93544
30480
65633
6769
42387
17926
25484
98964
27133
81833
92437
41756
74093
68380
79610
98865
85403
54800
77484
93713
7676
24321
6674
29294
7504
84984
9637
19565
52447
64258
28745
76896
55034
21457
7654
15978
36623
92963
96878
179
61563
65616
2925
36851
30432
51438
67558
84333
80183
43892
38026
19217
63533
25090
21757
91783
79071
62749
80538
44850
68953
42887
74987
44449
20712
93596
2684
61691
53861
11999
57112
53298
12780
58260
47940
29346
61745
75331
45369
96315
18141
89248
48596
29363
16352
75263
48302
44043
39848
13021
6350
98853
2992
36939
75038
62099
44288
91250
6323
69012
4832
95971
52233
32254
57883
32913
60000
50988
19380
41819
708
14484
78699
45677
58207
30976
55490
27215
62146
2977
98076
95749
53675
74501
71719
80775
85222
70442
33934
41738
35476
86962
75518
34
45051
73261
62015
19696
45228
9137
87721
22591
66701
82931
90407
46678
67767
26779
11642
32305
44269
95155
22355
91921
81391
48198
51550
50476
40651
89681
85350
82192
15648
43697
42605
10516
68592
39344
29120
56506
74806
97491
59123
46858
83973
18695
94108
57479
31706
94986
84110
15982
37206
68083
18008
90650
40115
12262
2289
22313
84203
55346
13423
7576
79947
89711
79113
98599
83112
53893
46711
55900
94595
40539
69051
86866
80494
73225
29121
7408
63258
3523
44820
5549
43111
66428
88087
99401
86712
61392
5530
75869
4938
5231
11811
45365
14588
227
13183
80190
28362
18591
75589
37450
28283
32005
67780
72713
33072
11992
4793
41947
1611
79150
73542
65492
84403
90448
78877
61700
45038
43147
73859
71620
72532
61586
85229
71987
51806
24060
59586
12203
94270
92486
92617
29462
5408
15813
26407
14454
47261
4432
41407
75991
60543
69128
44568
73189
37275
6936
34349
24637
65228
99743
3792
99267
44283
66183
95734
55238
88020
29845
54075
49698
84609
8655
31764
84838
12318
22454
14783
16001
56635
91494
96416
50672
77158
12613
31101
80941
9156
53761
16037
98597
93185
91007
50443
56603
57611
13562
87801
37030
32212
24556
51038
5485
14619
11619
31467
27094
68224
33455
84887
90923
36294
31309
17848
5658
22522
62363
56667
93037
75855
22520
76862
99379
51895
46808
74534
23485
15132
85105
84172
90195
81915
59422
94466
51377
53440
38622
47765
27332
69330
48522
70002
79925
91734
32449
46749
21647
25790
4500
85097
41267
24066
58308
15250
93806
38118
86873
80586
84365
95462
63282
67558
12534
28133
4455
43147
9479
3508
76349
97567
30623
8821
92742
71840
20087
77442
48496
48021
80733
96736
87888
11621
64959
21125
16489
74128
60141
57533
45666
22725
27526
52518
94318
62390
45296
36806
9296
61073
35673
45693
65103
37066
507
71110
70962
44069
24515
94072
12012
77518
22876
12101
97068
51535
56587
16426
4576
67686
73666
57339
46822
22752
62736
3060
28840
29981
29158
1555
83291
67902
6715
32239
25687
20119
74608
30062
1377
88209
8676
41656
53742
52399
4709
2015
2338
59147
95197
75704
58713
28145
78285
81596
77373
78520
5189
4916
12253
44156
16196
54969
34614
89829
56315
92259
92759
85501
37649
47658
27845
83963
57828
40903
87623
42320
75591
4134
49549
94568
57796
81019
79652
59015
31127
99840
10472
78082
55134
79241
83116
3783
10926
98124
67921
18677
87960
91390
11529
26352
91797
7805
4246
64801
97091
43036
51850
72076
36109
3990
52928
35845
31820
3741
37390
3039
24991
99267
66085
15618
10891
73830
76478
15386
86799
81168
34209
60139
14398
945
30112
96867
32185
79610
37216
71112
501
73369
59900
54489
29013
96754
29174
4439
49293
58922
82512
85890
43264
65975
46634
13503
14658
71728
44745
18831
43830
79730
39682
74397
33229
17773
70835
98740
81020
91000
15115
86363
72081
48670
74747
70169
52976
65290
8828
33146
24170
61529
19017
17368
23547
24477
77680
21966
74139
93199
86366
16116
82789
50244
11701
23491
96174
76811
95415
86030
23779
15722
9674
55068
17507
85697
25022
35876
41292
88933
38101
79456
92191
42752
75456
45576
43123
7351
59978
87495
46966
990
313
36770
53786
67014
13985
91022
57577
89569
60638
67387
25241
29623
80694
1617
18793
46771
76999
97441
24495
92921
34585
21601
86637
10959
44137
37230
29176
38652
67147
37121
18805
43227
5765
53091
75662
41348
34321
26107
80556
43221
14800
12316
30357
42790
37160
70391
10917
17446
23814
511
69460
82420
41538
63014
63477
79079
94502
83531
44738
25833
96579
5384
48320
42247
8781
43533
27809
49616
61501
44458
46889
40185
93471
33913
42060
16694
49770
61223
62278
28205
7827
71326
91757
54019
44954
50057
41857
90497
20366
51476
51927
13593
63206
65403
41324
35005
83466
85567
89626
76012
34093
66910
7383
30612
91074
86851
43255
40009
50835
69851
73025
42729
57476
52473
53905
74709
4906
3898
90718
81193
64801
10879
63978
23445
98175
85551
84214
47636
66780
86075
40345
67608
75265
31400
85879
45134
68081
32495
51806
1449
4713
21205
27490
93963
88917
99324
96298
3096
19194
80999
38149
40185
3312
22787
37329
11051
82500
2275
53761
98260
53702
68120
98784
95564
86280
55061
61057
53131
39893
24010
72686
7718
69531
32885
84729
30906
61724
33407
65670
76779
18792
693
20228
95493
6319
36029
48072
76573
11071
84392
61367
92427
2740
17065
41532
56307
14213
37745
88686
72856
52987
69648
97542
33903
75747
70319
38427
46461
47762
62390
38334
93779
3049
54107
57625
46422
49189
32795
10011
11482
54670
39693
15830
87186
66757
50978
60449
44892
75077
96688
52909
64697
6397
57374
10777
7563
12932
93274
94967
21678
52383
23950
65409
66776
23648
53228
1745
99506
90836
82201
72102
41767
17039
44262
83278
42836
91316
44680
54364
12014
52075
96433
57778
5471
58792
198
69789
91782
5202
41305
36364
62897
17134
8773
42482
62133
44162
85005
58943
40123
98796
72329
78669
15470
77084
17752
66642
11149
44098
3253
42211
11618
55987
84747
62791
20226
70484
5004
37667
9002
82248
73330
53990
78749
98930
29063
85373
63056
9351
82390
340
38153
51467
13355
1102
86351
29264
96855
83289
46922
71147
46288
49943
62131
10287
3803
85649
37294
65582
8890
4998
71664
16391
86130
15840
52003
63146
4975
33493
44733
31314
3371
92081
77537
71148
99273
5166
89041
71611
47871
4885
68063
51805
34391
56596
36706
57593
40793
25523
39422
56167
1469
31110
48591
48587
58360
63257
49523
40875
81465
12025
12466
37567
94926
50855
51847
65692
18319
65507
11658
38075
56718
27771
13074
85269
24886
17060
34324
28799
71866
78730
5412
28554
42992
53197
92563
83916
99412
5007
3717
87927
8366
11748
38942
23096
91436
6745
81734
74740
5738
26873
14905
66112
98625
99643
28976
71748
10078
75793
6306
25324
96380
46091
59351
45741
12316
72054
93078
64269
84171
65527
73581
81603
43289
89727
6685
28487
71005
96704
11263
34324
57724
72969
94036
77334
99223
72544
48107
31461
24126
42018
1320
36955
53313
53460
68581
10871
87200
62192
38008
39286
71693
81022
86675
36039
62180
39562
55459
85024
98599
71195
59732
12769
65678
68887
52091
53811
52442
33258
76273
97388
27850
47115
61039
60764
73506
76781
59170
74965
96613
10969
43306
85056
4424
45045
25015
62969
43807
91202
95000
46150
84790
84549
85058
32624
80890
81257
46596
12223
54149
10979
36091
78016
40379
68461
21834
11674
37192
66634
79345
1479
77095
38892
68850
31201
117
96349
12969
66595
31336
55471
66990
64437
86977
17073
92764
4561
32357
41081
42807
54047
96318
71581
1194
57504
82007
77036
93526
2608
61609
53128
44918
65407
6106
98980
27684
15448
73188
36158
48226
66471
51601
74930
79110
7667
97514
21854
75043
85011
73938
9480
12646
90731
62256
1625
2099
11507
13402
65548
74792
76110
23866
85189
10993
72451
97630
68383
34316
53542
90466
206
45749
74982
14277
3094
63869
75743
87857
45713
5660
29538
66823
66022
50382
43586
60614
31808
88110
77020
48347
85228
74415
75863
62474
50604
53219
54007
95445
75251
22907
87605
23891
85607
85414
19849
83809
26319
79600
56894
69844
23942
61647
15527
12309
56890
43723
42628
72229
52111
90681
51774
85535
70396
14813
44390
67988
10140
16534
62873
34952
57513
26320
48658
80173
20699
81218
98687
74647
33215
66932
34315
66509
51590
22904
28198
42468
84460
88158
86466
67197
81014
56272
41696
92075
96458
25127
51316
91789
96843
62100
27017
91253
14365
79681
99191
99174
42447
7854
29692
65735
77686
47994
84802
23905
25546
22399
46050
66607
77883
50456
99592
24424
68197
72343
62037
57408
69092
39278
9360
32277
27097
17739
17251
68002
96098
63417
53618
76893
1667
2450
85709
31483
53244
99091
86638
84394
42545
11485
26214
59470
73370
63101
82256
31604
60948
46648
34465
74068
77734
64518
33967
54201
92076
17858
42141
85035
39924
9157
96437
97139
40592
35944
58072
83995
32669
46950
7288
6637
17978
11632
47986
87680
96970
84645
37621
39173
62302
42794
33199
86365
55411
107
9166
97023
97711
33131
24390
47002
6568
85560
22838
35956
22565
52992
30772
55251
43351
74067
63410
50708
55713
76696
3190
81449
61864
5135
84265
34041
83616
54462
90478
15923
63754
17348
64858
18656
29865
65145
16346
32359
99158
11735
16836
71885
54416
86469
61087
18046
96965
34162
35770
73848
53864
29518
44919
62319
76184
47986
57733
38119
75842
65053
24161
34578
23646
55238
29572
91340
10955
12767
85616
29309
27962
85365
90674
43566
86094
77022
61987
15709
94819
334
89764
22764
38959
57182
79016
16369
2565
76983
87610
15537
48830
70190
35012
19386
13282
92438
24461
91354
41608
95706
67183
96719
48356
42425
68879
94342
43097
39138
30595
68790
34238
40850
94135
3179
32579
41550
45388
94100
7246
53678
33887
36300
90009
1616
24186
90038
51818
85567
79677
72030
35401
71078
58058
71877
36680
12519
92353
42404
21585
99370
8295
94879
16808
64292
94131
73183
57042
43170
62739
59988
45200
74519
41331
59865
47966
35697
18460
54544
90159
15737
21966
11000
83576
82589
6038
46889
13886
34557
18940
43187
8443
64836
78815
16799
86578
20298
55442
12459
49834
86466
97258
11797
75156
89835
91921
85613
90601
55738
2587
10341
20500
61745
36178
16865
89292
29881
96423
78512
46610
30773
91772
76281
26788
7416
71495
32284
23086
31785
65625
23514
6984
74210
94819
78421
42978
24399
29138
15815
68805
22621
80253
66839
51350
37442
67880
91933
71047
17534
48522
87917
56750
48207
23703
66084
88300
43548
23866
29992
51656
80938
76781
1716
85794
63801
77410
75619
23339
57360
12027
95838
79898
70124
950
30370
63912
99201
90452
46952
80158
13175
33888
19511
31442
8576
86182
75567
67116
44887
60058
19556
81835
82720
71795
53845
19060
94168
7782
90521
32768
20116
48443
72772
28162
77218
79854
72621
90261
13422
30692
49887
13222
19376
23230
16027
67444
22414
55383
81178
28533
43242
51197
28817
75167
87730
17792
12769
44034
68103
44162
57143
34770
53139
80781
72975
83377
53082
35532
82552
6171
9782
33201
3266
98053
72316
83626
32544
88888
87348
54056
92621
57672
25077
46211
85236
34059
71349
82306
51956
18684
27927
61233
4534
27764
19794
80539
43523
48028
56132
11787
59545
70926
72200
91012
12943
69435
64671
27458
37368
49521
88450
44869
93205
63170
53990
83773
99938
55857
57693
64232
67507
48109
92972
29497
65434
1594
63332
71233
10577
92548
16315
49364
6290
55882
91727
95277
33011
2831
90515
58131
40929
59730
90987
41481
35229
41129
47056
97123
69492
9351
15737
81632
37034
4587
51185
74275
46050
71042
11137
23376
29318
22392
13128
10325
74928
44230
77086
80669
53200
92251
89481
58172
44647
59258
63718
89554
91924
98173
96539
55327
27173
67395
76614
9630
32522
34352
83060
53370
21742
67042
75793
78800
90187
8414
40486
41099
82977
69866
32211
36333
48465
1406
74787
96183
17494
86521
72903
40352
23320
36896
20058
52922
12269
66366
52784
99465
75902
43568
30867
78034
79226
34416
44521
84355
79040
98189
25912
11559
94813
86949
55529
48999
58903
56094
37586
18170
45773
97523
62401
1913
50825
5320
26202
62223
48170
42695
64655
89484
36834
31872
63871
12351
44317
86061
60455
3132
69243
35501
69522
26021
57261
88130
10403
29333
14759
60297
97965
42862
1562
8423
19959
6103
61553
20868
32407
75135
36189
70323
6462
12078
4910
25568
90185
79276
84378
95260
16295
26527
54325
78529
63517
89104
67195
92927
9831
40639
67302
83642
30280
14518
7331
5565
85622
42826
86617
36237
48485
3176
4132
33561
21737
70932
64582
25453
32210
42623
85927
38779
66753
73365
52253
72205
34882
56753
26582
58856
87954
18906
69359
35207
49293
50160
60951
51464
88592
9013
73237
42888
75621
1544
31054
71695
35841
73069
24992
98315
36091
2928
95976
36876
87265
7602
77110
52187
12604
72341
16711
35390
92870
27511
23267
99587
47864
87202
49426
16246
55158
45877
66007
24702
45804
87275
56884
75275
37878
92611
30034
11310
6648
11815
89253
8604
65489
82076
43551
34865
50514
39042
66619
51119
88237
57024
971
90832
17466
67385
29501
97144
73438
53259
30354
33472
78949
70512
90882
69981
97770
62154
32519
74245
23179
82349
41372
24667
98641
81666
51550
44418
32919
53677
79080
55816
66314
38202
75852
59177
27311
68707
29045
58118
19292
27954
80180
82071
86433
82975
36641
67315
86205
92895
98367
80856
12867
19179
60761
7758
22170
19472
73307
65574
42120
25146
73385
86714
86787
4343
3696
56460
16711
74435
78386
75377
85018
33476
25193
36377
75872
55491
95646
53604
74700
65592
65977
72847
95817
67631
70750
66894
10455
34564
78522
63839
67687
37557
51872
31397
88583
68766
53196
48158
79532
76565
99926
30577
38233
66772
53788
30951
72718
6868
55517
93603
74695
28051
35781
69244
73885
99945
88679
68316
38164
91864
50122
18278
33388
74731
63537
24890
53733
15548
63331
67974
54295
26155
86162
39887
21201
24724
13905
70833
35451
64389
90903
85096
23278
51653
864
79108
90218
86713
57484
26431
98268
27551
43637
87903
18408
11692
86797
99422
82901
51938
90947
9574
37579
67276
46168
72404
53229
19059
15293
10834
62064
80513
35867
89978
93725
56910
72460
43834
77956
5287
64732
9789
77014
63812
60868
95809
23959
71992
26848
49240
79995
48993
33798
83871
66303
83118
23160
91609
16785
59009
970
34525
45153
1194
35448
83904
29113
42245
22898
50292
52216
92114
76610
80665
81441
41044
51955
49468
54896
66371
88446
53710
19448
14982
17866
11435
17906
81341
44336
39751
79502
12612
84633
20884
82346
25553
89240
89297
42704
99839
73301
36017
51755
85124
87224
79211
96176
19047
52462
35887
72868
19706
71311
43233
37936
89142
98347
52352
85370
37411
80313
11952
68011
26525
57903
54658
56814
3762
79824
82069
87295
53723
84694
1658
42365
62516
5599
44510
75655
82737
65849
25526
70191
84652
23338
34277
61593
22479
37979
79151
24155
12458
55602
65036
92183
13536
80918
7504
69685
45985
50798
92522
63115
9485
68760
45949
25624
22949
10028
88696
48239
88116
295
4498
50601
54984
57005
16442
98416
15523
34319
3774
73750
22510
5308
40114
39039
92632
33977
98381
10413
54689
34400
79219
61215
12021
32209
16746
41463
71848
81109
94388
94441
27877
47728
45940
97595
98083
33935
46750
40308
90802
31109
25833
25135
17063
6773
74361
86664
24635
73921
84529
46349
15930
14584
51624
25613
31895
78423
76108
98558
31113
77546
48701
33000
86839
62458
13152
58766
80764
89491
10391
34004
83745
66349
49005
7936
59319
36496
59616
11750
9873
54396
30483
10529
98488
14201
83650
432
11980
52297
38127
8595
88075
3211
66776
5058
77593
55230
20587
84288
3107
38279
39081
72660
23889
39600
95294
59861
90853
49478
16257
30444
18808
59825
30334
86658
89643
92819
33967
50483
23598
92009
64198
85889
12262
15685
97435
65369
7998
68083
99952
8495
53300
36250
39609
97803
83093
56088
27611
19633
21196
5927
72714
86295
95675
23953
56986
60813
42106
72361
99066
6339
92211
83039
17177
53777
96756
92495
4189
90501
46734
6176
55152
44793
3678
15389
46495
27629
30959
91514
48152
74200
23329
85723
33766
23651
46865
37957
80750
35257
84594
84677
31139
75350
52615
52188
19164
82685
74206
90094
72264
39824
20933
57756
63096
8516
24237
74443
198
55795
84125
72590
281
16951
91741
7151
84373
65063
25087
55743
46193
34754
13030
68150
80337
16608
15269
83695
12673
88797
33297
91404
88117
64715
10485
51328
83529
74628
56052
7956
31383
21172
28914
81688
87146
42646
83495
4049
71816
93089
64443
86195
83316
17752
46441
51604
90432
72540
75251
88527
9127
58735
42349
95105
20318
27126
41056
52996
71993
61887
74835
64241
87776
3303
56012
53175
83973
86833
53091
70592
20167
72198
74961
30802
74688
14223
87421
2220
86610
31401
22029
86700
94394
18737
1660
71909
4877
24527
66212
13173
16524
63062
74753
69579
25894
13343
47962
62828
14839
54573
64978
93693
31402
6360
57151
22561
17804
85933
15955
26048
19451
67891
70686
7468
72559
54066
29437
45754
828
65652
50051
25925
91003
55304
2304
91705
39734
75127
63343
1372
82181
51956
62382
9485
28900
22976
30746
56817
83125
51914
93705
69221
56536
1022
13758
2263
7729
80289
63352
46787
64390
2069
11223
96517
68906
45099
29368
41014
57019
32505
70110
7689
78198
99323
1566
72988
7838
15607
60098
67181
16472
95560
1844
1337
68411
91107
21297
37281
57140
44515
35407
28878
26313
65979
95057
75604
49892
71336
86989
64366
98808
48184
26070
30955
76187
19838
35176
15343
4976
26984
99463
38290
11531
4761
9152
73006
59930
6348
13026
14633
10508
99605
26251
36159
91714
88034
32279
32130
89796
97381
52883
53525
82130
37336
9626
46700
50733
68207
15401
36575
40321
12546
60557
30661
58071
99277
70307
14021
87157
42290
38469
87074
97331
10622
68325
55342
33587
32795
22978
96853
62394
23742
23087
75335
68659
46389
64019
62165
31967
21996
21284
33868
39788
59046
86353
86710
78735
21844
69276
89555
64484
41384
45746
11200
80121
64604
68193
47314
94007
13679
10169
5431
95799
32239
53456
9729
45472
41602
93137
96218
80450
42791
75243
12059
34989
64960
81748
78811
81067
27637
83617
30472
94658
91685
34957
40998
55580
70318
4558
75693
58523
14880
21499
79898
86670
10530
56957
93910
72534
86884
81290
725
41753
60759
86353
96923
67388
46253
87389
92751
52913
67463
94793
98619
86141
32292
94937
29628
83169
49110
33610
74267
77672
30395
13207
23264
4792
30030
77647
4255
96184
48549
14783
85073
17052
33608
2182
43248
78975
89432
70988
33675
42419
40075
23327
66851
50178
24793
94757
59383
8820
96442
89459
19968
38455
51016
25617
50126
42021
70919
25596
27129
58578
87046
54284
38562
35011
23405
66
50912
25871
52217
47279
86951
81799
42048
64547
69048
84075
59178
73216
33715
48869
37833
96416
95438
66931
12075
68938
75601
8541
66266
50782
1357
36656
49669
47878
17528
25433
53637
21812
82241
23766
20395
832
88503
56455
77379
50628
83366
23064
23013
88515
84228
48466
19436
34224
83596
34120
2056
73343
42565
82540
60515
15800
53277
94596
27398
46617
28019
36768
69180
53176
88065
60810
9199
75432
1436
93588
28322
53981
94638
32451
2160
62536
88595
66128
93039
38644
80977
72856
38187
13792
98771
92489
33895
8673
63124
50872
5111
88097
57747
97586
48740
87688
60290
63104
95156
35120
358
71658
31508
3566
11826
37616
14322
76611
17607
19458
98641
82024
97892
30118
44643
25125
11421
37258
51229
37628
33565
73623
82959
12136
41862
5366
40792
1035
87265
23011
97323
17622
7191
69239
81207
11250
87817
721
40285
53006
29709
13112
4792
10320
19636
37600
18778
74173
14284
571
85977
87677
1616
47330
81422
86476
80795
88700
6488
46692
55869
40919
65298
72157
28150
10266
40536
20783
23789
58080
25984
24523
42079
86100
76055
98262
74487
97662
45287
40833
46676
51869
47249
95229
49305
10498
55425
86388
37621
91634
29162
75219
68195
17286
35342
70918
22739
10599
39331
87407
80198
68050
95203
33875
16736
331
34471
64231
43442
10010
99095
51485
6326
28921
53810
87419
67040
96574
50122
4522
22912
43393
39617
3067
96501
4905
88072
87595
30404
66272
61933
38479
42565
86076
40420
95162
33978
46568
15820
3933
76233
74843
74341
59814
85082
78910
21723
44668
42649
65236
18249
27479
42118
86273
81543
34223
99563
75069
30965
73782
36892
67671
33620
75808
55910
19387
51968
82488
15992
94215
31041
519
80036
92420
66843
23783
24715
54701
34304
64504
95540
42087
37639
83098
71540
26566
63357
84702
7076
73580
16127
48821
85428
47674
62746
24067
86864
6755
30559
429
70102
27851
12793
14230
79931
74478
42028
9112
67790
23746
57272
92153
52009
63470
14216
96951
67167
74429
70665
80687
8605
54119
22429
50383
81600
46759
10073
36168
83151
5280
69882
81220
79790
8543
9938
67803
89568
81102
3596
20617
4487
51535
60648
55460
75905
45326
72748
45203
47711
67712
21778
99029
13797
32265
48553
45292
47787
4190
76142
38335
54151
13259
75414
72522
62552
91687
12545
15688
87261
53404
99960
28117
79303
90227
91472
75354
81514
72069
22223
79718
55420
14436
99129
47245
80757
49979
2104
61272
663
38782
56992
62745
73698
80456
18955
65053
30966
48094
48658
25618
58442
6256
21462
54232
6478
32638
88693
52112
36312
64272
75578
33315
58722
78148
19473
54419
27543
70911
94829
69816
97164
25627
13100
93502
66409
75593
30368
69829
46097
63931
32706
39257
89658
53724
33227
78878
99449
92336
56409
57191
78676
17434
69425
3898
560
73312
72285
84990
94533
20073
68777
75353
58683
20815
85630
24389
51858
79006
34163
22432
36333
22052
67111
83483
318
55854
73544
74947
48601
79989
37823
10398
38901
88639
6002
55786
84321
82194
92271
19655
50072
49314
33011
36286
86391
63432
22316
49748
18387
17034
6232
137
66819
16722
31670
89367
28320
84916
31559
49833
16164
58136
5853
39878
89371
57382
45835
15154
58224
81998
14085
98481
78427
78727
62191
73751
56738
64350
84905
61429
63927
74218
23181
79340
92496
48154
27161
61336
80238
72738
68903
66974
91775
18767
89695
37278
18319
80857
68186
15700
857
16221
33624
71270
61698
63794
59947
61309
6388
95637
6789
34795
77303
42815
14884
566
40994
74109
10116
8671
84091
60717
27396
45607
22785
35067
87645
76225
40215
5009
97143
55963
97955
49310
16997
45454
32585
42212
16592
28648
28500
24996
29770
8762
22062
89736
38019
61092
19147
39263
8582
61539
10320
21537
75484
44580
37689
46437
46124
53590
47608
12641
5587
87221
83645
37928
45689
67141
91028
50618
37536
1957
59064
77474
35174
24085
93554
15749
89307
95436
73074
43591
69257
66043
60648
21726
88569
45100
58208
66515
36397
88570
80377
21994
79288
37463
52778
98665
76842
94836
26617
37395
53182
12623
92669
41864
69581
12695
78134
31951
37973
29190
7722
59610
50165
33847
65072
75250
16125
81226
24474
71481
27763
44501
98290
81911
91625
50716
25945
30315
49844
88749
32114
14098
58740
52738
42203
34167
86386
12948
68228
7714
7832
26396
98971
54220
37865
20565
21799
78875
54287
1753
30709
1122
64022
40050
88687
4980
89127
81231
92195
23441
98562
71889
93611
15311
28485
96398
25850
15363
79449
37711
82390
61610
5956
23920
32008
90676
50683
29339
96010
74283
8910
84293
83992
96855
66885
41480
68677
35356
97594
56084
93904
9082
72250
76100
82042
7766
57084
58967
71012
98299
74888
28733
43428
87907
66999
42128
19781
87490
22017
30355
62638
38038
83225
92868
47162
4679
25138
32021
37434
18079
38105
66003
13567
76336
78046
26432
28819
86007
29182
20777
86484
62600
3322
64758
94013
64637
83029
45037
80234
38003
553
75785
42840
17976
85142
58596
11870
25327
45823
28653
58907
52030
20973
78381
4943
70338
67862
67163
99313
21259
17306
84630
44204
23552
73311
8322
4054
20810
61901
44494
63404
68125
17921
51171
81434
45894
81475
20613
58393
38244
59835
67601
7323
28842
34684
94858
90106
47116
78055
73084
27372
47827
250
21193
95899
1084
82546
27643
39612
52372
79911
15564
64686
67296
30697
24368
69735
7985
3437
23704
6215
61134
29976
91632
99159
21161
38211
15163
79014
65035
95248
6395
57654
92699
76769
83766
79840
24688
41573
9934
76829
13053
96688
59267
40187
11472
41190
85315
69577
61562
38802
50626
17111
32558
45352
16790
56717
75079
75120
95399
93355
19505
36754
32496
82970
10286
56732
40956
73604
33484
59293
51763
40897
96756
49046
93332
96168
24807
64882
3278
384
11681
30074
57296
94609
5415
3558
17232
17107
80985
90360
1087
69658
75112
90294
83697
10682
47817
69341
72052
55154
7539
71922
38452
45344
12327
38234
19880
76869
59340
39211
76646
66803
36529
122
6211
77979
60646
42479
66633
95343
65122
40276
36049
72122
72510
84698
89563
44196
91768
6755
48858
46576
12405
59662
75397
50147
25931
22980
49268
26085
72731
9679
4477
36827
80545
20077
42552
94906
4196
79224
2158
36084
15458
47765
43525
24286
88448
4660
28880
52344
1820
12432
60884
52505
73185
85952
69435
69422
51072
26850
24073
83540
91064
3065
61825
78980
32798
57451
98439
6556
30214
90113
9870
56194
79266
29511
92610
10980
75247
33223
49842
15821
16552
93566
79125
17695
17904
5351
30569
11648
29044
99607
42164
37104
6149
43871
50055
55747
18177
49600
45041
42368
10378
3768
88440
93078
13606
45779
62406
84906
99302
2585
67667
90337
87242
66679
84871
14716
60233
47683
39490
15814
3401
87876
57237
92711
40391
72336
22551
61760
20322
41873
44190
29162
5923
4561
67803
69464
18298
47353
63239
39710
10718
13235
17871
9411
9579
11619
29590
81490
28792
25299
2468
24508
76649
15496
64097
48857
3158
79241
5708
74972
76739
40548
83042
33321
95114
45698
12247
93054
11077
39239
75019
92970
94783
33046
42569
96584
50477
52115
6043
79851
86392
33491
56480
66657
37760
46669
83543
41709
2877
45212
12810
45088
64338
43113
66031
56093
11503
543
41134
6641
81590
38849
59052
7345
39093
79554
59352
55296
888
82231
66335
86452
46213
44966
92849
35990
82525
55126
249
94912
86890
36785
90132
20951
72692
52021
27013
21911
41080
36125
78778
72242
35759
32847
61868
81152
32789
55786
3836
36846
72530
14165
72813
86302
37957
8045
21856
4673
98586
37172
97313
69231
25451
96407
81324
64182
37415
20769
81900
62213
52842
42205
77465
84079
67996
32660
8560
99101
57654
28461
71521
68257
47394
34900
63007
97420
44715
36206
30973
94680
73491
97053
25030
70172
57917
11470
97684
55557
87206
89212
45355
47438
12739
58019
94332
81339
48804
48125
88170
54663
6906
88428
77644
96713
5272
72708
75867
66037
89131
41871
52351
64202
59028
84915
86709
17059
23191
57139
36437
65489
96694
36989
85830
63044
20198
87536
91953
50053
45984
45340
85828
15609
6361
68595
74108
54264
52392
35023
49936
45206
23662
641
82287
84589
36064
62957
7363
38998
16818
25230
51966
87358
35305
88437
65535
56806
26995
85099
47154
6713
76628
12
48184
31958
60436
56042
19034
4239
81864
27606
15231
67943
35177
44416
7220
11084
58318
16913
98253
54528
13112
1799
14129
99993
60093
45643
50609
10121
64723
40188
84805
52906
43502
19922
23450
84651
28234
24550
19381
16567
15889
84002
27415
30002
34852
6632
73067
96891
58547
55233
32733
68678
77698
95790
53286
32773
60573
5052
81534
96675
77472
31181
27774
58132
21853
33991
44677
73728
97369
19552
19702
95426
97673
65665
62391
62170
58997
71609
2599
93756
10697
24059
12482
84175
91174
2552
50801
8505
74772
63298
88126
11263
44227
27462
48922
56121
8798
5401
44321
32845
44787
15710
33680
1395
66916
36058
13604
19770
62444
65131
45437
33412
214
4821
80956
10103
87823
48639
85085
42049
79343
62047
84789
8775
98434
8355
29763
36311
38181
26059
94093
39569
77781
32078
15904
47961
22849
65974
55151
7335
99182
67988
77451
9344
12634
80798
24878
64271
76910
66836
60418
53596
91425
63554
71624
46154
6533
81935
93229
82985
8820
17200
66501
43486
16187
26843
75426
82035
36066
69570
5439
14189
46622
40284
78228
54601
79534
24677
86573
53064
25437
30548
46010
61814
36407
4851
50606
56179
61012
2850
29149
50690
70576
17580
67533
63546
46130
2529
46988
28730
6279
95692
10036
95134
12788
43673
87604
93548
97952
10222
15719
96321
92228
75331
80081
35936
30894
96053
76912
31113
1508
91693
8330
91384
51792
72002
66138
48359
60689
19459
49795
69955
20426
33984
10589
38720
79403
26796
6644
49785
20472
45192
47531
56993
98989
94578
89590
53747
40653
33901
41039
88458
4577
94148
54675
75686
61406
4881
41145
80462
10658
80633
41307
59893
13502
4349
25303
84712
55723
4367
65315
82786
69014
95735
46826
5598
21769
11213
9871
49806
94386
74238
75783
44367
81952
79309
22080
53536
85272
23563
4739
50042
30841
17995
87031
62378
5060
93380
92681
52950
8602
24885
43406
56103
70132
41688
4361
36778
39341
62144
21980
74601
39355
82376
82519
66387
59280
92924
77789
3795
48223
81759
56803
87692
19984
84869
77676
54831
97763
40088
9761
44172
43058
6898
70335
15092
16501
68575
48725
94829
87847
22073
14672
76096
46678
53402
44273
37110
94339
49254
60654
2776
94969
16187
64288
55278
78119
90679
10279
7291
43013
90106
36238
78572
86518
79224
1562
53836
45462
41718
18882
25991
70904
55321
96834
34398
67553
73461
62765
88198
51071
88937
12925
43306
19796
17022
17799
57895
62715
31668
70302
83187
69469
77570
64130
91393
32780
79091
75508
17601
19440
89009
3458
90652
61143
39758
59547
62808
90033
7340
57330
6890
19691
73048
13058
96237
29505
87179
6207
45273
87748
58753
1211
72702
58852
77654
85372
64713
73232
70374
78321
19458
94816
84648
7741
89645
42234
22465
33110
5774
55192
20109
98189
14829
7469
22623
24222
59735
24319
15305
48526
49504
84127
64276
93788
86071
80663
84993
51486
47475
35400
80944
97239
70948
87157
17350
51373
13571
66279
91153
70215
28041
81745
75835
90985
24842
91184
9493
99623
27973
44547
25579
89280
88543
62673
41685
63807
14381
81468
36246
97505
66028
1851
67545
92884
58353
85979
44491
16190
74572
12269
57511
70886
63802
82036
57893
54712
82180
31654
4759
18553
94183
57734
44281
67642
77014
52371
84300
53382
95095
57401
68163
36455
42215
55483
8501
98961
5111
94063
98038
71697
35350
88081
55424
84708
77103
71837
90114
2275
55726
3069
83085
24409
84190
19462
64865
74189
52491
3632
56077
81008
8418
7610
88823
98715
69695
40045
72039
70386
38936
76899
19207
43915
94955
22767
45624
53668
39302
34134
97002
53513
36686
46598
18585
34803
93854
18224
75980
55378
71523
88082
40123
95921
64907
26855
92653
92627
10523
74762
1410
28785
81259
56674
18790
66986
7171
27634
66985
21841
67928
97504
87992
85326
43435
28283
63593
54773
74409
57278
54623
97548
95287
49195
91921
19916
79845
20401
15787
40200
21630
16298
22411
56384
49359
62547
92410
80113
99607
10953
63336
35713
73098
12025
57318
88186
13832
19178
9054
10285
73163
91176
11952
5481
87914
52427
72986
12265
8854
59435
98750
63357
82408
2793
62402
97514
96860
48631
62742
16578
45375
4423
82742
35273
65453
13141
24955
98484
37781
31172
48198
64828
45504
76968
82307
12898
34227
84679
64407
28684
64967
18228
85275
97228
55866
37512
65301
79942
48645
2324
29762
62870
91979
81644
96510
77625
69218
60512
43015
16595
62709
26900
88412
73056
60467
10529
43875
82454
96198
61909
23817
64426
14652
15891
80558
9898
32934
31280
79310
40790
5717
94997
44946
45982
55973
84477
42937
14097
57623
52446
19290
29300
47108
26732
83295
90454
17186
83458
94431
34678
95824
24785
15793
67873
36493
77713
25895
68413
83337
92541
41332
748
75015
15708
55589
75196
84814
83511
12322
29622
20199
32606
53258
73565
23479
52455
66389
28347
43207
73540
18300
67600
6160
60301
15422
49544
67572
33476
13135
91368
49319
70709
43577
97949
78611
55235
51344
76663
75370
16396
21918
13156
76128
64638
85667
92188
95306
69259
53412
70301
6374
40349
27019
97494
73388
1078
7007
69948
66925
77888
84376
2780
46946
2967
35329
64976
5333
85251
36747
37668
59065
71195
40928
29038
43923
42263
5646
64059
56754
72534
5696
4869
61266
41994
88580
82317
99765
42195
33208
30728
40161
19099
18851
59305
42059
84357
75661
97472
65046
28546
91534
77954
67944
25923
81719
99234
60940
52956
72589
99632
57758
23658
13845
94933
2942
14291
5056
7447
55409
98641
30843
47955
89116
62451
88734
20125
7831
82773
37205
38169
52992
59969
43423
34973
21139
32026
5998
94113
76344
8032
18776
53271
6017
18693
3808
59321
66042
14423
22113
26373
49383
68280
91968
54311
80033
97203
6860
53023
51153
7069
57
89756
52415
14265
80380
52501
72231
28287
71208
55956
14929
59075
58263
25797
88506
13361
14075
79788
18110
7462
8477
7186
81154
33994
48217
87279
49451
97614
82569
4515
96094
26031
31731
25429
12621
66054
69897
55729
28855
25132
79500
42329
61033
69199
77332
98520
13906
3437
59551
20317
34895
43089
25236
63647
79858
30043
45802
3501
63646
98418
22755
22188
50104
69426
40059
87319
52006
54640
98905
23527
69256
71071
40177
42885
85765
221
5836
65813
24627
79576
62952
13461
76114
42908
12931
9571
2286
95055
80121
93151
45573
4166
27475
46080
41278
48759
32224
26362
10269
26346
73337
78629
71909
9241
45205
25348
39525
16986
77863
35108
6144
25068
98510
82045
10049
16333
15131
28124
99978
75792
89108
78459
97517
1226
13557
43861
20088
40201
21365
12874
37471
56326
50058
17922
46705
53104
53552
19968
58654
35266
12827
45050
67971
40228
72582
30341
1025
86685
68594
52405
60075
80528
92887
57296
74829
11199
36102
20736
75524
35548
91910
21630
52170
11174
59206
96879
81815
38985
11854
67738
29955
91419
31116
11429
50452
4953
54321
28544
78615
19803
17686
27369
99399
42781
24879
93713
3621
47547
4826
18313
18455
6369
68497
82953
70356
57557
4824
65780
89559
82226
31742
79180
82537
56181
51497
76431
48199
77038
36321
46150
40902
51138
84933
24598
10180
17200
57555
48294
27754
69007
43486
61655
38482
22800
79600
64206
51900
97206
32705
54184
53193
8533
75229
19718
53060
66700
72921
42051
22063
17597
43013
73019
45929
64213
76100
45635
67194
6142
99884
25929
17607
77358
17613
18066
33623
63737
4201
13321
56223
91090
7210
17023
99657
48879
15151
86110
75930
38794
18445
59012
15619
17503
63963
84389
26317
61771
30510
55367
60936
69833
56970
73808
90555
41929
75312
27504
95233
25134
14974
95413
37279
65761
1200
76493
29700
88348
99630
63722
951
792
98313
53250
50071
78908
95821
84534
73113
91965
79876
66830
95843
53770
65287
26155
59840
28142
91207
81168
25000
3115
99958
90715
4003
56539
34077
56549
27136
29562
6485
93433
4786
40781
57435
99895
71691
3456
9891
56221
7615
20512
73656
49422
68868
77422
89003
2831
12775
58860
50083
54952
2914
43036
13311
37445
77663
88957
50615
48079
21580
75774
56754
76172
83933
84147
96709
26246
57092
29872
34636
60777
39372
35240
45928
69104
66323
72201
89857
95818
98490
55422
18901
79176
60030
16765
27715
18187
78244
87210
8707
88581
70602
70300
52015
66899
94096
14757
27384
68526
58255
87021
27417
4335
81896
84169
54389
50862
95160
56583
36810
8445
2748
26118
57749
24228
59853
64359
42327
9809
19537
95382
8383
18547
51291
16768
92836
42963
45593
1711
51833
93613
51409
98809
72732
40102
98439
7976
62042
1877
65575
35493
97002
86167
44642
83520
39705
32109
72187
52018
26103
36197
22984
17393
51315
31406
97643
29063
85454
85891
59594
40117
2882
26309
47301
12817
18373
75084
26996
67970
70865
95078
90530
51917
14307
11501
58420
81645
67578
71555
12194
49418
68297
61441
70527
14489
366
27754
37892
30570
97085
39012
32133
61304
61448
99089
52995
58518
75556
48295
51387
34467
99768
48650
28326
60710
99627
64890
65425
6529
88380
33661
28968
16195
21300
56267
55563
78774
69431
95616
5599
13971
22480
31487
28778
67314
23428
6494
51442
35494
34033
67987
86372
95002
92691
28046
95147
86510
82587
9875
32839
17590
63705
87064
54371
4770
83292
76432
77816
83576
96752
14274
23812
71611
45887
37259
89507
61222
77207
49131
38538
67268
4253
95342
64182
78995
50391
96072
77862
13821
14656
11009
48694
17479
99479
49257
13686
26551
64065
90723
26242
77674
26277
96612
78174
74489
57381
77026
45204
78219
68827
40071
25655
69662
64785
29430
71259
47122
51037
77555
53230
78853
81239
48111
24561
56774
14496
79073
74460
58397
78159
77260
61939
81
85155
76977
54711
61843
23813
79064
76231
82210
64720
99619
84506
36313
30560
45475
61176
91480
61188
98049
94495
96486
40344
12338
33376
17006
95917
76981
17508
64658
18970
68415
83353
97809
95763
49254
62345
45629
3038
7956
33772
32372
63173
99347
64252
81159
17805
27254
75691
25560
87897
98733
99639
86685
91159
45691
61281
27695
38004
22102
85994
14251
21941
9431
59659
51062
37620
56300
56919
74633
93281
32127
52009
72656
24277
98535
31966
22933
84672
83109
21430
51143
13412
48161
43158
24529
58596
30213
23642
98394
62640
71071
7777
2734
5021
29817
52982
57654
46227
84624
80868
24
18206
20328
8074
66402
7840
71037
39163
5505
47904
26939
28192
18761
78889
40654
60775
52848
7934
71544
50474
5604
84779
96433
4257
83152
68610
99031
52474
97712
2733
22339
41345
7182
85719
24660
63615
77008
45098
30864
80926
73139
82775
95464
79733
33742
33497
86993
31929
60136
24190
26799
41716
52430
95288
40951
75024
96882
37952
44399
77272
10949
75361
25656
81780
41352
73173
74550
29600
78169
67455
70794
66153
78861
92676
65643
2697
77968
29963
12105
33292
81612
5504
31395
29621
72230
52411
10385
11598
83028
18503
96339
61810
1245
39885
74144
4677
57530
63128
28421
21017
15824
47488
74664
18438
48335
50855
71712
48988
46738
46356
37823
19323
46684
73490
64192
29410
20380
37827
2332
8674
39438
54968
6985
39038
11544
90204
91534
10532
31266
93372
66264
10729
33550
58890
20276
55932
89436
12642
69106
48774
79799
19177
60555
16098
57099
66471
10553
52094
41973
50930
98640
76556
68946
37060
25042
24452
48781
6677
12221
70277
66298
87398
60051
57751
63890
13661
67460
71413
81576
2215
26346
94445
58252
85453
42215
7690
49203
41769
8247
73624
87213
2532
13224
58773
19832
19789
65221
60328
36623
37172
55713
39232
6884
73383
52178
87222
55719
33984
52758
33756
95707
73019
27884
21805
10582
25265
82647
94688
7686
54398
50511
73669
75756
1009
14508
56968
52262
1856
36610
87137
38441
46350
13834
91720
50538
54771
25933
14150
28856
55260
14086
89175
65277
30833
5119
73150
30137
97041
34963
73097
24501
10013
24252
69482
65719
55614
73678
65821
60967
9313
13562
64531
50142
82423
98793
82623
39859
60356
87394
88323
83109
94633
89615
94668
50751
47648
5240
54055
19702
12131
71296
71847
31516
44738
94769
48361
34758
25453
83451
80550
52732
76695
61235
49351
94338
90925
30107
40562
2869
41495
57686
15166
49114
81032
8771
28267
13879
24426
55663
87103
92622
59073
29586
97338
23009
63473
8149
93602
403
96020
51520
8256
44517
54165
74762
79600
47523
85833
86014
99383
80584
1015
49455
16834
75143
38371
15284
69331
48594
44361
40784
65083
16021
13769
47254
52191
62341
57058
832
61883
5200
18731
79080
93472
72905
21995
3312
31189
36432
90193
98342
45293
33680
85381
84721
58938
76087
99050
96134
88791
39833
48715
18977
93411
45384
3175
94952
40815
45987
98600
56520
62776
36476
59389
32101
62972
87802
57358
961
30849
8673
11915
69556
87069
55308
57832
3242
45273
34682
86485
45853
1018
57041
57289
37761
61222
37028
643
75994
60071
78799
97712
1931
35046
37672
75564
72786
71933
38131
93653
30706
15000
80572
62690
27386
71836
3713
38132
81784
39362
18994
29931
14800
83223
68752
78449
61682
49151
27798
63510
60936
67790
37243
14552
47251
41337
73708
29244
63916
60033
30509
80213
49785
9048
93934
8858
84354
53552
50586
94698
4834
96938
73616
37695
80420
13725
43068
88931
88622
95976
88112
73718
30375
17615
49305
21308
18
56689
82792
53060
17051
51005
27790
80473
80366
86561
1671
62844
35684
37857
73067
95598
62124
78871
5833
88883
44272
92611
18569
78332
66432
58511
96182
27242
67476
25978
84419
52219
51236
96247
42747
43948
49594
24566
10501
26118
52509
23750
39546
47239
3146
28976
18460
69782
65519
3376
63236
35824
65869
5511
74146
28726
76769
81746
66243
92569
96239
12051
1563
11708
49015
56926
22559
9634
23404
41217
35412
83936
44345
52986
15471
55334
66220
43850
90024
79154
47976
8348
68889
25226
18166
27418
34738
68082
42006
65955
65073
724
61323
95809
10410
79364
99830
38612
28892
2746
58746
7419
40334
82629
55636
1547
19155
54776
74696
14247
75279
49781
82118
7165
2671
54171
91226
42092
1386
27329
10207
12812
59735
11437
42961
35259
78217
56576
63509
93155
46396
64871
47252
38075
60195
42203
87039
29362
91710
65828
56769
62781
76574
22773
13779
90208
82564
3656
82367
28628
62300
15630
76241
61280
44764
28316
86310
36092
7621
88143
66153
58020
25885
55645
37482
64780
44800
94048
98785
98183
61951
16640
42537
17874
30286
24703
73593
70298
83331
48733
84587
82998
29139
13373
17893
56812
95179
29812
76312
54577
26049
45939
98835
77418
24129
31783
35077
48115
10644
4537
19455
78384
93544
27800
56245
49196
13146
48878
67235
50345
98662
25252
11545
66907
48088
14482
80994
24290
85602
43068
6670
59721
99503
69205
49131
57353
94316
58724
5469
22602
46233
41132
5452
30978
51159
86645
27112
57477
14615
34579
15585
38101
85835
91359
59327
54551
98208
99503
1915
44462
89832
40535
77712
69398
54590
27282
121
75081
82253
70703
60691
56559
5449
1187
26392
26299
40351
69173
16530
5330
35920
91585
65857
56069
82786
9637
83185
64803
72932
42797
52110
78235
79996
15891
26980
96844
96816
80677
27260
40965
94856
99304
20302
92783
14153
74276
25537
29019
29063
85058
75341
51669
35081
45951
30314
48969
82802
85811
42838
48887
99380
57008
34010
94813
93681
16792
81052
36769
99329
95674
40095
74923
84183
78103
41402
70593
70995
6499
45716
30438
91585
73394
18371
60110
67544
73587
82099
74509
68210
53727
33798
447
472
17841
50961
60321
54863
33024
41252
76955
55207
45019
13753
629
79805
48383
5450
97878
88010
6872
63811
41276
88079
57134
51703
31276
79995
83275
91216
58227
17360
20706
29950
92061
15682
12683
99453
88917
9838
10720
15037
55647
14886
40456
85517
76039
8472
71753
71261
97235
65467
15712
79298
95247
26761
65007
20021
91603
12510
13493
45416
60288
96230
41935
18547
99063
93515
8095
19158
14037
14346
43524
52663
54373
53358
29519
32630
58570
33034
81962
84255
32301
41847
144
56278
27169
98938
70115
34354
98949
31331
13522
82045
71248
99776
66033
19543
73031
70242
63469
88294
43207
81841
19400
71105
19748
86409
20915
37999
77580
80047
27767
28699
74128
95462
5799
36484
33832
80993
73291
29901
44454
1799
84585
92513
43171
85145
72687
72690
40867
4526
24158
87734
84834
1456
46426
84897
59504
35382
45943
31575
87279
82704
58908
98439
53122
80837
78171
69331
84198
80092
44524
24027
35805
94547
99606
17778
12184
49645
52506
99903
65554
44214
96284
38340
3941
58336
29920
24279
44186
34181
67329
39309
60597
1459
85485
19760
74713
80709
16814
39514
39276
80554
44080
57096
139
28678
17524
79164
46266
56402
71276
25632
46997
8368
46370
41766
70166
56601
71666
66138
68180
55220
60341
27871
26728
60669
85657
18305
27087
6970
41768
17015
97936
61378
26704
51526
78250
43621
87338
72154
93815
19112
42035
96408
9229
84250
43297
24646
80552
41815
56385
7935
42436
21852
10766
44487
74416
25806
62338
5296
57721
46487
27698
53400
24672
60124
35744
25902
20750
58411
42831
77177
8792
91832
43032
56107
77484
57033
23804
47292
8373
69012
41420
44902
33734
54484
2590
96795
42604
63568
33079
22889
99785
34289
96118
27545
24850
95708
37991
28137
58110
37413
20633
84892
68322
72572
3981
40887
94967
90977
80784
75268
31368
87179
35598
33326
96903
23454
88383
57819
10852
70741
45965
79045
70751
59443
20489
93755
52247
96471
10558
81384
98444
5353
57883
12234
29274
94532
36359
58484
9488
8000
16698
42650
67345
63859
96752
1540
95496
2795
3365
32642
65132
91442
80037
82126
96840
73490
85551
30287
9399
14464
57504
91401
63576
34554
10149
20201
26883
56783
84251
43518
71854
95524
52854
60875
19320
73942
20585
99817
58143
50337
76721
89907
77165
90695
98703
52541
80286
93362
91651
95131
16722
53144
51021
25461
94200
65746
3790
63975
59485
44548
49744
5268
25212
91662
85285
96338
5396
33673
69435
47473
67122
33122
33629
46253
67309
52536
58106
95074
8692
10932
39577
20231
21363
22454
77529
45028
90129
60904
24840
61619
87915
99473
79843
3117
68322
49730
43156
34220
99895
27925
87184
40095
87985
62383
4568
85889
64112
79520
39259
90514
49067
24420
4024
46373
81472
61399
20834
76785
21588
45520
74746
3491
96321
99837
74277
29066
56681
14356
54403
84385
33005
19172
22320
76574
67968
51260
93735
43296
66181
30386
51335
8300
12105
14862
40243
34505
3569
33039
17669
36734
35882
63268
88545
30775
34250
42355
21516
42946
35490
43654
35178
38619
62691
67307
10476
26974
50534
97154
56775
11672
1050
59471
1050
25152
70517
47216
98444
14046
56942
55540
50029
69190
55660
40839
86408
62096
20485
83814
46200
21719
73771
11188
47259
52188
96202
6053
78528
76541
75373
93441
89615
22521
89924
19423
42304
5383
98301
53242
28701
90495
28000
49730
35292
75981
52480
36628
51201
26072
89371
69603
72104
47560
1035
12255
497
74227
80640
48418
72556
84013
25343
87141
91397
97689
6931
34001
88235
19571
90266
85719
84955
48228
56104
36443
83328
55914
71777
52067
13636
68915
1578
91311
26448
80569
16747
3318
67993
35077
60145
49686
66729
82056
53286
88400
31757
14471
74502
43447
54977
9116
82095
67384
210
67422
52204
57281
49731
12853
82220
30852
19980
80102
90266
77531
76682
46378
98256
23294
58086
59963
83619
70334
27096
44940
96501
97279
78625
31010
52663
58273
45339
41505
32122
91423
95152
31247
86253
71491
34945
17356
32931
83257
4701
81997
45800
25141
41360
23041
40946
99066
63336
99605
84648
43424
75051
79450
58135
30397
93906
72497
36597
17523
80481
3369
13404
19673
59284
53334
61584
87100
17649
54590
81702
6356
72897
15894
4873
56566
17240
44551
29896
80645
36211
76256
18472
61112
57652
79052
66239
38820
56386
54606
98470
64469
8425
95746
39330
77731
41692
76390
58729
41235
18104
59817
71307
75073
35565
13692
3048
90562
16259
91957
5411
55125
20310
13173
82317
36123
80968
27738
80399
64361
56658
84870
56719
66899
49250
80549
3155
94780
2474
72077
78776
10025
93008
21366
92389
13464
95852
83834
95056
4057
28943
22515
75359
27702
60018
96206
65954
69534
71536
23775
63092
58936
27530
73294
6979
98449
32427
39747
98015
10204
58733
26675
42620
56208
1199
62535
36902
2516
11684
12459
61336
27112
62342
80063
13544
36821
82548
43285
65885
47104
38505
32127
67756
27319
26690
28703
47572
38276
54967
55570
60265
96361
83430
6449
52124
31629
87294
48052
39646
48470
46229
27440
56669
42845
90787
35374
29287
12077
68090
47887
8314
27319
3194
95201
17736
19923
43096
93413
2040
76866
51977
71716
87322
77295
93827
58631
35007
64040
21845
55349
53931
12263
63254
76879
43495
59289
24552
44028
44127
78715
96279
60794
63962
72308
66753
26143
16545
16968
24087
81401
81023
52996
6172
53450
5977
80160
18982
80587
9492
53593
71634
8372
98090
97053
51377
57475
97645
83893
85144
69265
97117
40923
34976
64638
11919
44610
80642
95719
61101
7934
93599
31670
39783
16239
97435
97525
63024
11667
95071
31625
49106
56177
30488
74228
18568
40669
58258
14026
83543
80188
5203
86861
76356
39068
89129
24390
9655
74825
75528
11027
66995
99257
58417
39004
27479
60031
57611
59058
9660
51965
69058
70290
20021
63813
61564
52007
54801
59675
47794
41000
97318
93093
87726
60865
51947
53145
81357
43934
28290
54072
51922
91259
6213
51490
35261
22534
58627
35389
78485
95637
67341
45664
74670
46368
5473
16036
21106
7267
2296
66440
23207
14910
45435
89301
86314
48616
61193
66863
83627
19735
15400
76883
61049
13957
27670
81462
12471
45818
22496
84830
76394
96400
72569
30160
69873
96668
41495
30891
30620
98773
43867
2959
58967
27366
20864
55133
71881
24163
82074
58766
53581
66799
81983
60611
85741
96032
65702
68934
24906
8987
43750
78635
16439
85325
7233
67667
68262
84426
31721
29332
392
60549
91704
83217
5606
42926
49654
34252
94896
31372
24913
68534
24923
45787
63907
77583
34910
60421
45458
48779
4686
24890
59003
12019
10355
21335
98819
15413
19857
54041
44437
23971
33278
35769
55368
72341
71699
52740
3735
98382
67575
71719
24441
76761
73935
17259
14383
40358
32273
49409
95274
48306
71231
36571
67353
21872
68552
70165
10019
15288
61808
75814
41825
40537
93905
82488
92059
21626
29312
53585
36300
16477
21996
26349
75990
11260
61467
53945
24041
57866
89737
75706
92044
23504
60815
56034
59522
23299
34414
21103
9783
9579
87735
1898
35392
95516
27921
58698
48050
89966
7675
88675
70449
78714
17653
79723
52306
46331
45643
50079
5336
95367
92463
25039
24648
58623
50094
19682
51450
27790
7088
98962
24149
91944
63574
62968
35011
51809
25457
53269
65589
92146
54981
42487
46463
56726
49876
391
28110
74971
98722
35126
47966
61362
11935
29063
32960
60207
13346
26905
57423
75565
2701
73808
2071
72000
59509
11442
35471
74251
16391
29263
20746
48291
40959
33154
37395
82132
8854
58653
83298
8779
98862
27401
66230
57208
8537
61903
54653
54793
66907
7003
61823
90070
21078
24835
29147
9783
97001
77392
77329
83799
82997
27551
85461
34130
855
97975
51126
58549
36486
33229
35915
67078
34754
15900
17595
72167
37169
47660
1708
76496
34929
90316
21713
25787
35172
56135
21928
44
37204
83088
39899
20136
83847
78670
87223
94355
52725
76594
94951
49883
54317
65448
35873
26716
45960
20146
58626
29581
63793
45689
63476
27893
14968
83613
57514
22053
96521
91514
71297
80578
73348
34453
11710
57422
28577
4554
89636
41950
42426
98835
99845
98472
96796
15233
70105
59355
11157
89059
64621
34031
70507
30670
43737
9115
4220
40291
28420
75644
64139
50895
61705
32645
36082
61754
86960
68388
15930
56296
63787
19555
58364
77901
86008
52571
51839
14294
43680
54301
86084
15293
99641
93455
19712
41282
32993
73953
96785
3455
59051
50441
53017
22136
56512
57309
38541
75320
2994
34487
15095
56356
74638
36151
27472
96898
66455
75388
11370
31554
79897
39461
99023
45041
64193
26108
10342
14687
21568
26199
54959
13747
81419
15743
64670
55968
75457
82543
47648
95712
55435
33417
29408
10143
21088
66695
640
3953
52929
75247
92349
87622
67802
56871
2737
88737
3955
36021
25401
47993
22643
24466
92992
72284
21671
78765
4284
82490
13860
92921
48965
53548
19710
84945
4025
17457
91555
76460
63216
29144
56555
8346
85699
7447
69404
34055
65503
30017
19738
27353
56118
77675
8491
41765
39995
58827
22593
30289
84676
77513
90271
86443
69355
50372
48290
5456
14994
24671
10589
58506
18082
21144
55738
59303
72654
178
56143
16972
51348
59964
78613
51274
91896
1399
72992
45590
42646
80010
41609
67393
40477
93489
85415
47787
6966
55349
75345
64886
55868
83099
64944
27675
18263
12933
83613
66292
82577
27964
81500
39033
94114
22350
14296
66426
1052
42738
5958
93804
51633
30023
99034
27145
84213
50732
99966
53335
60423
65569
12485
29235
20317
9088
50668
11376
26837
9723
77042
96489
78979
93787
95002
47671
36929
70457
91173
93262
70479
36287
43297
87304
13891
86644
19053
91065
24645
60143
13518
75049
93588
15977
86313
40753
84832
35710
64455
41891
26509
70891
89268
55028
90046
27524
82119
64289
90886
74718
40498
383
62104
65409
81861
84717
74097
99498
52465
57874
35901
38550
14552
37532
99380
7323
26364
59102
87057
763
91118
81095
67975
64723
73079
10528
92633
78629
7814
77266
54196
8310
17484
34977
32266
7013
53068
72875
60579
76254
74370
72840
74669
6332
15900
29497
47709
7819
77614
43030
16480
70443
27932
14878
43082
10361
93134
9898
58976
92284
98588
13174
75614
21073
13201
71063
88665
22009
39243
26821
94617
35830
45925
86683
85244
98321
90751
75528
61183
95297
97445
37773
41634
92430
64001
12349
67968
62295
47855
43092
73887
81376
83145
11818
83838
51207
25381
79504
25950
12658
90096
75973
75605
45573
30259
91522
30119
5007
40903
62646
86013
17833
9428
84463
33517
56960
48808
6753
55533
73455
24507
1185
71589
31057
15816
94135
12399
89737
17885
61632
23538
97910
96328
39162
94288
9096
42113
63794
42341
873
61917
22437
68605
23591
13276
91455
28962
90827
80932
72026
86936
24976
99663
85108
57312
14820
13779
71985
45106
36581
3285
76664
79384
22717
58861
32028
63145
32597
12282
86737
46633
75568
63784
16783
21242
77510
82513
59321
44059
86186
43885
18912
28696
41912
38217
63786
25773
41372
5843
26092
17536
42038
62383
11142
52146
94348
42391
70893
96024
53159
27521
46597
31818
71322
41534
26379
14462
93270
66314
18310
92473
60362
71248
46690
71536
99331
2975
71113
94943
60340
3734
53838
72610
52075
19140
67092
35191
94609
95265
51234
2271
93287
83633
8589
19837
21069
79864
73353
87651
24831
43867
60588
28499
50138
90934
61754
83253
54800
13730
54545
12780
33523
53051
59185
77415
46669
11943
50567
21039
32496
60270
24731
26769
85044
25294
95856
49232
63370
67788
18601
52891
54525
74689
81817
73194
56649
83040
23022
24699
90057
74858
1338
86226
54646
74358
373
12467
43727
6196
5914
32864
98185
65649
95268
33687
98567
41199
59337
19109
96818
73763
87871
3813
64992
4691
75924
52349
88611
67880
53598
57674
79173
57532
56336
26137
79475
97479
45757
50430
98792
91383
83977
39830
34347
59347
61411
57828
61687
90829
54610
10078
43010
42503
18771
82935
85143
54869
59860
14032
4395
46943
37771
43743
18287
44523
6908
83415
53722
33544
95365
28705
62297
86424
9310
58211
60630
8649
39095
55650
86031
18839
34770
20497
74943
31247
73050
7997
29304
70925
27992
68183
56020
56757
60313
57414
66123
4837
76436
89846
62873
21981
78002
51767
13856
61274
43048
59725
57545
56396
78004
90415
56233
52711
28917
55263
57694
31288
61838
46438
20525
83935
68085
86325
41264
32054
41881
76759
8911
81571
85631
44434
70581
72122
46886
57194
39742
65252
41806
90595
80499
42574
17538
51247
22920
7495
73142
39749
74325
44454
8648
79030
48744
93468
92389
8299
41409
96009
30457
62910
21783
97631
90360
69095
92925
19668
37070
95988
65556
1633
89335
4609
26573
97653
12883
54896
98728
4441
84536
43790
50893
23474
85726
27517
9669
25494
90468
66083
68460
42765
88992
94753
60046
65627
30188
97548
87049
27792
29737
35939
36010
51302
25010
663
23030
6345
31971
46181
84858
3362
81443
68755
23486
25107
31797
35804
88803
55122
85974
62164
85833
34545
20889
81884
35185
59019
37836
5854
64063
44087
81869
36208
35667
44655
72263
13971
19317
95752
23225
16372
24525
41127
43817
37513
19111
94705
78072
33906
26768
23217
77832
51196
81819
24715
1974
15369
88092
24514
46002
35059
47229
34851
51781
17801
94757
47434
20922
73762
67848
81879
55005
34625
9495
28639
40901
89360
18529
45283
25772
95564
69127
66295
3483
41915
71344
35701
22396
93080
74127
64155
81122
81054
56893
11026
77403
5255
7317
23752
23334
12354
73
11319
46322
18356
82115
72039
96705
33035
78500
16846
28702
75181
50198
67575
38193
97083
75020
90160
45394
75455
73309
58819
44013
91626
75433
95204
98788
74928
24616
56281
44540
89066
83197
25594
77301
67185
12951
36646
60246
43587
9670
12335
95068
73563
93494
71241
57378
4986
82514
50904
59858
46584
3874
29586
52912
27700
68968
97844
24137
46352
58372
23491
82929
84510
63265
13171
69677
18744
18502
11925
79534
75739
22823
19350
72303
8597
81840
29528
29922
11564
70275
38843
61103
27006
81965
35703
92334
24494
16934
11643
4298
43346
77900
47498
88027
92599
77346
17039
40647
74854
7978
42306
66044
80864
6368
98326
69294
62655
79787
17212
33959
94732
47846
56795
54411
78052
89089
12593
21084
64992
16645
14871
51828
90852
68950
235
67854
67299
9422
22503
65914
74917
34273
28742
37179
34266
61662
94991
17619
17530
4502
86275
29734
18763
20100
79081
32565
95065
6755
55061
94447
15803
9140
83890
34485
76115
46855
6294
32307
57505
53693
10906
43434
40084
55845
61821
19389
42615
65278
58927
39294
45359
26928
69554
16463
13840
11317
43682
9651
18187
26675
97327
35961
80756
20063
12816
60020
93815
18558
70436
87685
47387
34031
71117
46585
86680
43051
56411
72027
973
42111
18382
93372
90003
87640
64679
80754
28570
4549
86197
59516
83394
35337
68074
94579
37233
23976
57776
98132
27419
14433
48520
49617
37255
52727
51213
68025
28855
94400
1716
86401
46123
20799
94755
1038
49710
51568
90850
65607
61442
35035
25441
10929
54249
37928
52266
28994
29888
14073
91532
17779
26557
64968
21501
92777
43257
66171
89164
92169
92120
72269
83700
55305
14282
32189
61137
89448
75216
86540
82662
47634
4342
80743
77033
92972
31657
12222
21255
24042
7962
11418
52606
45679
7015
22670
74442
57741
15491
82827
89459
84233
13581
63718
68096
32903
16940
71379
98569
54358
90848
16172
94736
16205
37331
72691
4479
4786
97149
42886
398
89380
2759
14450
36720
20984
43451
58462
45507
38262
21115
73338
13660
50054
62204
90408
63879
31880
29762
12845
93448
87903
198
45
1983
22223
88074
20918
21167
81591
96334
84072
20371
33776
23998
96846
51186
71771
10185
14779
51147
93809
41709
48494
80120
50993
6641
40299
66418
96975
15632
6310
52351
72683
93089
92979
28404
14904
32627
70229
26594
87513
75449
73465
19331
11869
74217
22446
47153
57751
73718
50148
5596
48925
71557
26764
13571
2435
49599
70725
48536
98236
32993
48076
70394
69432
99014
44577
49192
22777
73632
26765
96248
17299
10590
40877
14292
2796
82489
34693
10126
50184
67279
56386
39514
87537
21278
16718
92351
11805
23435
56190
85545
33734
53064
26784
1815
34940
33906
82445
79048
62906
20839
97383
89087
7354
81371
53206
3929
13613
77765
98825
12974
72356
63640
59390
75161
70649
2548
25459
52176
67795
28294
73337
35522
23282
40375
489
19298
59617
51402
52725
303
45240
35723
99806
12161
76207
40154
69655
95916
62987
23126
53394
26146
41171
47245
99428
62200
67845
58940
96287
24981
93316
39134
71447
48639
78984
22978
45616
73732
26292
95278
60135
18376
1496
16625
19513
38148
40934
60077
58533
48315
2667
14861
73611
9778
66484
3402
71277
23501
7866
5537
53328
25611
48834
12348
53379
54845
30515
24317
31483
99409
17768
21464
71514
49107
41797
94871
74741
62517
9642
53097
1042
58925
6292
78308
44622
13590
22321
39437
12119
34617
8805
86972
25550
65206
83347
62662
81322
24468
22485
29970
99273
49792
27237
35423
38016
96334
81618
82941
220
10907
64244
30649
55501
95684
98114
83094
9893
36108
34125
52336
31395
99916
78622
76003
94976
3910
15931
43901
37315
42846
36879
53151
37786
22062
1455
85382
30570
70793
77617
53906
51483
71914
58419
22101
42927
39739
10167
70199
70103
92186
43273
20085
77176
47153
15774
97362
87838
19784
27779
3138
73877
86939
88522
47488
92126
25133
60202
34976
24406
73841
17132
79849
71721
66845
47498
27832
87692
24721
37707
92062
72022
41521
45951
18042
55647
78061
63451
87500
59042
63085
60461
56295
64268
62739
54828
68758
73394
41003
91275
71056
53317
4228
84585
22967
41359
78710
74577
66946
36156
31745
53801
29586
89261
44697
95852
43518
71197
15476
84098
36414
29234
45831
47277
68336
80248
80105
64320
98632
6405
27635
39942
75797
81263
46849
18986
54222
92615
43610
38930
94923
19191
22655
26549
85356
45510
34344
40530
78923
10420
1754
5411
86504
65757
66979
31643
80523
96693
42963
16999
88712
38921
21420
93975
62647
5050
54133
38622
53089
99363
37483
96544
32652
55057
1490
44763
11347
5578
23800
98196
57019
35908
85667
55667
72150
13031
43785
80700
17387
26341
23589
18514
69966
23137
33031
93552
855
94407
79063
83888
3051
7170
76289
5065
57665
20203
4348
64538
9736
58172
12485
30916
27724
89888
61944
99955
38337
51813
8570
8552
91586
43391
60541
34674
91475
68728
16357
8281
90619
85497
72446
9035
64632
54285
37815
61984
55287
49134
31571
31115
63024
84042
50477
58720
83614
25937
58048
65413
66568
31045
73200
29984
87835
5520
72125
73619
92747
92261
3763
54825
99335
30063
43193
22735
36619
43480
37765
65899
71392
49476
47815
10285
2906
8387
63014
35193
29425
9458
60611
1839
8754
14991
67294
66533
58750
5152
76641
72587
89210
2171
87113
92758
3049
87105
63000
91184
6207
74006
80226
37141
28166
45460
30888
15424
79660
14879
99126
73878
2648
76521
79340
6289
60188
73719
8406
42337
24412
46180
38176
77150
31808
79102
60192
62043
65417
7404
14465
27505
70940
32860
69253
61825
88741
64556
51402
42179
4844
37998
3363
6602
70757
87745
49019
817
57238
79786
98063
60304
283
51684
26097
86953
15383
72801
68262
50707
29755
38793
87652
69041
54662
39560
17390
87013
45783
87007
27526
87365
73770
84491
79679
69132
71942
73063
30193
66053
4482
47304
58481
56426
713
91022
64666
88745
81758
10571
29298
69927
12002
11108
83210
36592
96656
48194
76580
80162
12627
14718
93026
44615
50347
36268
47556
10779
13193
69708
74548
24549
74525
46424
96652
94755
50338
62144
80431
46841
45269
23214
75483
57023
11698
39019
18695
93409
63915
76245
68120
49443
81947
56251
20293
99965
52562
58418
35592
59783
84303
55683
1040
78093
58110
74869
41986
74918
80678
46117
23276
8246
25164
71984
67158
53460
32784
97372
60775
88090
24734
33243
66926
4350
73210
22869
15527
40741
33301
42746
49151
37927
82598
72986
74483
84639
96844
51953
63826
47976
60442
73774
81625
84581
68841
8089
11560
80423
92955
71327
90558
13198
65689
74773
60285
37578
78753
87178
19166
30405
69610
46786
24360
4707
19160
46401
60341
95515
31787
13739
83406
94896
4410
27761
17883
59487
20681
5756
2194
5864
82591
45093
39679
9888
71532
53980
76374
98454
56870
24776
69418
86017
62686
68440
9202
6757
83119
25297
60674
83819
5638
16831
67468
35522
42841
48646
63806
67580
71094
30023
68632
87535
94994
25501
86731
44926
21011
19131
9208
54268
82676
44070
51050
17796
2700
55740
16316
71354
35817
54067
77335
735
74960
89886
88791
60188
36977
75568
50418
92268
14476
86106
25640
95045
56214
24934
65475
45187
72271
77004
94362
6170
13476
31667
16484
61641
93065
90860
44682
26491
21392
21693
76766
96932
16119
24318
18590
45510
68417
30176
57956
66465
70430
639
89065
79989
36692
12222
77939
7403
66357
81736
20295
48727
88201
12078
83326
80896
53925
10598
65938
75497
4296
82217
68622
12788
79655
81365
66583
92457
66748
18846
74271
32708
61533
59864
61529
6615
93717
19453
66057
57952
40928
33516
86000
47424
57429
63678
36003
46647
13290
97415
87230
31279
90464
27439
83278
80449
92835
85679
21297
79475
58579
96694
25432
35694
48318
45207
94019
45868
43470
55757
96845
80562
71475
24711
74439
48153
11099
56935
17256
37719
41719
32924
68057
13638
79107
69252
98140
64463
39205
15968
54745
20788
76644
43664
99633
30907
27401
80192
26543
59418
64048
82962
31744
42565
48480
70235
27046
95448
63072
24205
76136
76282
13056
38375
71203
44732
20203
1466
82339
44813
70834
261
31812
30786
97287
23963
27660
12617
19469
68431
40909
44441
2743
18460
55793
24046
6360
66697
76269
7316
99152
69
46629
34382
91597
55994
81099
37818
21719
5218
82340
30856
7136
53532
71746
61792
4622
17625
84388
74599
32165
6861
66037
37885
40160
23420
52375
88940
19399
11906
2878
20629
38660
47710
57239
13141
43399
29269
99082
96404
29037
79532
33960
99714
49066
81984
86273
61146
44332
46180
84499
91519
22921
53075
3359
82587
83828
81244
78766
38650
97223
24802
8091
98780
1045
74110
48680
27643
51065
16426
85900
70484
62736
68022
8779
11972
86041
88173
48923
42912
79242
34325
90534
47230
82287
94865
13891
78175
19639
79023
48651
69778
88974
86433
19086
19180
56362
63289
96985
58783
32571
34561
91130
69036
11235
17532
56687
83859
63382
99752
99012
33199
45089
63042
21963
85966
68657
61560
45461
1380
8543
88129
22819
33002
65986
64271
54976
46533
54351
60376
4941
6774
26889
8328
96380
45358
2815
8071
43941
54563
73244
66951
36062
33730
99667
99102
59083
73876
29932
65146
92529
75416
35246
32401
47754
41880
707
305
20781
96175
84882
72494
8488
95719
63705
97568
13013
70556
76703
75491
94732
349
2307
59211
4696
40469
78205
39527
66249
45405
41720
19525
47255
7623
43002
14969
3227
55683
40524
9342
37496
81949
83602
32266
90777
67991
93176
72097
39311
76892
97740
80359
24622
93553
79132
13314
23289
57013
50746
45223
62503
53762
94798
12205
19991
25365
78425
39436
63568
60682
84893
93426
55195
68820
36075
78950
81366
48184
50815
47145
36000
6754
39429
10825
53439
54045
70169
54848
16118
11508
68491
35665
15097
22824
25079
39175
78898
49639
60260
10505
86289
49486
2527
75815
3677
83533
55885
79370
29521
31469
7445
13254
77545
27743
72149
55406
87534
66759
99074
78238
2498
5952
29111
77124
88588
40997
12594
56472
59728
73308
17790
69675
91348
15217
92611
79066
22683
49613
44462
55257
52100
24063
25343
34340
91681
22443
31444
95361
90453
77433
77786
43961
23653
19416
71396
46431
9596
47639
1065
86057
27834
29527
5129
21933
7733
1619
26287
51458
92633
90772
64329
42584
28180
79488
64423
39990
57713
63938
65029
8132
51191
51556
63744
22936
59749
5920
71513
62109
60284
39375
80880
45954
23852
93486
67971
53123
81343
3101
95100
54106
69704
39179
42806
54473
14691
84676
88769
7054
82000
28262
50302
30524
64875
74901
19489
76019
14080
57278
4920
69054
78912
50621
68428
85726
83403
7624
92944
91111
72367
31051
6094
30311
97075
74350
79345
95740
74144
85005
91217
43513
25459
73418
23688
16472
42472
21783
62301
58017
56331
1802
67475
72412
98885
29756
36849
2891
50303
31339
10393
76934
17579
59170
13630
16920
21472
16092
26478
44550
56751
94499
47417
60889
44699
58057
61609
81353
24551
11601
4834
27463
40950
98789
52724
68749
93869
82521
77849
28538
29946
55808
79279
44628
16170
36407
34715
52820
10166
83829
95475
67287
95997
54004
79944
16323
53048
82791
82201
84690
74012
83216
39187
13882
55092
45300
28628
11493
97862
46026
17029
30396
32732
95231
57964
9013
72412
772
76842
60354
87664
12695
12057
70832
26126
26717
83701
61857
18104
64161
15985
44920
75154
25783
52972
62375
43343
66804
88934
14986
68811
56570
79089
57266
78308
71934
61319
68915
89925
3361
78160
56830
92729
95185
87959
13166
59890
37031
89021
84642
68257
6831
55891
12180
54573
2044
13675
72288
66124
74009
88630
53928
9895
56143
4391
61254
25104
65417
11399
82128
4510
72782
32735
13645
75720
61564
49863
77578
86838
16795
49153
78079
76392
45979
93929
66667
71854
92698
22953
41555
74418
81473
94334
28168
15831
95003
60405
71457
66188
14194
57055
73349
82144
69240
40346
3336
72962
39533
65364
216
39016
26695
30698
49632
86656
29218
29803
58715
42865
8650
80950
13008
1578
20156
99842
77724
73718
68532
76020
40629
75402
48309
69491
62149
66310
4508
16962
90373
99308
71819
53558
33163
12146
47856
5098
78244
58248
26632
48176
97153
20595
91871
13655
42411
11216
84296
98030
81107
20995
57562
38897
1728
66454
52793
14517
75612
42099
15876
48961
9462
87032
78166
40506
99309
79895
57892
66280
58671
40833
37133
76593
16389
43584
77981
69055
10801
30522
16621
5113
83331
10783
31234
56101
89911
99764
49517
23228
99253
63256
88280
94884
76223
71131
67818
20403
66516
74036
3746
98044
18730
55787
14539
43435
27757
93717
6317
3171
85557
21209
59217
93743
67722
65640
98103
36876
19252
12158
26902
59546
82753
91743
44669
84720
21652
76847
67782
71563
77912
20726
19891
78016
10904
90948
5622
76905
51150
56437
49988
76868
90393
27845
54198
34855
18395
51031
6734
25974
2251
39435
11199
26725
82796
88782
43394
60977
74110
37090
50970
16683
33329
37371
77173
4788
69022
53069
64474
54562
73307
93131
91962
17064
70141
68199
46133
50981
85456
73319
98826
82521
49833
14157
26476
17909
18148
67349
44110
54382
30746
59088
37233
68472
61442
59126
89117
82968
46860
5470
83093
60604
27127
97371
91709
4026
25782
19623
2499
61620
45052
5328
76403
19106
71478
19839
51129
78147
45184
89938
19073
44807
9164
23348
32539
25460
40305
44080
76690
10891
62478
10510
28422
55132
38569
14362
38691
88877
81929
12571
1916
60086
24672
98408
57316
86996
99955
17300
11816
98219
63695
47612
47799
62654
41014
9483
82482
28337
58469
22298
48574
13174
51890
42566
37093
88526
36487
22120
93755
67102
42346
96352
12752
28289
54295
90504
81737
59983
78491
81539
47342
35080
11944
66637
34734
17958
16296
85110
57744
73088
12758
12806
21491
71940
18005
63000
11512
70225
11853
47850
33572
29001
25567
48854
81103
24859
71539
41691
26872
91774
62662
84292
53772
84651
51142
37448
33294
86703
13000
62520
92506
22962
8274
76708
5558
11071
48901
94481
52906
12503
29333
96510
87992
29823
79802
7203
79013
94334
77982
47421
8742
82947
5593
95152
74719
93935
23078
16767
36880
40652
30469
11530
62942
57787
59386
79098
25034
57952
60778
68877
88924
88842
46829
55688
43776
2040
68840
38673
39184
24610
76075
55845
51432
98795
93385
26465
42628
91154
26544
70464
43255
53226
68278
89283
73672
23565
40014
9111
73899
2024
50606
6870
34911
51574
27278
85269
53164
42633
35233
27541
34494
85886
10916
84876
15589
76854
8831
68485
27450
21700
9631
522
24927
49514
48367
65762
72811
83822
49376
73333
26775
99015
49040
92484
39050
250
98973
10844
2985
26116
34259
33891
43823
11843
21793
72857
25395
65463
80421
31634
41080
88994
24839
44721
40928
95413
6814
11891
45690
79638
77298
80034
47633
10558
68730
23857
19952
74467
85483
99250
79990
74796
46848
20849
57375
20950
48160
83409
983
61758
29350
1983
77662
18538
90631
27039
4873
68532
3238
5404
5030
43613
42572
87958
37301
47949
73728
50586
30694
17481
30719
80482
50751
66424
57752
16047
90904
8738
14796
31580
67987
68387
46581
41567
90121
18458
65866
72432
97685
51382
43902
3616
76228
19834
94971
75276
61121
75857
35554
70067
26284
1255
51748
60860
40702
29915
97513
84504
83564
52320
64382
74841
20811
84072
99604
31743
19980
86541
12361
39915
87791
72733
87266
23879
1018
5591
74673
19400
68905
53004
67206
51716
47358
50334
58664
50803
56293
7652
89662
50645
54349
15798
27607
87812
25734
60289
99205
43934
67431
66845
47147
47287
95438
32996
34269
40498
90268
62360
341
26695
64116
5815
35735
44436
62411
86956
83611
76152
5329
28305
30394
79808
40255
22242
79650
27369
3268
13730
11253
21820
4244
46918
96552
87805
28231
72511
3115
57704
49920
91736
74279
98215
65784
77461
51952
54489
80580
25703
24510
15179
33012
22551
31880
19089
31835
32540
33947
47524
86480
37232
51612
94921
40296
26068
13825
37134
64832
71055
71269
32721
30870
64563
942
42501
58280
38799
35721
28370
67381
36943
6667
87408
46053
8602
62111
54596
93205
22441
24191
64021
14149
80861
64997
71161
53778
53425
51181
12020
87486
94159
64532
63254
65610
29464
24145
95204
83124
62897
24226
70806
81057
85945
64781
93433
86705
41779
43456
42987
1444
69114
33296
46502
65930
17098
48574
40781
14277
96324
12918
77374
55917
96792
67026
32632
96319
21642
80529
29249
69824
4774
95917
54524
44667
65941
65078
23799
22572
82477
74193
78690
75976
21105
30491
90913
22593
79657
2597
37843
83270
15812
24382
52943
86941
21919
41437
37876
43058
61602
22742
46315
53749
81208
85449
24624
30776
99851
53133
36942
32827
98718
21771
28381
34621
18880
35444
64387
15358
77420
3645
8280
13254
92334
42840
28698
34244
98959
63975
36587
38953
8855
22235
2815
43922
37701
501
84045
28378
63645
11806
8907
28285
20157
34609
43511
91556
12727
99668
31914
99655
34575
21778
88223
24904
64426
67231
89074
35543
43420
76854
65897
54857
65673
93556
49302
6042
22404
78930
55389
81243
93856
7074
51230
71731
92380
44106
37516
70814
1082
43527
84472
51197
97466
95548
21072
55062
99310
5513
62134
42362
30296
84620
49311
65355
84075
88475
65216
98586
98598
14724
97245
62903
8455
77751
7962
34856
78529
68521
38663
32267
14295
20107
87138
39148
79019
38184
60099
24953
89305
39803
95463
43164
71126
49824
80746
2542
85575
49693
57623
55901
7270
20064
83015
58644
36333
32737
14740
29702
8296
45829
53043
9094
36451
12797
55415
38242
83295
88721
45978
34884
29449
72568
24950
76611
92673
35199
31024
21845
54988
74610
22643
72298
64685
93861
73118
16370
99964
91114
93257
53574
71723
41852
93828
87683
45252
83360
78293
27152
12526
80498
95970
43774
8156
23629
20056
79343
58982
19957
49308
54396
11521
52690
51503
31822
19317
46163
33929
91573
67868
90668
33550
43196
34127
74869
46589
19913
1282
95024
34964
90492
78412
27328
13734
87913
50960
6054
12088
67209
30274
71219
17083
57178
92015
68533
43738
83902
80387
32354
99158
91033
87008
87400
98270
93902
28155
42322
18079
8574
21101
32726
69133
91380
47755
79302
148
83533
97000
96387
31710
66574
1784
92168
44023
49909
22027
35662
50470
50650
69335
27067
19638
95679
85854
40777
19898
87803
83080
21812
818
37208
45730
755
35254
55772
37984
7329
17341
58364
44874
4612
3195
42805
91230
68324
32737
53092
66958
39331
12884
68030
21879
57388
89014
46675
58900
44322
78460
10291
15878
1654
71324
76857
52540
74577
56760
56915
8712
800
5644
64633
9900
56176
31146
96676
53501
43821
38214
89324
11532
26140
66236
14637
37336
52986
44811
6100
15507
3508
13587
87503
16352
91891
75382
15167
24729
2847
5753
66829
17731
66119
78558
47276
38605
53380
69109
70171
82805
11606
3388
56623
46690
9037
82877
6475
64478
99403
96720
86791
85924
79764
12818
1285
2838
45608
90942
33649
28048
22981
41665
90741
29512
27773
47881
66584
26135
98995
92344
51391
26135
15299
67819
21058
93347
85990
14691
3688
7040
2897
76134
4844
49090
75683
92419
17780
34726
78305
12909
7707
85352
6226
57349
67240
94567
51088
25432
77281
52193
5417
84955
6059
38863
6358
95245
16361
53680
49810
12312
78783
8118
42183
51475
15795
35789
954
46927
38423
66224
92126
59905
3139
70822
47807
87575
82429
40168
45560
81338
9896
34917
4336
32807
15261
60990
95251
32352
89453
81905
56525
49358
94917
31259
86044
1658
18096
88453
33236
58921
36246
76269
97389
87446
57111
16295
85915
93690
6133
16409
75316
75207
68887
88900
36663
84279
13968
93564
498
24796
66760
15704
96268
64050
44218
9635
58578
22930
92206
58486
48797
9286
12354
42183
10154
80969
60179
95410
29349
23892
37128
53315
79009
41828
24862
62794
77972
81411
78272
79416
50870
38228
81931
90648
9869
87445
99718
33024
42845
8615
39996
11608
56477
30906
68938
51274
57167
4816
63403
62404
88122
88622
33697
23724
87450
774
57506
39533
12202
29433
2128
90870
12420
46809
96439
53507
38368
20068
83170
79723
44751
56844
26653
90469
57788
59601
19332
2282
13926
32674
4465
76659
223
80276
47916
85219
90715
99256
53294
69524
35683
84865
21732
69900
71254
34682
74745
27309
40807
69312
81246
89254
61428
27638
75381
58360
69233
47136
86948
31541
13712
23806
42701
66543
94406
29272
37212
41991
60282
35266
18880
23479
69806
48161
34607
27693
48633
12235
62323
52794
28992
14537
45304
86520
79240
49459
67731
21080
5698
31698
56818
84195
71591
62732
58049
11028
24829
58699
53507
51282
92545
2818
3090
37006
30757
3718
60288
70862
28199
3840
49260
72192
30713
94382
16877
61883
42221
83600
74710
47805
91523
91277
22958
52192
78813
40732
26522
68112
18378
53235
75246
35783
32734
17142
64661
6656
62425
9496
41782
1524
57397
61383
13544
24352
25556
12231
79516
81505
78197
20969
20429
52034
22759
65963
95663
52613
26790
85959
86447
81929
68148
56380
85625
9857
10898
55154
69767
2966
70879
7450
11806
82450
21801
2001
6639
5742
13074
48823
30629
90530
12633
13205
46146
27968
88469
8389
59680
26827
20406
95883
50025
60082
32988
14296
82843
22231
18114
134
41655
25248
24679
86901
48839
35036
75021
9721
16156
35800
13338
98558
45508
56378
34847
51841
15484
24040
63908
70016
52085
93919
46827
69091
27456
81390
94400
31006
78483
75420
7583
26374
3826
90591
23467
55849
91442
8432
38714
23780
68997
5517
51754
65239
20568
67460
93113
50410
28330
90574
88912
58308
76912
35212
58825
85328
46372
30243
95170
859
72214
99708
76031
27074
90581
47933
26350
73825
69383
78822
67319
28955
3514
37407
66478
41927
35967
57467
91180
42190
74125
18590
60383
65385
84343
57403
15869
1138
74886
15516
42112
67190
78699
11208
25729
27710
63877
66198
57689
53233
93379
66826
5884
82361
68381
21986
17687
75911
75035
37448
26454
34711
56551
63639
73008
68742
28946
86798
9851
14388
54860
26570
9624
86646
93157
38660
95102
89103
81677
26372
46683
21118
24704
92831
15024
38300
31664
59052
26292
19650
16423
32435
56122
90204
43336
97954
579
53289
44722
90128
13712
3609
89163
21699
4623
20998
30383
19730
26758
61076
13584
8208
92508
25058
61351
73905
25457
594
55681
16272
66027
61523
1495
688
10458
123
99638
60661
7481
8215
98972
15525
77645
41785
87293
71884
80047
84663
25229
68293
81135
72246
5029
33905
52108
82524
42391
91025
9011
84635
63719
54048
26114
10291
47152
26015
4489
1398
70451
26902
58328
81280
15304
76688
73624
96805
22722
26016
36483
78320
34219
87857
59858
68772
40599
22707
76256
63135
35520
32638
54911
44456
31400
63451
99810
2651
59243
93119
1992
39338
92226
75450
27383
33766
37048
26183
87768
4202
81595
73700
42973
35427
93056
20789
21689
96026
91328
96635
28482
10654
82877
45895
47844
43306
71062
9416
4950
60509
77903
29094
36285
23734
28065
76739
13663
15284
74323
65684
66822
3293
90561
38394
35758
51234
64410
46125
4495
96268
94340
84818
11574
88597
81092
64438
89690
2692
72221
78117
68493
55021
28845
22004
29480
26394
74340
93766
28722
70439
71884
94302
5790
51767
40887
88110
90860
31928
33608
24208
45674
25940
19352
56147
57603
74537
97343
91625
9499
36245
78869
542
49682
27746
80212
35639
35042
25017
84169
21354
34930
61024
74405
38055
50999
72987
11641
52285
19826
59930
6761
34526
15786
99617
67047
16683
36358
96367
24710
99894
21432
82755
55853
39077
41563
15582
72144
53600
21923
75532
53598
37684
42230
66592
72615
39024
38598
79571
50097
44049
33431
99534
68405
9589
54387
36965
45531
31772
42634
83683
25022
55076
72409
52195
40365
31304
21997
48208
22718
38532
61891
82586
93934
9396
31836
38789
86399
23487
42716
10838
53475
95878
79118
1052
92996
91169
4933
18316
78365
9257
43357
76740
37172
11027
55946
31739
75293
35196
26158
48461
24647
49016
1164
91212
37180
22051
99961
30990
51047
49843
47835
26996
88447
78794
97107
27932
54888
10872
76034
24455
55675
85523
66522
59481
80803
34853
66684
35122
34599
56830
3868
35956
65477
26002
21083
59956
74195
71516
38346
48339
4492
90508
25793
67779
28625
77207
76917
75651
893
38312
56568
69362
76522
53983
12613
28477
10401
38024
97506
27039
62288
99757
69615
66810
30930
43228
41853
30317
34748
75237
67350
54940
19269
27131
12787
63529
99464
86415
80511
65243
75924
83657
36509
15308
40748
13490
96391
75245
86841
64983
12746
38231
19713
26438
16645
61895
36583
50506
86558
91288
66153
73660
79275
15184
34740
68031
32103
42592
95059
97164
5402
42038
6878
47629
1265
2784
96751
85960
41539
52299
69882
10096
61910
99695
3851
26941
82828
93324
81141
90222
74127
41838
3734
84961
91210
46885
9740
70445
9824
68150
74415
64523
26116
12539
4212
8051
96904
59534
66684
89093
76380
38452
17088
73166
96549
40443
54987
45649
12051
99639
67869
80475
48320
97649
59562
19815
75010
77931
67980
2046
452
17453
48131
94526
41425
11717
35517
81249
83797
49809
57228
1494
42272
71788
38478
63007
4795
14701
72551
9566
37775
73918
42452
50925
3116
77423
92092
30415
87444
37084
12225
8837
23537
33656
59622
8926
22782
47346
5524
39797
81702
22015
38844
78192
52547
87573
27642
9715
31878
7902
22858
37691
49350
9803
40514
26264
67164
43286
71265
72269
43860
61580
90784
71892
75934
51874
68627
5555
91637
69588
69840
50270
44758
65937
35590
5030
81458
6519
35556
81549
48926
62108
6254
66840
6645
5134
75861
39014
34415
66179
54808
54933
54342
78890
42167
91829
89672
63976
46556
18972
40219
98040
72304
84016
21755
81728
81467
45115
94412
96329
75089
34581
38947
8368
49930
94348
80934
47215
63197
46110
52580
55090
69031
21930
51710
2879
29720
91842
2106
9838
55082
7572
3732
62242
82876
68074
81201
51230
99524
82951
90282
89781
27787
23949
23321
41493
9153
57810
78950
74690
95008
40643
69409
23894
45068
28963
76500
34777
71495
81419
77075
44515
5671
76864
95137
63999
51936
29144
8264
44315
66461
96945
71478
11996
31752
39629
31690
84681
88367
42441
30577
30012
10725
24804
4035
93199
15106
104
17637
22369
48433
297
23943
36855
24655
29941
27685
47263
7938
12788
68788
31824
53460
55517
3818
20197
33376
92207
71335
12864
1297
99918
62
49694
46353
89006
63982
2567
48314
88018
81128
56293
82804
53575
47265
5686
41939
6680
98413
2884
1553
17244
20401
53326
40860
68591
45491
55666
38248
92620
71991
56776
52746
58861
30542
35259
26397
91920
44975
52654
95450
76238
80151
85573
3000
35861
31305
91709
54628
41931
55552
44401
85339
86816
60720
41103
43810
91574
40848
18737
7343
50174
2168
54617
54570
142
93836
96858
8474
72250
99586
79836
83430
63716
35840
85699
48341
71386
7284
61393
37641
98176
53338
16214
99559
75424
8364
36089
50115
64367
66174
365
16910
43859
95057
61553
2216
74986
86793
57658
60594
61214
55973
49377
71516
90590
79091
82184
1241
65851
83185
11327
50097
23775
65693
48608
54822
20171
32619
10962
73505
92841
94499
24905
25299
74272
83834
2307
77953
98163
53850
3672
40933
61089
3070
93189
17598
58055
62772
15126
67913
98633
78139
12784
61581
95094
66691
69699
49429
95065
1365
67679
34734
45337
73363
73146
62421
92888
55965
97337
25652
62491
23440
94922
32780
3266
64722
47145
41262
86430
85128
10898
32293
49028
49523
1477
81270
60750
56981
75029
81666
87739
70225
86214
53761
68864
3286
78029
30573
8539
35738
80535
12881
68845
74472
11505
19374
97758
36544
10097
87932
50286
16497
4645
65030
40158
18682
41675
61458
47799
67293
86965
6969
94663
64401
24713
34108
59643
5572
18400
18205
79018
51228
54634
72520
15756
57879
64010
60409
26203
40623
18521
75457
55130
56591
59342
3802
30841
13085
41891
11697
67041
16825
28101
58525
52559
56395
12376
59980
52552
16436
88972
57808
38776
26775
81418
69048
86214
71803
94701
65428
6399
82895
59937
54291
91204
89962
91087
86932
76360
3766
26643
62521
80098
61497
83652
57417
44329
58205
61510
79844
26168
66736
94931
68735
40856
67040
6172
42360
60914
53415
79787
14482
24026
27123
13525
90171
67451
77056
40180
53802
8482
60754
13421
27185
14798
69618
24023
75977
4783
31100
67476
32434
60757
24233
16485
1184
63365
82549
26301
52310
48305
42173
91312
59678
61762
8277
23904
38619
58152
34850
56376
60773
85640
83574
88833
37275
4659
50903
11353
77314
82759
77194
18583
8928
41805
45463
7395
65009
19953
78647
64921
76381
858
56754
22369
94482
12958
81453
18074
20811
13298
10348
59568
79922
75911
20790
32023
19244
70736
10063
86901
81095
47208
57308
15279
7783
9180
76929
48530
18509
64434
46620
72528
19474
19463
79584
65792
90501
25306
26224
87495
74378
62619
35474
72830
40446
83297
20566
88511
73408
81418
80695
21921
70700
4903
22063
43821
70016
36646
53965
28240
3889
60930
77908
8085
3871
76741
30482
38346
9949
3180
22738
64872
1965
26626
32255
76985
68585
48282
38578
44294
53125
22873
87296
20374
58517
37616
31374
76051
23331
82574
45597
40842
31953
33124
52008
92263
5241
88995
93261
79743
95568
79287
14268
52603
6757
67325
88794
91094
88597
20958
73960
70360
22153
17766
21200
76545
486
35925
17125
24419
70366
77497
82149
72995
16917
48673
58102
48000
8593
27862
4489
14290
1744
32229
44508
77062
42669
31972
68764
92729
5084
31163
70533
34304
97894
8207
33674
55234
14523
17864
10623
53278
7411
54180
86185
85810
28521
11660
25391
75564
87030
72162
78271
76216
46529
91213
9467
97771
16934
92584
50042
97702
30068
96143
6427
34905
47791
85796
25283
25503
90063
37821
61557
40892
13687
80687
93378
37551
35386
59708
63812
95482
27689
60233
3981
362
4505
89158
10733
53133
84418
75846
39246
37716
16123
11527
1963
43780
77009
19503
3576
77512
36988
50777
67490
46125
60670
3633
48866
30334
91040
70388
70974
50680
64060
4416
57948
64652
67645
84772
37487
70661
24734
22244
21486
25647
45917
97069
18340
15760
29348
19390
47623
71184
61464
36764
80906
32647
84904
30896
22332
814
22478
91569
653
1975
79817
67817
68985
94369
30634
62319
83647
95597
40894
19823
33643
44603
36665
86794
74321
10207
28914
27407
40245
2751
36745
63485
59893
93385
9130
6266
42855
31943
51992
10464
69443
28965
94466
62174
14538
81194
9550
37032
75098
99662
8130
71212
93340
73601
26202
30293
36513
25941
33376
14039
27108
71790
57412
55239
45498
42727
94820
78158
80061
57963
31722
76959
87806
90774
49037
9651
99972
6196
64164
46813
41827
41501
14161
3894
27608
1029
71522
26070
96784
17559
19084
11040
2273
20161
90374
26416
61334
33844
43017
23862
84611
85030
72007
53487
69460
12534
50956
98371
79151
813
52124
19401
54320
4934
35092
79213
99852
67977
12965
69940
27628
74947
98175
32349
54244
20157
57707
44379
6819
14914
95146
51290
25535
31589
23968
82705
52251
11727
73589
77012
67998
82355
9834
80969
33157
26491
15534
62329
17587
14645
57316
75014
29215
92404
54334
25328
98598
14345
17976
95068
68361
82526
60991
75913
3019
75564
82746
47101
18367
63187
77432
30761
1405
58029
33274
82490
40682
25502
7712
68782
75181
15180
71314
14396
94441
2932
43033
16039
87723
44178
49609
83027
99303
52612
9514
59844
66868
8106
29812
91133
82695
56952
90258
1184
62182
75671
19756
44177
97335
74449
54742
64563
96667
19149
84615
6571
16160
20168
59816
60946
78885
89046
18626
17505
94388
2532
76128
51132
60980
57267
34895
24408
89293
89470
2912
81793
71763
54578
30327
59548
24975
89377
83151
3942
75692
66661
41491
54458
13398
22954
22392
248
95276
61866
54219
19807
86750
51458
38227
81430
39855
36562
66816
75387
61830
8996
65718
31381
51642
91176
51984
18927
82550
64734
41445
47354
23493
34745
84131
74884
73626
42962
43759
16381
49013
12787
48119
27573
1258
41703
11908
15915
45046
22903
41344
50535
26027
48257
2985
10690
82946
69367
20217
45505
99092
8567
24512
40657
56037
63453
82436
84761
90762
39205
45399
21219
81696
63869
21637
57102
45105
45505
64190
42777
96937
64260
39177
45113
68387
68157
693
24151
23530
40099
89906
68130
30741
97697
10748
81410
45569
60047
73599
34180
74483
12402
22597
23172
39064
16075
38528
92937
98495
65214
31522
69075
9719
82543
27791
80896
4823
30072
4265
4411
1172
81879
71004
13501
4685
94114
19474
46236
80835
42449
71630
16542
65762
81336
15580
34276
94448
74264
71487
85720
16903
98082
89222
96327
53613
82356
24176
65999
84025
90481
79686
35641
83089
95453
76761
27463
83764
95987
97732
22293
36402
87073
78060
13296
45275
10772
7038
74442
5197
86536
66872
8657
36319
41366
11795
89903
33004
44077
4346
91079
6337
72253
37932
63508
69669
62439
74566
37674
65887
72458
92616
84881
75491
63418
20786
13819
24203
50184
5340
30226
63140
56728
3982
96029
29304
11511
75001
84146
69133
26443
46120
97883
28056
31982
14268
48382
40945
47367
90120
80095
71064
29178
81625
41658
30013
48917
82419
60065
30338
9249
16864
75517
31295
4539
68020
80210
23594
99953
24361
22778
92971
1766
54374
4706
18786
4019
27011
1873
81474
69599
23230
84868
24399
65961
69907
25226
78233
50530
59165
71083
72326
55233
52730
84795
98467
88853
63014
27771
39343
29214
85461
12028
47201
92682
82515
96024
81017
8578
71645
37017
75885
90856
97443
60270
18319
86902
36789
12568
38504
10524
57844
69579
54769
84065
42384
83459
89679
38732
61587
42128
63110
26810
1417
79613
74785
43171
10524
46239
88585
32540
21226
46038
81060
17116
76573
64487
86907
29429
62277
44628
23401
37506
15902
63506
8356
46351
20840
31108
59499
71857
19995
63598
11667
40548
78253
80194
91726
29150
75351
9663
59825
749
87694
16878
4256
29559
67958
58548
35102
20142
9456
13967
78556
74370
55250
58847
61391
43200
69786
66805
37418
32938
15969
36418
39533
46519
22888
88799
51862
31145
72998
6824
75426
32697
30491
90523
81708
78932
11742
84429
87120
9775
41237
64151
52712
73688
90977
19919
63818
5088
96888
57
41440
37192
63476
18268
99406
89193
63748
82351
81068
51018
87730
8214
77564
63121
73699
72145
26204
81506
69680
46548
63616
30573
36188
67040
34264
72860
45409
90726
89602
8262
18586
30839
24318
61354
86379
47125
91827
47979
95207
32700
53948
69568
99624
5726
50316
53069
85651
37731
48957
48988
23296
50556
98508
15302
4014
10383
4300
68754
99726
31660
22761
61476
73785
67937
68216
79570
10865
31868
54165
40977
31863
10390
87102
1154
13669
78142
64178
92792
92614
43490
39657
55495
43941
84322
45462
43592
77377
65103
98843
8011
91616
39753
82857
11273
79997
41024
18474
8186
88831
87881
60369
6899
47215
74232
42642
46143
10621
74875
42491
91678
17697
13189
69617
6533
24787
33775
30438
5676
21169
29304
42244
83382
42888
6722
56935
2416
14306
16550
4775
57313
12273
65705
3884
47991
81358
76149
93299
59086
61130
14743
57261
71134
21693
86446
43963
78248
94806
35625
30981
59563
84819
71347
62428
38826
60187
48576
79591
20921
82375
69589
80443
25055
88244
10355
19267
88883
1354
99854
56525
60023
65035
1826
32863
3570
7631
34328
13380
5177
58316
12659
38223
31885
84059
14962
57289
61858
65876
71302
39166
30377
9897
61800
16766
61754
47940
73110
50084
82237
92567
8518
39924
9757
91849
41677
32744
62283
87923
47019
30396
5301
86326
38877
23487
4411
23667
57237
97670
69793
60647
11230
9120
81956
1267
9176
66143
92608
99740
73852
77723
37807
86543
48531
5259
2139
55199
56847
42157
68306
49293
29219
62853
39050
77574
97186
9809
7557
85473
84819
50567
22743
21935
67846
42142
36454
1861
78941
88441
73245
46222
93726
14644
53391
7599
97403
92534
94273
39896
43361
64610
96913
20117
85611
12145
41367
31489
2299
25086
53915
32632
47256
81852
67530
87452
21460
63280
90963
74725
52991
43819
14699
70522
85395
62846
14439
53259
95500
31252
43373
26342
3467
12007
95219
6000
69109
26988
56765
3789
91144
29196
32106
79956
49991
67098
26463
6949
83669
5160
8574
26302
83741
30414
41198
84241
83431
88448
35811
95822
8787
17757
28939
60077
14683
38152
44481
96997
20411
91456
50004
78529
99136
59322
35330
50124
61181
71311
21353
94110
60282
64414
23551
30753
65125
53248
89704
19619
56683
26126
34809
22633
60608
55274
45643
27054
18502
4198
9530
52691
47331
79759
59291
48963
99229
43210
57503
13215
97807
24982
45363
823
39729
19463
31878
62903
85893
81579
31480
11798
15719
50942
96616
81926
52651
40023
54329
54962
59614
96265
70728
95208
58077
12997
55813
15955
71981
94718
63583
92020
97310
29041
35566
90505
26303
26140
4943
78429
11399
95742
45712
92131
47967
72553
94444
48039
69672
46355
65675
48533
16139
97678
8623
96784
14376
51469
84258
71472
17009
7362
60960
73767
75272
55396
66677
19496
94129
21829
97645
41752
92516
98193
8575
21513
2922
29226
5258
77479
70046
85896
8954
94237
63241
27549
32315
12112
27766
34703
57627
41072
75138
17843
45592
7717
7469
87927
50087
92806
6328
46074
25547
18226
47042
62477
45672
90537
79339
47254
85076
25969
29641
4346
88445
99091
28498
21855
52176
5916
61773
6552
29878
72743
92504
52829
56624
73964
33066
93708
52828
57309
24786
67854
60404
96745
3989
11784
32090
65072
6241
17348
49938
45319
37685
34669
55647
56815
35859
55042
78796
80814
63212
23244
96814
49714
90093
44426
32813
29001
28946
78121
19186
37486
42411
48259
69177
20914
97673
84413
76082
20610
58582
927
10932
6544
10162
6591
34144
36935
13321
88104
88273
98693
81968
1364
30996
22442
84211
10128
29639
74364
10423
38147
79865
12277
22360
84814
19725
48280
40749
4097
48972
79694
64624
36352
82739
9130
32409
82268
78668
87094
4987
28543
78022
18637
99338
93800
28332
87908
2150
33802
58062
59247
38340
93955
68322
24964
54877
39707
17233
90348
63445
77195
6522
34794
58961
94468
38703
35069
61269
89745
86048
56264
50346
19574
98245
85811
92160
68665
68464
5181
19520
14890
88104
21336
69313
94242
52254
8894
24375
71980
70964
53834
98144
91975
50842
55818
63438
31404
92156
36903
58645
80881
73057
66263
50432
13677
51895
67812
10119
10620
69139
42137
59282
5290
88322
94069
38332
65486
55175
31384
85054
52355
5389
92966
43337
18045
48789
1042
7373
6458
50288
31351
48665
75395
3460
29721
84992
14970
72709
37242
44615
67748
32888
1588
98591
36746
3893
92231
95320
77324
21770
80846
3344
85061
15066
455
22343
429
47696
84247
18025
80027
80721
35456
742
40684
14415
10198
17417
87472
40256
18429
86297
83452
31172
91916
53483
59186
50947
86271
39938
74022
61575
32577
93858
66173
54419
43175
40488
90327
19766
27535
9818
23151
57903
37244
10295
48407
53574
18459
42723
461
17957
13859
81717
19578
65544
52866
66461
44733
50594
15
1184
30575
41220
69194
58867
42119
19692
90400
31627
36170
70002
16409
82180
59744
55504
67077
96431
58315
58490
48085
60303
87439
53301
70477
91828
6153
5323
74169
43400
98025
90224
985
63083
11371
618
37439
5185
31130
90243
93324
41678
94487
38935
96713
36443
76103
6660
9122
44170
87962
26331
14211
85902
18364
29615
45416
90972
86086
86192
52833
49579
81605
2706
4884
62944
83998
88185
90052
27567
22869
47471
5584
19154
76495
69245
49499
94736
84124
89475
65846
24387
76541
14775
73432
92954
65262
13686
56237
50689
25335
36026
57218
254
56410
10533
87829
4
88075
88434
63001
42696
75886
66995
66819
99316
13316
20501
83545
64155
37105
73133
81423
76211
81035
9416
29307
85082
66391
89230
22646
35563
99291
49141
27590
44406
99270
12541
61238
57144
55366
53611
67336
17755
11387
91102
19474
96513
70038
6034
90457
6172
32327
39209
66488
53592
87753
62231
21394
25725
76083
95388
11934
10933
10298
63397
43867
67422
85784
66421
37480
73491
70347
38154
15295
81666
82910
55608
37557
16061
20343
45294
21825
18838
58401
13820
35127
29292
70342
30266
22443
4216
45950
8260
81391
89862
6312
62948
97943
32968
25420
26301
67831
42265
97085
33814
82545
42436
34495
15598
75368
37222
90300
30460
58765
64101
10798
45694
90815
66307
47000
7165
44922
61256
12471
18959
69130
78356
53570
51852
58507
84935
95673
90227
73049
33465
47838
70689
11580
3469
57288
44829
10948
45180
88499
30904
13670
60588
63935
69610
43755
63546
24161
75837
59910
43398
14699
1051
70985
9398
1049
57457
53800
69029
44172
10086
76865
63847
42156
77608
21838
98352
7196
53799
21421
72254
24300
28169
41549
59227
2528
91879
87089
11411
35134
21243
74015
24963
71658
1082
9973
80010
15452
74269
64551
21252
96698
58442
33124
87062
31018
11747
28810
79277
95529
85767
69664
19349
42046
58148
39349
32941
23351
75016
43817
85512
23262
13395
62767
52324
77691
29654
9525
71884
34148
96724
36965
76232
59579
1692
69786
3759
57624
81744
66984
39489
72692
91483
96639
68961
41780
88218
50387
72706
62238
88289
59397
96268
72514
47950
65546
48294
61632
84344
92370
58807
18089
49241
13904
74451
93064
77123
30178
96722
68325
38992
65136
48806
6403
7589
6362
62648
91059
83385
29534
51279
75722
83079
50064
74553
52636
50740
66299
81151
95829
40466
20789
72521
62118
8222
98781
11659
65371
32313
4174
18992
29266
99273
73523
82988
86256
4370
802
35027
40521
6084
36131
4291
83001
66535
23201
56536
25799
79253
66279
90357
28345
9640
76102
59439
33535
51961
70192
19049
49324
69928
86394
54363
79189
57620
45393
46927
18838
58152
87976
84911
75264
13268
75897
26762
13930
8025
26155
5125
1283
88298
56148
31997
26207
96158
13261
22625
20331
2837
94396
90515
60773
68777
49077
54256
15148
4930
98149
46444
96290
51384
11587
12873
26425
50299
47864
58482
85606
69300
99324
90398
13206
96607
41912
56196
27706
62380
62923
12824
347
18582
887
81948
82242
53681
86926
87723
8631
57359
20617
1026
70006
78872
29525
60217
20438
54139
4946
9467
46387
22206
24250
1505
69940
5789
88315
47187
91077
12464
16657
88409
56391
64887
22598
90376
9746
84948
28807
17079
4585
40365
87125
75398
83629
9561
89432
52191
18096
10660
59228
95350
47682
3177
25432
82052
47675
72026
51465
89679
69856
83067
38202
84918
29869
84189
23678
99964
6785
75615
24407
11793
22272
62613
31861
92259
94414
61851
19757
56682
90369
32367
83876
92761
59270
86254
15719
41078
66115
69051
95959
71612
89867
60190
77051
70323
37715
99947
60674
14049
91565
13278
54882
31275
34044
84632
4494
54467
88060
89885
55841
69667
56343
75060
63188
16856
53298
17633
86005
70468
30233
52811
68670
73359
18131
27019
29045
30863
89289
80817
42032
63263
96350
10009
57851
58609
8260
86565
96000
27060
19238
98445
6168
47329
48902
26998
24134
42317
7032
60707
23765
43881
39588
21334
81307
79715
93705
49856
72500
83615
35718
30016
8057
81075
73943
12942
53988
62579
34575
87031
73688
24098
16418
34345
87446
29926
29404
9755
70183
36712
5286
30782
24518
88642
4289
93139
34712
4213
73787
10022
63802
96453
90632
9804
38544
83583
26079
32186
94636
6366
38405
52162
92561
49659
5607
99441
91488
97792
98996
5560
93453
93384
8797
87946
89850
11790
81590
11725
52847
28708
13338
62319
40847
66781
8239
89988
77789
34280
29965
9628
11741
80456
32284
17298
55990
12555
83168
18945
93625
64879
53917
68581
15981
27514
99098
48048
55925
47305
18106
92019
70754
68041
55337
39456
26127
34831
95461
99727
11282
10935
90768
63804
16306
95750
36786
10745
71900
2648
90514
30329
96645
36164
65232
31680
93549
80125
92918
50274
38012
27296
32840
48346
3536
63520
69118
34592
1071
86509
13111
41133
53460
75343
71668
35963
79573
95241
46907
6828
40890
90097
53358
31241
36648
58317
18392
71931
59751
78937
57750
45526
74251
26329
15890
31121
97004
48210
50367
73476
17812
19599
36324
89131
99940
32549
62632
70366
52206
67864
71914
58844
98855
55100
95658
25564
94018
89379
22926
94131
92684
18825
27495
76741
1174
50918
30742
56890
69237
93399
39262
28611
11066
24357
28237
58978
35987
33256
53791
47793
4652
48505
82142
36210
27429
49991
76122
75797
99748
60963
32813
41091
22918
89349
98436
9153
21815
55276
17038
221
35100
32535
3746
83172
12240
55881
6634
84811
3943
32030
18899
15985
21647
2272
62413
68997
49440
14388
46466
60772
93308
66319
59247
27756
56346
13433
30218
51443
58081
92022
12529
35034
53038
1790
59273
60889
36776
89804
69535
8399
98834
14418
54824
87568
16334
62107
60539
79243
2237
18146
77190
44026
43104
69630
55090
91854
62102
62729
16661
40602
66932
78695
79874
2513
26481
29020
28240
71568
22165
90849
42480
43544
7468
95331
21344
63549
7645
14963
59197
84305
66696
48255
21795
36372
56479
77672
25192
50576
24605
35255
1419
38219
74712
74848
36687
83614
12067
39857
42361
93568
9588
21388
71413
28004
48521
81256
75331
50745
62980
10512
62168
53858
19561
49615
61172
58021
19897
48290
31018
25363
17250
76928
55710
6230
3889
84958
76596
59004
32516
25113
93936
98189
20039
61198
75730
60418
86991
59610
11388
98920
66119
67418
19918
4606
74428
37959
5544
79887
16296
67937
51149
9747
635
58524
75754
34058
22356
94997
15751
2841
35848
1623
59338
23514
85638
21552
53258
39349
5679
25523
81160
61408
79183
405
69408
95921
65046
62424
64445
56743
1257
27512
31545
99003
77114
99205
50747
42093
39671
75849
528
85522
52267
83689
91317
41144
77816
90507
33298
86869
8061
85490
43401
31351
53954
4090
35288
49303
82392
67470
78107
65344
68557
80829
28054
74777
28354
3998
10592
82963
44004
90703
91995
80104
47686
9427
47524
86128
81187
2345
85628
10296
4134
78793
74564
28513
1331
75310
87304
95843
23088
76086
52902
79843
74514
53659
50108
43203
10570
65740
33004
25334
7611
73298
1072
31110
83496
68518
31852
51787
42944
62973
13636
74849
11522
79278
2053
81261
95509
40981
7825
69887
40746
89339
7475
28198
20469
92700
10165
20603
49630
37441
55668
89530
51529
25717
10637
29423
27546
56894
87382
4632
6176
51768
12994
970
55861
52366
55050
94936
28437
73815
51274
69377
93030
61032
71050
22551
48464
54146
39667
25470
65631
15556
43399
42094
72424
78359
1433
66943
86631
99825
73036
19928
66993
6878
22780
2594
52655
89764
64781
87649
29669
77653
15107
75605
63376
50377
89939
57886
4343
76727
61586
39986
98819
88893
94238
86558
89385
3546
52658
59634
37442
91843
2648
25653
22159
28507
53029
64514
73267
96936
25480
28174
49888
43124
53630
18285
93821
52786
42950
71145
22501
73281
30129
63366
33213
30985
15256
45440
8579
60677
60002
7314
56821
71432
7968
98042
28283
1380
67556
22527
14611
6164
56985
39743
94479
34830
32147
29018
70423
37432
173
90136
61058
51297
83746
56833
42406
96572
51548
4093
28739
26871
69799
64026
79390
78002
10848
13528
13297
70734
37322
55443
51174
68854
55062
76768
93530
90310
28995
29253
50182
68469
42151
37797
17449
9099
48334
94382
30198
84566
86520
87223
17658
62746
20713
2874
64155
89275
31044
93004
41220
9483
9211
44723
92192
95033
94159
74484
30405
73942
82218
28468
62176
97989
24712
27957
98261
70439
32063
76959
9859
31249
91698
35945
20132
97574
88259
23958
69192
83941
50725
36578
37944
35822
52706
30965
42841
99385
26392
70398
67017
59075
47622
25805
23802
57813
76449
8666
87030
42177
95060
90632
63660
18589
77490
23796
98996
64583
98632
64194
27553
13946
26285
4574
74714
82371
10451
15995
1567
17976
64493
43242
66387
20009
27293
87992
12004
42195
83312
48326
89949
11213
45202
59899
76384
24206
91582
443
80602
73485
30320
19740
55753
64090
2803
69390
26382
64434
19777
13937
94891
59135
54321
89638
10502
63431
54148
93710
88694
1689
6785
95424
71687
81498
84918
90071
430
76265
23186
79472
28956
603
40104
78086
90251
48272
39954
72917
78079
65649
8198
90670
15972
16396
43800
87720
51410
65366
3823
59201
88915
44653
19308
54187
56264
19237
7492
18710
82096
19144
75191
32484
75280
99635
28364
98775
65719
25175
8758
87984
78471
99159
50712
16601
67469
4887
80836
78949
53836
80120
44941
29940
62269
13372
36488
14087
4003
63611
69432
21507
93781
32079
15309
30749
72756
28176
74599
83819
73542
54933
19275
27823
57500
42658
19021
64536
68481
79925
55656
39733
42253
5127
46575
63589
12817
59289
53643
88548
40015
91266
7297
68050
32296
19431
61613
13105
64319
5393
24548
52949
46375
40779
2369
85756
32395
67050
16402
16480
78773
34032
64920
17136
78736
27477
59353
6035
91806
75514
30514
67762
58455
659
30296
50230
96188
85606
69499
12997
71547
77674
28995
28230
75303
95460
43966
48015
35298
1645
46685
49963
82986
33634
77443
77030
61386
1206
12375
46580
39960
15009
80667
12105
30363
96027
24132
35163
79332
72485
15512
49659
54649
32955
57644
15693
90535
43109
87261
68411
98599
62465
30080
88128
77648
7715
55788
11814
90871
56692
72488
9416
81036
93804
94051
61133
42777
89893
89566
21184
52724
82718
63789
56316
11466
29276
35589
79870
64195
55504
78794
35804
67884
41920
92997
70336
86927
33991
31868
47288
78025
8138
26545
76874
90934
17725
90655
69185
57426
26786
8540
28249
69346
66599
77627
90583
85081
69734
30433
63214
21766
43283
38144
64021
98572
70202
86574
95882
31103
71755
95924
17648
27885
55362
62197
60542
47111
11473
30494
9417
24462
66488
66056
49313
81618
52224
7877
24320
877
4753
68694
80948
6758
98021
94010
10196
70887
41616
33598
71702
4738
66961
79272
60712
97384
53859
22556
55622
48615
28544
13508
49566
72693
74617
57076
67885
70889
39808
53262
4913
93681
18618
73609
38803
67397
26547
39039
56059
57845
82635
59153
29868
54323
92524
44319
90312
63375
48017
77653
49916
48686
24845
11724
21143
20031
62719
19597
78286
47
65035
31658
55318
14979
46640
16398
92600
44740
62505
77592
23717
55812
46148
89377
3854
86657
84414
28966
29426
43981
64362
73634
12838
52247
46656
32177
77308
40621
75599
30999
90512
40882
77754
30360
13402
79005
16499
84890
46774
76071
25739
21136
91278
88153
64424
57192
38374
7250
20870
78931
37437
38076
78583
66352
34100
51101
85270
46485
52544
95594
78383
23117
63821
64794
69878
58371
89896
74171
38141
1948
83440
28135
63538
93350
21028
73828
59205
7776
95312
71158
40049
70678
10800
81535
16024
69669
12718
91611
27185
57405
35589
48007
48160
4585
34955
73533
58072
10648
7420
12613
97659
78837
44266
12603
92936
52236
28116
39581
71255
16746
81744
52908
49375
45809
13116
18650
22452
67113
12410
50805
42881
2306
20555
49896
4046
20189
4869
80781
66819
51122
1146
66205
501
9750
90802
68361
63917
75518
36171
10142
91731
12692
18416
63196
52501
73663
4555
26645
67510
65962
98723
37117
79591
63921
31451
58380
49157
61452
57595
1160
37858
33944
4925
40457
68988
30204
14897
7934
85347
22638
12002
52530
93613
1325
31844
93117
57620
43579
53013
21158
53023
23041
57126
19565
35269
76071
86959
735
90759
84897
63176
83660
42057
78316
38057
6404
12911
90754
50826
75887
58732
91814
44465
88994
71799
65257
59595
43635
98323
74711
81057
52137
42155
20735
62835
243
90545
93090
61898
40534
80324
48303
71368
34594
93417
44639
26128
57908
67396
92646
12631
74522
31274
35266
43573
67455
98353
29893
96087
25004
77978
49122
9166
23370
29374
56781
99078
99676
6936
31951
22185
47649
37918
78612
22132
586
27661
19741
79360
51689
71986
64399
1032
26747
97203
66462
72790
26168
99413
98664
97941
59045
43658
13002
16419
28347
45996
16918
6070
61794
15880
99213
56713
26978
68642
34098
81931
43994
17651
9466
71956
59408
35526
90374
54025
54048
65098
77075
56255
40554
87642
3060
30291
48084
38005
94930
65682
15928
57756
94467
24569
30009
36047
66000
1110
97443
19212
37995
5989
95580
35964
562
32822
4305
53452
14008
19554
3274
77499
17837
17127
60024
34316
26097
42947
59306
52410
18289
18275
24146
91481
8621
87486
32708
75278
23071
93456
23866
1587
58981
46907
72062
32458
66593
4373
4238
23165
98948
9995
19775
49973
15739
39302
23946
25909
58343
36650
15031
84532
59111
95686
35808
43033
77754
63796
81998
13753
13530
85469
63101
16001
47118
69097
61421
23662
22335
90205
85336
33189
34829
6073
69393
67474
61043
81101
8462
42268
19275
50098
60137
95496
16728
26345
92927
56016
71721
50080
62114
45938
43170
30793
24029
74967
92754
36307
86159
64382
57199
35432
75949
56786
1248
18024
30026
37586
91143
81039
30195
62709
19479
88150
23533
61770
41477
56702
77644
46659
89375
83337
80299
53996
64483
39349
28791
47973
39850
48096
82690
93521
18083
60011
53400
14372
37841
57699
97137
35234
33644
89849
77975
28251
33538
75247
46068
87737
60062
80400
35070
46643
33167
76784
45971
95876
78763
97660
23733
73221
25102
26256
57602
90256
89593
19129
34239
64394
79915
99603
96981
43839
85885
56540
56093
23524
26726
81979
9275
9144
49530
62876
24533
72759
85550
59038
57134
74387
75618
97656
34895
62909
8664
67594
13463
22428
30485
4060
18194
25461
59447
81059
31017
20627
46200
69365
93575
39498
18863
55154
48882
31673
73529
44560
71035
25898
65115
58148
23133
23980
97305
9061
84055
77174
54293
75598
60646
25679
27028
79179
76836
65882
92495
50423
57694
12734
94962
59959
90367
56266
19455
60091
1345
94370
55983
97498
89582
80784
2241
58614
15536
61534
98314
24206
19809
32741
49604
78132
75657
58924
69739
93812
27347
41597
97002
17158
46055
41678
80952
98637
70403
55916
79162
64359
63989
22590
2569
22899
56941
75235
31042
64145
26754
50417
12791
89577
98196
81983
55177
1402
61800
57094
31415
14333
35917
74536
29577
91123
43492
64986
85063
24044
63354
30361
62765
36759
69975
96376
88957
54216
70920
93200
9484
10230
22602
98888
83849
97796
60273
51547
90122
5907
47906
1427
75617
2519
12743
85364
51090
63174
3357
9224
64502
19840
35856
9957
68776
39915
55228
19659
99321
38522
63435
88605
29499
80908
81222
92954
5569
88479
29708
59121
48657
40027
26898
74628
72627
99995
75757
7064
36674
44905
31775
63599
3067
80565
92173
95851
79433
70554
79065
56915
87213
25017
33416
83458
81022
92266
70683
59946
27431
50739
68446
9571
14791
31590
78442
35671
92593
6773
97866
83787
67532
89864
73056
41602
75814
44113
66987
99532
58050
98724
99962
73508
98344
31378
73447
24738
35479
56857
47678
92712
12008
21401
86712
49252
57320
6722
82238
98726
19023
99398
42058
41594
83933
39714
59972
59506
28951
18012
3367
16641
85661
96087
18627
2678
54916
20249
74446
2244
99557
65382
93997
99340
9294
69671
39089
62486
73516
36185
4460
30742
3780
63308
34722
38299
39968
29017
44611
54059
77101
81559
88675
71488
334
7460
50569
29666
10799
46670
30005
73144
59971
78950
59232
96451
46148
81121
50878
52829
53986
58626
6421
37256
33803
91574
19057
29395
21419
86810
77032
18941
96407
86995
72844
56295
83251
55423
71353
62955
95936
85537
18263
90950
87480
1090
33739
31284
94808
80025
34618
84455
70039
44881
26798
66131
32894
19158
61524
82653
27240
72713
80977
91770
35238
31393
50130
99050
42836
5089
56378
70624
28616
95681
11889
89113
9328
58488
53450
49504
57940
45318
73276
90837
56704
43456
41538
8016
20306
82283
96576
71787
73075
44089
55197
70503
32503
6472
71451
44274
92666
39891
8877
70330
26616
7807
23459
54569
62371
91000
94972
21360
71579
42026
1898
48008
43042
65390
19310
24341
63426
29029
84017
36314
78261
86805
94854
467
83401
96760
63820
54912
84084
6746
39681
28148
21282
7534
56889
34016
1523
29012
52771
67049
15634
81492
28740
6679
46404
43036
17929
37667
46815
48894
9432
42498
45835
57922
56158
34887
78033
95097
66785
62672
97944
56351
20596
54920
29158
21218
7887
7089
69012
2882
14717
20412
44926
45481
80496
75940
70089
95380
49478
97687
31764
21648
53098
25074
33870
59421
23150
99410
75881
71518
72268
5962
21123
83703
14683
57952
27848
75946
13164
1872
43203
37194
37735
10993
43756
44051
96803
49792
61900
88696
59680
53248
80757
73621
21454
23255
83645
84015
31859
92104
18468
9835
24845
72419
55795
28633
54080
80323
70745
5435
19043
18591
5017
18439
1509
74802
27863
45353
18156
63319
98183
3908
92612
47408
49656
2625
59611
34666
19577
947
49697
50156
32794
75898
28715
1469
33454
64126
90101
79724
48276
73446
3013
97720
27926
36424
98381
60417
83625
17167
86434
73214
93687
96980
91819
70874
65103
65209
61879
9520
87692
74840
52734
52666
32307
6822
881
33360
78578
85827
50648
33644
29447
38788
49574
27357
54632
58056
84238
73169
1212
41322
70761
37106
52373
92064
17997
11788
22937
86683
30458
82532
40260
59249
41757
54518
41943
90110
10976
92594
91964
42495
708
68668
37334
40508
43574
14977
2234
41665
48790
38219
66851
31645
31995
98980
90253
40986
78753
8628
87046
97633
95380
73666
20443
54154
20764
70944
56264
15237
66793
98927
27099
46342
27041
3434
73607
8942
98821
92995
93019
27698
42779
78447
8428
26711
31552
27837
51319
42454
9989
89522
79471
15604
28553
83207
3907
69659
37688
29702
40766
32096
97966
71305
79295
42145
15422
91696
35949
59956
61636
4245
32300
13672
45046
72735
97354
95684
20240
4256
87606
66391
34033
42566
38390
75324
54764
39534
33688
45683
86598
99923
44976
67223
49976
50866
72773
65401
29710
38332
49141
4419
44142
72969
29983
93232
23939
168
24284
48714
81210
50792
1762
47618
18827
13038
29628
85111
29587
49954
20369
93972
47167
61269
89806
73760
36340
63799
93141
95149
21778
18948
31348
40330
72022
18732
66675
56377
99852
90350
95269
51718
65032
82366
26994
46100
18091
87007
34135
94223
85108
75434
39720
78163
26526
65744
83957
57532
11813
14682
21377
36214
94393
77958
42030
34559
86922
81545
51821
15651
799
55519
78078
18299
72905
32238
70190
70112
94228
33845
65285
48294
34286
85138
13031
11046
28508
19276
80562
51447
24301
40367
10758
77715
76388
61342
95098
78749
97171
88131
58883
94570
86741
70094
27120
15245
12464
59913
53864
87924
81644
46163
5466
6885
92170
78233
26809
48669
31046
31172
29859
29037
62290
62549
90527
56776
14486
71163
47622
68349
6242
61013
22465
97635
71060
2437
46438
45801
26579
30603
71101
75648
15847
57881
34560
61411
68299
99793
54194
42487
62206
30303
71788
72661
2292
32148
81244
92970
50286
72285
37124
64959
2595
97991
54590
83402
67495
5341
6461
54990
30553
69367
23931
16185
7456
65395
9179
51996
8560
97305
39555
44516
2518
27877
37718
12907
52060
95974
63231
18571
92933
5080
70993
36489
50898
10051
47135
91236
7892
4214
89957
1741
27131
92758
74943
49005
77286
20258
70276
79093
7489
86334
3428
19112
39612
55932
2135
18477
76215
69860
72813
80608
4133
84222
66064
66906
57096
58208
21348
5710
12226
10374
15477
24572
39801
35557
9598
45243
9999
95148
6494
10294
55781
39736
77267
44510
64808
11439
70218
90729
78770
62353
28190
47850
79307
50966
10203
57518
86938
13091
99000
74978
44
73831
72839
23619
9544
39346
99786
83664
43139
92636
20933
66070
80070
38183
25686
25727
91772
17544
13091
63862
332
22375
38195
21571
16919
95457
4464
19990
29302
1463
74384
86187
65792
2771
5589
51365
6140
45535
92594
24427
30620
76337
28988
13293
9632
39621
69439
44701
98532
73310
37696
55308
6643
86912
48784
42924
88541
93621
30326
37507
19647
19657
15348
58367
12901
14096
71488
56097
64842
25628
85986
37142
89157
62033
6634
33654
32027
85774
10508
61988
88592
10702
97749
13745
20928
37479
20483
81608
95923
54879
86653
4878
31238
74795
45286
40416
38472
44432
75216
31753
73409
75938
49010
566
48067
75326
79097
18592
27144
35119
26516
39960
80219
83092
63429
1045
4329
37952
6712
98044
57020
31329
8215
61727
23193
20014
28889
53811
18049
16893
917
31547
94527
64416
55889
85838
20439
92194
25580
81535
17338
51824
14903
66991
50891
43469
35512
8032
78232
73625
99513
66073
14075
12741
78134
55766
51444
68868
21691
3899
25688
44564
18494
48193
97579
47191
69882
81487
16221
47127
72283
98796
22107
21730
55039
6099
90670
92254
57075
78984
71693
66036
25537
30517
85126
32866
53171
87662
7697
36727
71610
41591
58692
20665
13696
37255
3999
79224
32609
98301
41242
22096
38900
15095
88598
44874
6565
83090
36647
65596
57949
77634
8848
44839
25744
40326
37002
48688
15972
25534
64984
3187
97051
17033
81161
73928
74450
76910
66278
78426
58951
21691
8331
53886
7893
52837
59613
46738
36865
50316
92363
20622
95701
13440
4074
3261
15210
37500
20410
51353
26857
34561
32123
64284
85402
49956
27134
22029
75238
41423
79788
53041
48203
62481
2748
1932
57395
44673
9901
74380
33443
87130
46709
30167
95585
32700
53898
14321
12026
24223
45036
4112
14386
42030
294
45416
47496
57566
55109
21918
42318
35259
82007
70983
66923
43673
54401
25623
33366
32182
45508
36388
62246
69062
83045
3010
47105
50876
24726
27031
1367
92519
81945
44196
1707
45439
83523
93731
57748
66505
54644
88753
57118
1031
11445
79147
84619
61380
25782
46851
70713
67681
94159
8819
68396
82694
10100
53721
6042
27963
67796
52337
63878
62105
78835
81592
32552
47963
10909
89302
36392
13318
5960
73729
49470
92722
25458
38141
23694
65094
41241
82901
46271
49430
13694
10073
69905
18702
19945
17977
78981
79208
61597
18761
67262
55369
11187
49190
6081
26949
48514
10762
32286
22689
38491
43762
50796
57364
48458
80347
21662
92421
65312
63864
82847
97834
81423
14036
76253
98883
2286
89455
26416
79724
323
92003
2969
81978
61105
36076
81156
75115
2741
59337
957
75695
52104
52081
17760
67732
51852
33325
75966
39408
68488
89756
95231
89332
66534
56384
43736
79180
75653
16443
40088
96022
90167
39287
28017
54738
76007
32194
51117
30520
27292
13300
44264
76132
17127
42050
96449
94917
20789
66558
44092
75534
82708
71823
32682
85909
29325
34761
92477
31826
66246
74460
72998
44110
34400
59868
97185
59344
32522
45902
32022
80548
62712
79483
43788
14915
48271
80161
36715
92063
73110
2151
42518
40393
58378
90996
39506
91449
6179
48119
71766
17917
20632
44221
34686
32610
35533
40854
90187
60994
30646
42356
84365
74870
9891
9659
93059
7446
65651
4274
25853
85676
44098
91907
55962
68803
60414
8247
14282
88072
68412
64836
88421
63035
37231
85394
19179
78096
57475
11899
38595
64578
81569
58533
21200
276
53052
10558
77147
44669
54762
37224
89297
17430
31988
65135
80050
84736
87344
4630
99321
40166
67163
50761
1999
60190
74125
28634
72710
18873
27627
214
7237
26334
43753
1041
92851
56250
9213
77282
40771
56938
19992
63619
67314
89651
77052
15088
33025
7605
94986
6121
69541
85763
98751
84994
84554
27235
4053
89140
86042
40623
95208
51919
13393
8211
81998
50445
14440
63203
86337
38193
96901
31974
95335
69276
17656
72965
72311
67151
66901
66513
48246
93761
60461
58221
36638
13096
44843
37628
41614
49969
45557
72609
98526
74591
229
13637
18640
55282
58657
64827
43710
17774
48920
32656
53841
51236
24657
67593
60671
32239
13460
16038
29271
76898
53356
51395
91056
69519
11377
4421
76997
85891
67988
7515
20481
17028
90455
96357
92088
83307
24765
83448
84708
61229
66380
2585
84110
32085
9964
81906
17297
71045
91078
82429
89241
55560
57935
74803
54951
77193
48035
6239
95288
61541
87752
16931
76034
10540
70993
96556
66301
1794
67893
98730
10347
22312
54923
27552
87814
40856
30456
90032
63607
75665
83995
67599
47877
44178
476
74174
48843
97601
89060
55976
89907
49217
26435
68639
67955
97889
66235
61969
5604
56258
62054
51011
64121
43456
13006
57268
46308
63371
43389
58014
73794
83605
32815
7082
29901
95235
13136
79806
2211
86937
4291
21582
32803
49472
82258
204
37838
58273
45164
31709
58709
2769
27972
85155
81100
67753
27877
66346
18559
81118
35162
92656
3544
60742
21121
45664
48075
52560
69775
52689
83394
4211
99349
94110
97167
7575
56984
74594
99513
11433
45129
42758
71557
77860
30950
75529
19823
92079
2495
92743
51999
33858
13876
41359
4930
58296
76904
1549
95773
37180
53358
86334
93620
69450
48621
81405
42840
65171
27025
41077
47108
70380
23278
21740
88692
2515
93062
60103
19985
88387
68930
9311
33284
97862
72653
39076
96615
33786
75399
38423
58690
93874
98103
14348
48175
33392
82960
25571
53296
22280
51744
60871
78228
82590
30123
77129
40498
75135
74755
43659
57961
64546
10569
9911
37729
59840
5391
81495
2511
27957
68309
18075
92524
21040
40815
97408
58901
53350
63217
90093
53942
99458
55434
70044
20242
15024
25500
34067
70926
40930
92867
33322
52466
12297
44757
26539
26717
99274
80112
66281
23739
74629
12111
81450
84264
75924
85544
8241
8282
7205
47337
68660
84576
97896
6489
4111
34164
18005
4662
96309
94180
12030
99784
7182
94313
44275
42320
74288
41709
47231
93975
96311
4483
32822
65831
60581
398
52029
39044
28853
16910
17944
99019
43390
73829
84041
47265
64087
1621
78775
52286
20808
74578
49843
46977
81269
96300
60728
68080
54962
62440
76375
5765
92590
55997
84264
58988
80867
64150
17687
70759
94121
49602
27555
4477
38858
54246
25775
77600
90489
53512
23783
61404
12920
4215
72029
2905
66945
52155
73411
18600
22564
94796
10267
79541
2564
46800
60987
80000
13838
98897
87010
50788
84281
65985
4304
53240
29883
22850
83457
4112
10424
54759
4273
824
76438
77046
57225
59344
21117
6601
50859
83326
68797
8122
25143
46984
11118
74357
91938
55150
55272
83939
485
15685
42150
83061
16575
35458
67140
21644
47727
71378
84411
24265
57261
18147
32092
21019
29483
33031
55297
44009
14807
57012
10735
80674
41196
35511
85830
75750
87177
40235
92465
57090
32609
22324
16575
97641
98384
74974
35149
46572
57186
67914
64089
23823
33717
66372
14405
81449
52779
78009
11165
91050
3860
90495
46947
35501
83824
54753
20655
84331
81622
6564
20185
90179
59920
27451
89050
40749
16799
36515
563
93686
78332
47573
85268
67211
65159
69236
74235
89992
26244
34620
24837
38425
16677
2413
86368
10064
79160
75701
95907
98380
74826
64917
23934
63405
28490
29220
43815
73495
14630
82235
42072
74804
80154
66176
35724
25535
41655
83580
58799
36470
65158
95998
5064
821
33146
34456
93702
35334
73788
2130
29775
68350
9834
58160
33268
37920
84497
33716
62685
94771
29043
10664
72724
95078
18099
9195
84697
1254
9374
58705
281
3592
97638
11437
58667
73914
19585
89597
37383
17173
23024
72124
11997
77082
91187
60995
79408
89380
76785
22807
35986
44167
26921
36988
10778
7374
1571
70413
17844
30859
46061
97105
21610
88366
43938
58776
98427
45186
93546
5219
4147
50740
41213
61440
51102
61245
32396
26675
41342
3466
67323
58823
86101
80036
63141
71324
4045
70561
72124
36538
42393
30212
96442
21721
96939
5999
51579
42339
42981
47686
32539
81428
10673
46574
34691
54353
65470
12053
73368
54307
22112
97558
62888
83288
56044
19721
54922
99079
42600
26656
98715
34952
64288
9956
32106
30196
52260
45882
81393
82290
81814
70064
44281
34261
4325
6390
35466
56495
63428
10591
21698
50218
93171
87111
34187
93483
79212
73523
93149
46235
37429
53456
70122
51207
12167
19707
62006
74230
69528
53396
25446
23833
65655
9333
50476
50216
10252
80377
70983
35741
21105
72708
41503
50961
88258
51673
1885
25087
81136
85694
35744
51417
52860
71033
46711
24316
96952
80201
47536
40922
43191
79868
22865
49200
32620
39895
79916
50667
32808
99877
13810
66068
36936
5249
48130
92459
94825
93500
40537
9689
79400
61710
41299
36742
94598
31627
56581
33680
58533
32181
99028
60093
60607
64270
73103
38221
14119
57029
78386
1561
33814
8665
69129
1506
53346
57547
47175
46180
49377
59993
43085
7254
14053
64846
54579
86580
14403
81442
98121
29011
24220
43479
96657
36745
42808
58615
98569
19542
95832
4972
24023
99554
80940
16274
82042
57373
18112
29344
48900
35090
35761
39923
95695
74620
73744
54156
31427
84712
800
52551
26397
36486
78083
61020
41281
80357
15385
43843
55028
29505
81516
87414
16408
22542
18420
67574
80211
25037
1578
35665
48816
46952
62512
1276
41098
18369
38987
75990
51602
52046
83424
46017
61090
98106
70563
17189
97299
36804
71118
569
45304
9725
99425
50461
5228
95690
44888
82165
46788
86246
38830
67582
91566
51098
11564
42352
31569
15614
7238
6886
47556
63082
74990
28986
38323
80163
46991
82700
24298
9864
96795
76695
93558
55329
68199
68836
91886
72212
60221
35969
94730
85982
4568
21251
73733
6895
69652
28682
43792
63423
66402
304
52333
16879
35499
49034
8953
58425
24783
83572
7670
33538
76542
96302
56864
3608
4480
6070
52688
99196
82202
71537
21082
55022
51670
99231
7355
36353
12303
93847
91642
80584
72312
26782
65743
30889
90655
35747
9489
66014
55402
65788
26423
94991
23678
75573
953
51930
41043
58135
58229
17158
5470
49238
29512
74334
28090
24952
38653
47187
22581
27647
3752
31824
91030
55440
83928
73676
30469
93401
34279
15723
82046
52842
39693
53392
16327
73723
32801
50050
89940
25912
38860
73031
81582
86195
18074
82308
97194
55235
19038
66129
47105
69922
90347
52093
95376
31412
12820
83290
97895
19183
74329
74271
18005
55866
60223
81998
71014
62336
9289
43770
80260
13535
24261
70859
47249
5474
95275
32899
59872
47711
97614
17666
10917
1304
90004
71186
35353
31736
72653
53585
27144
49440
7256
17945
94169
93494
19633
24978
56629
80622
36154
59556
30328
97193
18634
8113
47417
60365
23352
4426
72435
38121
18788
48126
48248
30385
74148
55182
85363
49238
35626
29678
88776
44677
1841
24554
51289
3901
6101
90268
8730
46806
13596
93981
4453
6316
49129
11460
3627
53608
21474
9163
51018
52262
40336
45001
37631
8520
22310
21933
86902
69236
35853
26995
21527
66771
46337
52841
50833
1963
77005
57296
38601
49706
27764
28345
5139
13233
56049
61426
81137
99318
15587
1349
49799
72328
78219
36077
40065
26790
58668
42545
4758
72793
28152
26673
82385
98704
24403
81268
53327
11147
95794
70362
77545
44039
42488
64812
97388
26545
4792
11134
21292
29839
20532
91442
4602
58031
66936
69213
60396
60564
65492
6394
5283
61225
54074
69841
19412
8300
96501
53103
78991
79499
4743
22913
16580
7603
77359
11426
12177
84406
15300
32649
49101
44064
54640
75240
28195
22522
82987
46442
9584
10035
60844
52801
85486
14222
14874
64888
69549
58903
25755
54952
51267
39441
4459
4858
52154
62972
14814
51591
33989
84471
14990
16868
62150
71973
38043
72209
12020
42907
90206
4399
24716
67502
60210
43453
16495
17452
64886
56287
22422
13428
66740
20825
70008
32462
96513
13586
64543
40713
87524
14987
72415
69796
79319
98731
59995
22648
26083
32411
49154
70214
53903
63915
68641
76665
50661
51287
24502
87441
88047
8723
58615
40292
96072
17851
10108
80385
58715
70499
51241
73070
29133
91863
36131
38353
72376
78154
93191
55611
46654
37383
16875
44719
83363
68310
73041
21474
39441
98433
18817
78646
62677
23074
70199
56410
32506
6831
84457
34348
91812
61765
77979
9503
5077
54138
57352
20508
86636
9551
7259
41560
25744
70733
40970
54805
78261
43469
8616
31682
77593
66676
13898
66259
75049
47026
2587
79066
26320
83279
94285
66916
13956
69671
35892
72116
67614
63624
40538
31981
73339
38419
3432
51211
35776
75272
8743
37132
1952
97857
39579
75794
77317
8039
11444
28447
59141
75583
13817
9816
92408
6266
72449
38118
25110
67318
91239
75935
76269
3263
82248
16617
25211
83863
42775
44169
80638
53866
42280
85572
30242
19648
40878
1832
99463
71815
6380
40881
70481
8243
53431
4587
47603
33277
43179
27061
80311
31014
5090
89338
83607
84740
63752
42400
55829
41175
9252
30571
77994
38495
139
52835
54859
37363
75342
84360
45193
91721
50409
8907
77063
26067
11506
67192
42746
70242
34330
86815
35871
11677
2322
76369
72110
68320
24824
14533
30905
68117
67413
99003
40397
76863
15039
89163
60183
65835
61393
96369
6037
98628
62641
40595
71649
64388
77977
32980
27182
69765
52996
46997
70612
86673
93305
63978
89829
7698
24635
57565
41011
11306
15830
43702
95968
51232
11315
81538
91477
68640
78703
7708
13372
37841
74905
34562
18872
90682
17174
19690
49095
71793
17846
80892
18265
50067
76271
79777
21681
19688
86109
39894
1758
83323
58894
9457
82629
76907
25095
51463
7788
5436
99507
40643
32941
97551
30460
61943
48366
44769
42159
31038
63360
41062
6503
16012
63614
7642
10047
83383
65978
96678
62215
73316
63111
25055
49306
44783
15407
81986
17469
92384
98857
49642
41542
49647
78909
39481
17728
44311
67257
40089
75679
21754
38693
20495
92090
65195
4448
88770
64227
58439
28164
4102
25763
42460
84882
75712
64459
43848
21189
77491
66743
2606
70124
54958
12888
56254
67617
19522
1656
63488
59137
38805
14518
32922
34220
68737
25237
34356
90623
79386
58940
11724
47023
19657
94927
41280
23564
58134
92202
56641
26052
75852
65915
95063
34122
26380
74005
82651
60924
47544
65448
71760
42431
29808
42890
68157
35176
57834
95810
58940
13780
11544
70576
57906
5841
77864
24775
80304
51434
88634
99887
92036
55054
42067
95948
44702
49351
21389
93123
81722
58250
20269
54997
72406
16469
50034
82743
1196
70932
22477
55731
41220
99192
61967
32768
35659
69452
25386
24068
90606
33756
7074
91782
8115
79252
24332
17200
63254
34239
61509
69483
95487
24824
88511
75654
82430
31024
7818
77253
48803
55996
29837
11944
24596
78036
93263
8946
4226
43815
29512
53350
94509
60239
84838
2174
91058
81125
47712
8450
17768
37074
44152
85760
42794
76807
81936
57854
15905
82662
84992
22568
22924
98924
38909
93324
6387
91151
18987
11889
34015
34530
5194
40720
65120
75844
96426
7293
29574
16387
83759
43320
85172
78265
33771
42116
40214
31252
55660
23896
36236
93918
20734
14036
27320
59018
9148
68527
81062
92322
63101
72402
53558
18637
92979
48301
62858
60028
37977
95041
42809
48280
89636
91032
36015
72551
18174
33312
28660
32727
28315
9436
11318
88799
8697
30950
9145
29250
83955
20627
67535
2421
99407
42899
51424
89375
5357
19477
39713
77385
23411
36192
76580
36818
72330
73179
75404
90677
92937
77520
98576
96685
3365
55999
54657
79711
13407
95094
42036
244
45461
51488
94987
70657
47687
49424
25072
23603
38706
50525
73210
64212
63895
24136
10421
68233
14317
51563
47418
68819
65890
62550
30473
86858
16080
43809
33761
38508
66384
9251
96776
85551
35923
22414
53442
55446
34130
49291
53152
50927
91885
23413
81988
36398
35480
86699
25522
44169
65050
97351
35894
84670
49029
7740
84041
29439
66230
7707
54727
1528
51271
71435
45251
23646
19540
459
68801
34915
67573
79965
35343
20370
42143
49544
99077
10515
53508
62647
45720
73907
59057
20441
21891
91773
71816
97406
39844
77122
84325
67070
92497
43204
30147
74582
16968
72829
95254
99797
67221
77086
29732
33298
4772
95164
47984
55776
59328
35269
60514
98007
64510
5649
74742
2667
38408
24144
11088
68034
87420
98048
41017
62801
65711
96967
3155
67535
64081
63384
59347
50379
57280
74552
12287
57092
42927
42678
76292
21232
71646
4681
38276
96497
60332
55946
52046
8346
67106
44936
13796
84361
28384
18686
94717
89219
19466
61722
7215
27053
82105
3362
25033
28675
85484
64367
236
4189
64675
70384
85097
44209
26319
87147
66046
57312
76523
86299
76399
90310
17443
70591
31522
12538
73967
88673
75703
77825
8356
2647
59684
39756
18267
98030
61898
70830
82136
20913
4990
41457
17905
80615
40472
94497
77751
34557
88491
83453
87627
27887
77912
42992
52659
67798
73034
24293
47212
64333
78005
96421
50039
43812
45288
746
55638
71416
54245
37590
22318
91656
38834
97134
14428
4049
41941
55228
44695
90349
62063
38555
11912
58084
59060
82561
42070
13582
34718
42506
97495
27876
77260
48205
80040
97123
8603
56486
62027
36127
50166
94733
81476
49570
37007
46
75667
81384
81081
23743
98738
80605
9131
1235
14799
36694
13169
12817
40576
39142
9462
75944
98584
63896
54659
73939
41894
86311
67747
89610
38023
93431
23574
55162
44142
70180
22288
41284
6652
4455
48039
25260
5785
28216
46221
82310
69227
44194
90084
66916
8191
84084
2129
35143
49044
30557
3047
12502
68202
41922
61743
98671
77135
82282
53118
26761
4208
91007
89431
69658
18840
98006
72747
34280
41655
1772
79992
36435
97715
23548
68797
64396
32338
75667
46789
7573
44727
35078
74559
3391
29040
20522
19215
87521
63132
90617
61445
3794
85825
65883
80660
88677
98601
18927
25796
33372
77033
45008
12516
24401
47250
27489
49844
44901
5292
27884
43508
56636
48707
61071
28627
54182
17896
97084
17436
48250
29917
98542
37063
20705
93646
79917
22953
8309
94168
14022
26267
46314
11609
54183
91045
8923
57620
9096
98087
46571
68031
62736
31225
43961
189
9527
78391
37868
14214
15014
70776
45095
72102
88164
38144
42831
44964
97966
30318
87633
4829
47440
39312
21533
57542
66234
65569
32921
43116
87598
55112
40935
35827
77538
38149
43165
59181
31364
33326
36004
62579
12994
45663
52052
33007
67514
21649
98530
65988
81151
11908
64052
71307
13075
81247
80857
2615
67064
55484
84821
56841
44900
38585
61084
99868
98323
3955
19638
3272
1751
25000
65720
22722
93372
85564
20831
8383
51212
21536
17646
49211
52402
67109
28359
97515
2561
74015
77197
29998
81954
92028
90393
23945
78974
4288
22562
62228
27175
22028
69559
86173
74652
27392
25366
5410
44762
18259
45133
16833
22313
60242
76755
13107
72577
76446
10201
41029
42342
44880
51428
66363
20935
2123
56790
63946
20064
91539
31053
81618
47583
55671
25320
79960
84899
78864
70004
13174
14671
90124
5203
98510
40562
62950
91317
28410
87567
57671
11019
6867
84559
32489
92128
54053
84888
34243
18017
59384
9568
75680
19870
60722
8301
61916
53992
58023
18013
61
68757
30646
63531
17276
55347
87543
9448
13692
19101
10320
69306
4448
41252
87265
87623
32841
59403
40834
45857
78197
22629
5206
18036
34612
12469
560
6901
43958
85328
73612
22790
84664
72593
92627
22453
39083
90168
53648
66726
66111
57333
38720
6836
38472
63474
5072
51755
42335
43529
46586
50016
5157
52499
13504
72029
68561
29320
86215
23816
69821
21620
62989
63580
71321
11101
9972
20086
4366
38748
28831
4115
38027
59714
44904
87829
40305
41240
6932
71193
97409
18956
43021
1988
24390
87464
53859
71477
81856
7574
5545
97641
18630
86348
74834
99853
71828
30905
9623
48254
99648
14265
31826
52534
9584
3843
94527
59832
79304
85702
94042
7519
41398
76953
96881
51562
17846
73914
412
66611
28109
8638
42562
36768
30676
99286
91805
9784
2127
60530
69721
69980
55695
47164
20511
18070
97828
38486
12123
7588
99478
2061
97297
92804
19420
51666
27327
13618
91271
91070
24673
61664
82299
63564
94190
17944
50353
57720
38408
26590
38860
71594
76510
16273
34650
36521
7810
27719
12900
82439
50402
31159
51128
4204
34777
16518
79212
89804
6606
50062
80952
74923
73858
6421
40132
23364
8590
68669
5725
76841
13409
5702
75257
93729
22863
51509
68283
96024
67366
15804
97572
34522
32017
91027
53936
66545
4211
41461
17680
73156
97370
37602
76078
20275
93360
90767
5324
60060
12852
62401
35932
51771
87861
94574
99251
59096
807
25646
74770
71042
78397
5601
3719
16481
6420
76858
11236
11102
56405
10869
69136
3964
81260
34108
27321
79529
11644
4112
85552
62975
53887
89911
50387
69105
7452
46254
68323
9542
80430
54199
80436
9854
25036
69519
44343
59982
73383
62152
87200
48739
91202
28280
89773
19735
9937
5975
92668
46562
52439
70542
78374
73017
12829
27233
53360
40868
49214
99004
87985
2945
88078
49305
90251
55107
79662
54123
15972
91706
52873
50527
2182
96577
30528
97192
43598
28393
95195
41956
70921
40775
2150
92120
50764
97430
82405
31178
19099
98486
41954
31037
89249
15838
31086
36836
44993
92367
3609
94419
17267
4221
86245
73531
72311
66793
99373
46701
88512
92746
5762
93886
20993
18543
63210
24631
67654
6190
55803
38082
92524
74424
32601
71611
5840
92741
70799
49956
82518
81122
9241
70986
27903
69422
30815
28203
6866
48956
86933
39346
77988
97805
10057
14529
32198
67227
20287
24589
10926
7898
75089
97312
32794
13099
27018
10332
49865
73286
3982
51656
97263
93456
30238
24682
72603
32224
43561
9259
23971
73534
44631
25647
60468
28230
61266
88598
97662
74375
43561
70374
91575
47155
33241
35587
12798
32945
4542
33755
21061
6761
45585
51024
98282
23761
93419
84090
37444
93613
57778
19891
56687
46289
16106
40263
41639
98127
12210
28831
81926
45690
22565
73618
10914
5365
23237
51177
66439
83588
71105
84257
33328
22191
21017
63196
52688
65823
59280
29324
25815
18670
79515
21394
72952
93920
21574
41248
22097
92789
74717
16942
60537
12466
18176
21791
91598
24026
75823
23200
49621
31171
28520
28418
14981
57118
90321
62384
51408
33635
92703
18283
72249
21011
83015
69964
81741
30070
48447
71453
48999
4769
59125
62664
85406
97689
73049
14217
2560
99611
32214
79304
95098
17165
46062
82330
80799
40135
20557
58825
10429
74337
26880
18936
61356
43526
50076
65123
15252
3527
16214
32758
25274
62511
53052
84943
93282
90392
87853
73427
36321
61695
2041
54469
12220
31450
13013
48158
56513
85546
26856
39928
11817
18603
78939
680
87889
13363
24106
94401
49438
44106
40828
38657
49066
1084
3582
24220
32461
22280
61532
86363
19792
91224
4459
32878
24841
82975
84703
70660
56817
38582
28659
43408
86611
32813
25914
93080
94564
39847
62861
36803
67886
48598
74028
22743
31088
86735
61951
28303
8306
2901
22124
11375
29530
3902
3426
35082
22057
64961
21250
58589
34923
95443
93734
64444
41667
98950
53274
91346
60923
24094
51342
47770
34343
81098
33397
55468
49150
17705
14710
34842
9678
64083
1756
30356
15085
83437
11958
61549
91598
30735
20916
97416
53171
73987
65019
7645
43173
92335
58326
42226
94476
92137
11195
75730
41180
1022
22034
95372
98423
24615
2462
26432
33117
95436
24773
13095
40511
69070
22886
88071
86357
70793
30333
35456
31232
25709
77877
32627
78250
73632
33764
52537
78605
66409
74403
59084
73091
80926
5486
1025
87370
28412
67847
68386
93992
91902
40953
63209
77219
33123
92084
75924
94907
93250
17392
4108
19687
8647
58863
68745
12573
98035
81736
61937
76860
27063
95718
37035
37277
66796
50526
72718
50033
31856
88352
1155
35550
60147
60693
92212
97268
12965
65250
60919
33572
7516
17322
14004
21639
78312
42880
69470
56306
42616
52310
64444
41944
95018
515
94489
90422
87425
65596
56933
63976
20102
89420
81074
16938
89891
71358
49336
6339
45552
833
81553
699
78940
98419
95836
38541
96078
28170
36787
29542
63430
43577
98315
85085
5779
80949
23034
46450
4533
88211
19078
23727
86570
3383
20235
57949
33680
41624
24869
27183
45210
68612
6181
7160
59921
2161
67968
66807
73144
55274
54365
56902
65683
62124
79280
79250
35101
91304
44676
85267
64846
77229
55578
18164
92711
96281
27226
30204
56146
1315
57884
87115
58171
26413
71488
40906
24298
38766
27546
52625
75930
3
50031
18451
47932
20304
2091
36668
11521
54493
8656
58182
33041
30790
16455
72727
98310
61670
70454
94341
27832
39893
28665
6753
32737
28102
46151
95491
29417
4482
39555
2798
98893
7229
32545
2413
20126
44151
28385
81283
32711
84147
3534
61681
59187
30119
32277
76297
54486
31726
47896
91236
32431
94220
75960
5041
50146
89556
68077
87727
51037
88236
12127
35609
28319
2496
81762
67008
55018
43049
51556
69575
74611
26544
49545
58651
92907
46269
45908
4756
16513
65762
35612
45061
98870
84429
53345
21031
35043
80368
67079
85704
55581
13010
98964
79623
48525
85480
6131
9555
7113
83013
62821
35887
58845
90930
65361
20876
68802
33517
23780
8222
52278
88588
5051
13914
2524
2236
33796
96083
81029
53013
7837
71730
51724
45444
65615
56465
95961
64614
73883
9766
25912
50258
81961
82730
20785
36061
6888
299
88568
93413
85943
52524
59183
34524
7863
59770
78645
13080
40570
58539
93945
54894
75512
2961
29624
95149
48709
53383
39176
44785
50988
5035
49591
87114
88608
24852
27021
9956
84634
4923
65530
59535
90288
26360
9689
85859
6899
67094
30550
40862
6496
6878
17071
295
93308
32699
32342
1739
24737
34050
8751
39851
12513
1906
54352
45314
66657
93133
94235
4634
38721
70563
49891
8347
12857
66777
57501
21095
94251
65844
7469
75422
9286
48553
1914
88725
31991
36115
23608
71979
66205
35837
94030
31260
26865
66982
84967
54751
91175
42541
47633
90069
67242
39957
83808
86534
51145
5959
79712
34187
55554
19646
32848
68344
43874
60439
13027
38359
33664
83313
83572
61642
67414
68150
96407
40948
20497
31334
97965
87090
21552
66393
60546
50667
58110
67548
61296
10367
55967
61025
24994
80888
86906
59263
4850
65017
59533
9673
60058
34177
82075
85728
75407
81511
90355
44620
73604
48259
51525
70519
43892
77876
79546
18249
1963
58135
33350
19922
75024
88637
15824
97242
96460
16029
14937
64414
53692
76474
25684
77167
26904
79998
87113
9126
76466
7375
88934
2092
85262
64713
14905
2787
36456
89450
80256
39173
26059
67458
68481
85672
35374
92551
38705
4603
36828
686
25595
16876
81346
73242
95263
9210
44015
85414
19722
83823
20405
30782
74304
93183
27586
32465
80464
22240
7688
45176
98195
63611
19154
80934
56588
86192
82030
22082
61658
18046
12286
77318
76348
38577
74529
99881
91611
66713
606
34627
53294
98831
66896
84324
60138
27087
83877
58678
76432
91372
64669
90827
22086
62277
28642
871
83965
91040
278
19177
60332
31632
94347
40308
30875
4502
84335
40275
62760
33871
65095
24359
68022
31365
48333
31074
12857
49994
63799
52689
61288
48797
84504
98347
42726
82999
72042
54191
77420
25364
90024
62541
93912
57687
75101
72575
54579
27892
90810
51021
2557
80601
72655
3452
93169
59143
73678
40257
339
63616
29833
18107
1406
94860
96402
80990
45535
91506
48128
93121
80885
20221
80251
48319
70722
65773
81289
78312
44868
33811
79643
47032
74015
27895
74241
13012
63949
99666
2470
46111
93839
636
9988
91817
3489
86412
86134
14736
11028
45160
53711
68332
26925
98299
37231
30367
81771
70755
32671
40095
30146
49993
14321
14120
99849
50204
51544
16867
6098
2374
54593
4094
43547
66947
15513
64206
47580
49079
25880
70034
65235
69899
91694
77869
14241
39372
9092
50052
38912
89787
81928
7172
93557
70175
66357
61175
21272
58155
72347
63780
54678
97644
73602
62725
51799
29468
76183
57296
53661
35950
70160
53933
24986
49577
52167
70243
28533
10185
98864
26248
62918
72445
45569
31360
76489
89806
40921
26026
78053
85051
6175
85105
20204
15976
1597
18478
44103
32757
34358
14303
33799
26039
95205
76965
74779
88642
13135
6327
82691
11770
62226
602
35861
33498
5810
57997
19233
50373
84205
28896
72290
24171
60982
34420
38534
27648
37583
69996
52289
36755
61233
9049
92701
81593
36898
45320
46479
46014
32558
66648
71057
77199
52542
66506
51279
89799
77865
72478
53306
55371
97951
60850
50984
22405
60900
98246
71389
96550
13534
8676
38580
46839
42303
48988
75808
47546
35585
45546
92795
8359
91192
24621
51212
46066
42458
41691
51645
24217
82447
13980
64297
16058
92138
95468
90824
65493
31778
95229
11730
47144
23030
11446
95406
6278
31731
22503
77079
17605
80461
34154
53744
46192
51499
9784
6112
24505
82134
35941
87273
33231
84794
64894
61922
22686
20075
74167
10408
35062
87381
23214
7467
80782
59088
80346
79454
47973
59725
34551
16595
11821
76485
39762
14308
55947
83921
60317
60819
91546
81375
62178
79889
65651
52149
84945
7996
95225
71677
68472
65454
45363
45548
28708
44612
55600
49718
47273
78874
55460
9665
37418
84629
95642
34466
18079
11005
38741
37663
76241
33222
72532
72635
13341
86132
66607
58356
67996
14425
69434
17908
77586
84856
62346
76055
53927
25668
60543
76600
39396
63105
95437
43115
64873
63521
82902
93495
20061
2376
86492
26386
37115
78829
78526
49377
24880
15191
12588
44296
84468
14481
34124
8347
78863
64555
56275
64132
38828
31664
7808
66095
87488
48476
164
22964
56644
64789
68643
57917
17032
90872
71573
75092
58090
95935
89676
60562
47463
72657
80482
67528
4600
60095
43163
12749
66030
75762
19087
7791
79336