683819
756625
856369
280000
678735
533246
685078
703581
37211
53688
263815
947435
212171
708080
158532
542328
681055
913253
214962
274799
654149
759334
523480
855014
874085
595959
914581
266625
971032
748480
826926
358092
666987
157332
893736
637735
728258
906898
800392
734135
122136
395193
498254
73917
989822
434246
141224
764270
715749
495064
973914
106800
97004
355052
51016
808449
297718
658766
133722
978222
855362
490200
16871
940891
926715
521921
449251
312515
450753
784064
662359
770072
225021
357686
205500
834150
729870
979870
232075
540297
365613
546971
912973
916905
769190
623143
982239
348781
874967
631626
601361
347327
298391
307608
698637
524146
382933
142002
391158
887149
894290
509326
288994
629123
801769
482472
1703
28764
340890
745730
934989
263621
778716
822562
765552
617551
40612
446633
581
716790
617883
902668
678686
579573
564712
724707
872028
607495
881310
147867
690939
346881
566485
266867
460583
960020
233697
734627
279278
620296
285752
430184
554434
833860
576645
729038
415194
899062
163774
539639
861096
640616
226157
25180
890322
605304
146795
654107
692214
860699
351758
675644
212245
887481
132002
875234
553571
484512
952279
240482
543425
908169
717460
40263
388429
565479
764574
121490
396534
593076
959624
531302
467566
197116
94262
476722
291929
859862
357177
132125
159464
478447
453945
293439
911823
82370
699094
77129
647295
304723
706700
318793
795376
782934
598711
747338
285500
491367
582357
925300
693748
170980
211387
709881
338406
435048
358007
528347
681493
15467
359426
926519
130116
153620
183561
434151
658815
136769
980982
508497
679846
435821
995475
848201
24397
453320
342323
547339
545279
726065
874520
985925
9605
364558
561668
919137
201996
379869
843473
493413
910227
294905
692101
250494
982952
721052
835938
144360
674784
230730
755170
664207
661925
850373
427733
605087
264751
946569
846698
408903
583974
92787
949168
605282
811969
987327
57924
305513
367706
391525
927736
550716
969729
106159
518326
262767
497484
353401
177956
323016
179060
131431
753665
11615
52848
887433
135147
489561
256290
821718
239223
254215
163334
868661
680828
318555
688465
101701
787088
934294
904109
669482
31935
626832
812450
67567
912209
860328
693819
765930
249798
956062
833673
588080
817777
420273
426079
333500
912037
200336
476947
796938
993813
595325
345870
783221
152700
560654
236267
228682
697338
380989
971357
768741
105572
816916
678972
876192
75382
199273
74972
507719
592823
119311
312372
372012
559670
871395
714566
273620
652481
909436
726409
798309
848019
79907
446655
445057
922673
173769
438132
820387
586194
787427
845561
398098
464687
289308
847520
811071
915113
145559
835924
649444
667661
601284
745784
555151
431897
735933
795419
313744
291592
367635
957881
648706
866576
375569
893526
589244
547785
669997
495038
351743
258279
624218
586726
189060
459953
327151
622405
722949
301501
425840
366350
202752
258185
930467
386236
864789
647384
193775
119756
11275
598434
869012
947316
973855
463986
229545
490852
92751
762323
825502
775291
948767
18288
160387
721455
727736
761168
431572
921984
604437
558343
286103
980250
359547
850160
916306
175635
590501
307630
436510
469402
371518
143421
463855
847762
713187
331254
332866
861034
652601
765941
586641
724244
957082
658760
465837
765816
785016
239783
654507
798723
221553
403013
829542
811313
521026
225633
239947
337158
778690
254447
272511
425673
566015
837570
844096
515888
592586
925170
500028
903726
235186
572607
310181
344124
682351
571354
321832
838272
780056
580352
413233
531007
268928
202920
90954
575443
782976
487592
653824
483628
964757
116089
826315
842030
1855
655584
183578
773517
854204
756432
999990
258724
114612
991579
524916
611827
917274
431385
145690
77985
165253
536964
671064
623460
410004
11628
685793
675285
419864
567676
546990
93350
199636
946741
362337
95765
821556
185591
699236
299212
677926
436811
377791
727293
202083
553234
835052
423421
637290
696185
183227
393500
896687
142158
893891
953136
50675
473685
669572
230162
97886
112979
187537
401734
566767
42347
922314
10861
131811
645576
390010
650803
613982
631499
542623
762545
606187
633873
158957
916270
425988
184619
587174
267924
696309
21468
368577
956171
146956
192085
479558
629575
309550
571961
903957
889516
662620
501927
477513
812757
952895
496218
614748
871372
757731
556644
574503
609875
725655
965460
444121
951254
21463
51416
693925
275570
330620
582235
741070
679835
337070
732944
360623
497007
805165
256691
305239
91634
860200
840058
926987
119998
318303
374387
877897
34266
882896
39683
313642
687064
939115
719883
306572
858821
186247
549536
997929
775294
269147
14212
364274
193455
47238
300390
887593
684063
977190
648346
489899
989823
621310
40991
764105
870674
93340
203970
856611
556578
680917
971598
802002
713036
646396
64392
880306
12316
197617
879893
349461
719218
115089
288563
962629
138453
112474
846108
678139
363809
632241
664613
824533
905320
838067
296796
738237
101983
220751
177433
994321
201496
318338
16892
60297
906334
203791
923072
422515
461473
916158
3876
287600
703852
859612
105148
68075
701357
338728
511821
125457
290364
99815
79344
281235
213276
386960
396463
764675
746860
292348
303951
205314
756165
979453
287044
969268
365113
932809
373193
242047
810881
45127
510919
544464
411812
622441
145570
727333
744997
259043
251261
416062
968452
944315
382023
865649
240392
211277
870629
558715
820412
108469
193998
825770
466501
867337
777901
388265
196016
706305
286065
222158
454077
433603
621666
753938
131411
17324
818181
268307
883708
394579
985588
614871
973621
168641
899966
70923
831406
851217
766636
286896
728626
333548
985618
988873
290568
354368
941319
376241
99579
896632
523176
857644
216910
975390
334182
519232
981924
38245
126194
206313
389658
356128
825034
280213
678034
870029
85386
214830
751020
621768
499156
322258
862022
446207
968780
745675
891791
656215
158237
133116
428207
904879
620039
556038
953142
74904
885528
208658
356365
586785
984503
594204
157549
455321
277196
938686
953078
445543
574391
528886
191962
613392
10844
16248
729837
175588
30571
352025
81631
983676
542329
957358
576162
136297
705477
604163
394121
94132
241588
118012
64408
418291
998978
541837
13495
262084
208966
793780
446668
28203
801159
946182
878134
502878
92946
64817
706521
340078
244854
928203
112811
472512
827179
87964
343024
824717
734997
260490
42066
292379
460499
174035
94238
943707
488260
51325
971337
55099
8517
603133
105977
144403
571431
546621
961834
485100
798341
428904
834505
389339
251274
55001
337624
727475
124158
540546
618973
115552
346515
831379
991220
248189
855228
770426
271879
260445
16663
768386
357082
952010
958794
606999
546709
474192
583895
572496
451483
353505
155685
795581
92209
916044
56759
54138
11264
567351
669867
77127
314633
731806
704394
135804
747098
738814
210525
923213
411210
948827
697343
980688
363960
291913
426262
720601
885866
486563
699427
30980
467975
453742
598842
194650
347847
383201
884958
998418
374820
376651
622619
620262
625700
793341
915565
109541
45460
233163
550892
691719
428804
960459
90611
676329
520714
518915
357708
900277
947264
979316
913018
393821
619434
56113
471635
725727
74071
994317
361946
303896
685085
395730
541056
434149
773527
184125
546114
564683
455146
846782
480675
351504
811684
944925
235809
844170
22778
63658
696857
798162
131730
597449
784068
465496
862920
509674
196534
587249
849245
69656
812757
232535
466209
28411
734413
484947
970402
949393
777934
25715
676645
573523
67604
654115
911480
507609
609724
676991
359933
512519
795240
136715
586213
643616
57831
106488
408341
479034
805998
563653
764086
889090
215582
658130
583199
197810
733973
117913
843666
354726
41061
4169
487710
920977
157727
484028
884637
713667
157354
714215
494593
246520
640783
229822
910535
474536
375771
466539
706034
617751
960107
899920
754829
223852
334689
272605
287947
626268
31104
234892
209627
440219
379485
158368
884958
567635
263758
760484
70011
415678
601068
346995
362280
119590
400943
592966
13559
317380
62629
473641
203720
831902
278404
497192
944250
33896
344716
624573
738713
771141
954699
659538
542474
77722
954239
603359
426516
778562
664565
205871
349390
244286
104124
756324
851568
151211
412877
18238
971179
856767
809291
519878
12920
723828
513396
78578
24725
678142
539996
122120
961505
573619
272375
312912
944207
337197
874297
178034
644647
999124
141116
536710
159338
690702
301451
239376
140166
946801
748742
659899
850279
608539
637255
3360
931720
339442
797010
445608
652000
193811
71685
78023
338539
185191
884249
363918
378686
224473
63234
568140
507249
940880
161004
650164
321996
905801
128860
673430
30485
949612
434196
441075
82578
718905
323469
410067
301762
224072
288294
94185
343467
570257
645435
823326
841504
473238
870791
853724
928943
435977
749971
40191
547973
560015
644586
708879
29602
349489
269718
170341
657358
489707
447559
852966
451848
841343
645143
599673
846011
169637
715126
752543
600622
602934
130240
215934
365789
5199
504547
869625
467824
588153
65175
258604
314164
687714
746746
506997
526736
723664
666245
619884
683643
970120
183072
648866
571145
515284
727868
3170
181610
864082
615760
382346
936008
810362
16569
497654
494717
508786
730211
849262
649508
361593
608276
708244
176907
343377
618026
586419
28869
378302
846189
43542
296862
874761
882294
620226
273727
129476
466940
523024
746625
186445
344775
455553
486025
794259
826598
908894
934586
161423
45794
263629
324009
407400
768856
909525
294017
161632
2239
385485
886507
86165
845653
958613
408178
222152
113138
37547
579253
155177
709119
115786
892785
264055
449834
311637
201637
661583
606229
348717
446717
829271
999072
722833
854745
750229
263362
886126
908200
542262
828886
307363
879857
511707
108695
676227
670569
177756
143962
285615
151623
314379
847626
653552
134637
271212
548915
743879
746792
584235
815054
345115
203937
510323
402256
500435
772373
453911
681688
566118
468042
674638
462375
345803
675479
610116
147844
517773
999754
913464
795967
166048
369
214032
906843
914619
293445
965720
171299
16800
43395
141202
366953
316395
909760
9038
345860
93611
25473
601216
903249
709139
273334
594876
539050
199572
600518
951614
714235
161877
353525
97550
291382
603692
503290
184289
257148
92211
97141
612724
43502
43416
490599
5922
610356
315538
96227
903107
100010
468233
462172
131021
940473
284537
64287
386448
342197
519446
858576
185017
8248
875317
866769
820450
345581
774551
674388
849909
529594
187866
819309
871315
200151
798698
256610
91276
334109
545681
652457
93611
324971
435460
262033
625180
950277
59332
842414
987822
406692
363826
125010
797356
982198
391193
170758
349496
947027
674817
498460
553221
279027
655180
462160
847649
379451
648401
966421
523729
347879
964783
970128
203751
449779
625931
23957
204528
165041
254421
387870
994742
780059
512307
544395
398183
178302
450631
171225
337883
974990
964213
767158
871075
868060
188952
222348
405218
234848
316494
527594
194841
165035
930537
714501
962541
657939
399583
406750
27378
119125
97385
255625
164520
923790
552777
574471
109985
179156
918523
741658
794377
648377
358830
358868
820149
163721
597119
55946
653408
960904
911115
976513
505455
564293
638990
301841
517723
911364
195568
951673
155374
213024
882200
668385
312134
455742
388776
320328
852166
299351
495515
182374
810829
736977
218274
112790
964459
306248
414275
805788
679110
552779
824613
748927
107607
749746
349157
491541
774258
191044
863925
667676
28478
938585
541160
862412
353075
159420
123651
458514
36835
338862
413766
88505
102519
809451
718201
528305
249993
933337
266209
757497
371452
962077
823852
824243
829899
71411
408306
886116
534194
206208
703496
714010
238806
719220
326919
92203
3017
933357
408339
179410
182485
444764
847503
554118
900640
497212
842781
679866
365853
917983
355366
513702
131891
53251
728812
558582
358167
183945
771385
932744
31909
628270
540570
590713
571980
976203
792080
238415
787194
523370
477624
653828
505744
741947
727275
164930
492614
833462
556356
214501
482233
895440
732499
465528
736918
484839
838918
146509
432807
751911
361600
665224
704064
313287
246182
821270
806190
71195
136966
309641
873015
141948
150581
634774
339418
840112
957389
301796
882404
71857
362419
741235
307144
195967
166115
922214
830391
503071
821080
178806
296054
485285
7025
758874
502788
160402
136228
160692
572219
61493
488833
627319
793377
546482
609110
976841
910626
341507
530610
568504
45403
629424
36076
361390
668610
748862
466633
391579
307627
916073
411629
308854
688315
326141
704476
656755
546283
754993
103496
588550
595322
22690
400097
919874
47532
780555
806188
716472
709515
102922
745559
305784
316649
461867
635927
134104
994246
924894
103416
640980
447047
781015
270429
966500
225846
850554
53244
229497
971862
951378
52612
507714
563099
715653
983591
527316
271255
523474
710918
808355
242351
789551
156854
577183
244644
286387
412744
244842
583215
958127
265684
896487
28783
718050
427079
623961
441130
930777
402070
770684
222736
51912
699607
658701
242124
58408
561750
15256
22873
132601
160153
87063
79395
623972
106914
528151
902519
58837
452125
979027
77696
934022
462674
859243
600665
898831
384763
788389
668848
636549
74740
543525
697187
847537
586007
966001
449480
443363
522633
984985
785932
241406
661481
811628
515635
105043
40052
752085
584855
812081
930052
523602
663520
89161
60507
146951
468433
419499
363773
664617
847710
933196
166885
844138
520887
299451
736946
457289
72330
77371
790038
546774
384364
41833
898102
656508
322200
117916
833420
472006
707995
898084
62819
825090
286117
827705
273917
583459
384518
462128
985410
49913
636719
756764
784377
827479
443961
467003
688351
862341
575992
714967
727545
451910
128453
52303
413842
503754
609200
958106
570238
621180
768896
159104
485605
636653
604835
763759
505067
469830
905436
880164
919282
223421
21830
643913
976052
440315
850573
452861
213198
219974
245222
737892
935857
372530
264787
58784
930400
224903
742444
386783
731991
765447
104700
792385
286769
619965
383230
309057
170257
875701
740703
514908
710742
324087
702690
850074
99902
339416
866537
528289
330697
200620
612470
721059
686639
997942
104041
447145
806113
421565
858707
654928
483574
1759
792699
824753
37034
312714
794244
974833
573347
360933
818053
825294
548560
863076
974609
219353
979215
682630
996481
762116
31342
174886
108149
905710
321515
537009
876836
983883
181325
427775
319572
922681
975160
205213
360496
504713
73216
51308
56027
158979
188246
670099
568595
848388
599618
34878
436334
405277
840156
560935
572331
818522
535866
313770
544362
567214
391220
42129
905237
852858
77980
636709
373859
488363
608406
534750
664523
885193
590776
80976
202545
740038
534619
740495
910884
841192
272456
528269
218920
633943
685601
57782
738715
518210
94887
54475
592506
549527
156338
872843
787332
305801
596366
145513
881696
527298
503323
398954
760485
291584
524302
141799
624244
33675
217294
851921
621493
544964
496705
265940
305855
678173
873285
778474
301231
424188
695142
638961
523510
690010
268647
452889
449331
234295
648982
627901
382359
963220
165474
90138
205309
204147
383314
522006
857385
565649
657047
388858
113952
553549
568797
125819
663156
249916
348763
866719
618063
767366
644686
340429
443372
628747
617694
550919
3775
257220
42022
787100
560270
895345
66891
141370
955468
563079
585177
792864
148731
373005
435604
470764
932938
99217
624260
932826
79096
419095
924314
982966
861901
884888
523306
146260
812579
85402
499237
274087
900013
378704
523759
155536
377652
756000
547467
133475
293986
782866
304691
350829
408650
751248
259078
39881
244545
16636
303693
486011
759274
274728
842183
455012
61733
426386
768121
964516
52744
573740
942910
121915
103660
377784
877305
256071
508667
452124
881938
782643
331470
982024
231750
611293
159218
224016
335613
815907
846969
287321
872274
57759
248776
11063
821041
773573
431893
928356
593609
566200
873055
728174
611763
624793
463843
647652
398069
127645
787508
520563
822833
274862
582251
124634
354526
42544
805193
617933
488598
634836
823094
153592
400210
852790
817160
471023
358467
678377
836445
280060
822621
248147
401895
240554
671533
427069
805528
155744
5559
546068
743633
91749
984427
601775
588443
623069
544256
419311
580820
239505
495439
124735
358738
240398
628765
410549
665939
555719
396053
549727
863586
278751
214741
107545
412996
503971
709426
68664
444590
292453
731081
115292
352874
822634
757552
142107
850392
169030
76701
40048
350381
457686
723389
662830
90612
913131
698843
588624
928264
693578
954284
569348
720529
917437
566424
82309
528996
625002
132750
506812
296805
917338
213270
641853
912810
978539
896199
749191
382361
479623
601260
175237
832219
586058
953444
740858
819440
735183
569108
188228
565239
971780
289079
291867
891440
102513
597938
32848
328814
770096
218242
494084
275648
359672
55958
620253
515894
468437
915669
671580
485354
423296
332205
269905
132787
91678
902415
847346
708712
244420
566249
713807
473502
609729
28580
976856
979849
628146
326842
145910
74477
775903
765593
639019
826460
931292
299956
652610
873888
419031
881437
679823
242895
487839
334055
263186
663439
970406
21839
313378
3668
781967
474114
730748
788873
296505
297542
79286
118022
929522
712388
677964
542898
800248
121626
389139
86149
226397
540875
312800
94224
341699
679298
877911
884373
58834
501741
742955
227938
497281
515037
826884
727011
568045
143595
694850
823503
797021
938876
726466
138310
918799
198495
806607
158789
369855
381173
701440
608729
321174
714828
869644
436802
366883
293950
234642
824223
595570
489357
786315
20781
562164
146540
293777
992036
100137
462140
36922
330427
302500
288473
684995
232154
658705
635567
456032
183402
816768
396475
117806
56656
741999
881656
551783
774446
270147
145897
923541
830432
603401
942017
769373
723314
475998
311414
569965
156576
57571
640911
526761
161811
470786
96065
211085
893781
363241
476125
714616
308771
282198
476954
995923
519184
402610
249723
892149
338654
941495
2273
111155
523556
335929
388221
784106
501920
12183
213122
171259
307792
716309
232644
249073
381113
64101
832626
55573
462811
348114
10861
958097
925175
520966
632013
148088
661689
659763
482531
334285
765051
934059
631975
608783
63041
982041
10208
598301
121436
726082
250699
464107
182852
973838
626743
982468
634694
671367
632031
685478
226056
662001
250543
19322
750012
126392
122022
624758
71959
661134
830004
712636
492414
778069
870268
952528
321375
753796
841213
468836
987474
634240
51653
616274
249423
681526
851804
912974
683694
750172
377851
968252
956024
16261
89462
719561
387643
724719
801777
515048
799629
365249
467510
888171
95149
645387
804388
853243
135371
418773
197810
197829
923670
75913
181135
907150
658583
623376
274132
699505
30568
217231
734236
270908
105435
494168
309766
190562
824905
897809
815560
136094
684718
22988
29932
283235
170540
23344
897885
321501
662728
873699
163239
560002
783307
581694
315349
860405
733619
544213
760327
431616
90494
416698
724617
84572
385653
699019
46265
473924
799248
898208
335856
43143
949174
216414
916058
986044
398567
920284
672453
523960
688997
485717
595879
893778
909807
351175
12860
28714
426539
376286
256053
801063
985661
799353
952367
876992
730419
743538
110599
304646
180002
607411
263131
144092
829874
293988
934418
529279
743503
279711
801126
933620
142466
90756
618872
746177
771493
675742
265355
479799
163416
407188
279657
794988
495054
550372
803367
806045
695739
991593
406056
811488
243705
43357
352141
452990
12891
295903
22390
937145
289761
104726
943361
993472
114103
37823
496867
872256
623087
11206
698642
912753
622108
604590
700356
818063
520569
485896
591264
705525
736732
660489
105390
735994
487910
723693
154691
43293
427796
800440
828619
998063
772289
519485
31645
329508
431773
851020
480507
489971
640783
840231
625063
531252
144264
858983
618626
267023
553828
845778
266072
998883
22770
569403
705785
823817
512255
740033
500792
776974
379611
421559
559717
805893
762567
319679
941341
497481
394230
752827
378099
744402
720400
244553
637304
383671
155859
742955
140921
294385
844894
7175
11113
148168
77758
447361
412008
540604
887623
747153
820646
220026
335303
857081
33759
866772
787753
851697
379720
236926
6780
468696
426742
63500
73720
524945
447773
69008
774310
635999
328608
61444
327802
865175
95860
831556
70539
634818
896728
713568
540531
33665
976672
287212
33587
614685
51619
737294
946630
688080
987920
532900
346155
185045
680319
178869
280475
167779
776936
475595
15108
144499
776533
571367
246518
430957
977050
754368
351187
629667
255673
399995
948354
578191
495300
769904
617126
378498
478121
60967
686124
372654
871220
614812
84972
751476
772991
809082
632932
120901
661203
785742
377458
110568
70627
83204
32025
211076
913607
905762
707363
806207
426522
537486
64188
609815
163811
791155
3608
489014
202187
530189
394253
887732
596842
755118
849248
597089
577068
823401
151011
245861
747355
51434
439994
183882
670913
239990
763329
366831
796215
374116
572780
214904
253934
321287
696754
253626
739034
361635
252923
228831
58959
183082
560284
217163
526843
261274
46822
92402
179898
129579
333383
348283
204309
939624
98030
108341
31453
541404
299094
195466
418796
391655
488561
87899
510732
845463
983801
895114
583801
313984
626137
266626
94381
851964
437634
345943
432779
458301
598967
716077
950119
326832
608545
7658
770447
688435
893113
747890
280360
238577
197543
267640
348490
221742
383020
247359
374757
630962
512536
587240
257555
824350
612863
153995
17083
928994
968457
484903
108002
820940
634944
668054
694594
267504
965288
27689
840751
588648
673041
910693
421563
216940
646262
951741
589507
965534
538932
224145
528583
609040
460246
872497
730474
740400
596752
299433
242017
601782
351866
430213
565988
180207
500323
273295
764919
910535
42688
20187
222908
169207
868800
541423
423501
597485
530989
635256
829464
818956
18320
367805
13118
279218
959937
341965
63577
544216
968325
313485
515037
816019
28349
64705
350570
76544
645750
823056
67276
403205
892566
521041
822665
756079
527608
50021
451629
477794
624092
152399
930825
487378
539683
248259
916358
924373
135099
403632
408020
564971
172746
974663
379341
110921
381151
909376
582582
57242
243527
485842
927948
365703
384247
204199
628599
660526
269617
472228
998431
485807
28344
106795
882023
840453
299561
374343
648681
184015
482415
62987
898555
97240
900008
725131
351592
718013
243345
52458
671407
169863
425943
104674
554982
651230
313313
983084
746516
366744
505181
266205
671906
873054
99044
415707
975620
507032
931995
10356
594760
932956
789765
179458
402402
29604
214963
449644
323838
840187
506184
211659
694000
772839
924645
266534
937511
846000
135509
539861
154208
178093
457171
582893
669991
878252
218713
451260
741218
404090
869316
158747
904628
102805
801426
585208
358395
3011
200397
581740
981102
22188
360404
186371
549262
432363
887631
829972
538841
212268
613644
946445
738979
957773
644716
462116
306104
46549
990515
241193
87225
98180
709842
722867
922201
619779
272458
304635
465681
24398
61638
956223
258620
945610
739689
52859
653681
930185
711458
476087
706244
640607
461115
874424
540678
839267
580923
402895
952821
201559
899864
140883
662377
825017
630194
271246
101688
140313
648976
747628
997197
62553
109892
694055
870049
327632
354338
446402
496660
439794
446720
143950
22970
843792
879760
392983
515979
556507
785470
747277
150878
742970
494092
267058
584393
908473
717009
404698
74337
958441
441001
331301
696807
109770
975576
306769
397554
780602
902844
17620
592
616199
999731
548644
318825
475517
825282
51336
65311
232270
835433
126711
845185
120187
845562
974227
902323
169312
414131
239609
480588
520891
694334
510494
199619
702679
735884
90859
732939
668374
521818
423815
294243
847915
655017
306140
358365
920296
144277
630443
177760
159026
745428
764675
6733
251011
330198
76434
940213
416421
547569
772124
889294
147888
698018
732811
899759
148185
74863
3649
307329
359973
328055
631087
948579
933608
708540
517153
398554
867110
390080
312143
902571
856698
642049
582388
270047
312396
911021
649133
581834
475019
950795
592178
273711
444220
425175
953017
54838
737778
705782
593061
501754
221647
307513
935141
141810
209721
996860
102438
720329
537556
634601
858192
173659
268170
385269
38058
306150
223766
652756
656096
356765
313711
852517
788775
53407
523067
340192
726586
339774
695004
496610
204441
779335
858434
354461
463610
854531
855252
441230
826370
508289
39702
476286
895596
858645
118498
114770
380725
822039
930009
566079
839201
217484
60937
529580
922057
804114
785807
740931
816082
900117
395509
823538
198915
821880
563523
905261
897064
931457
83046
562824
869520
858865
844488
922611
283386
505972
968850
395611
414957
826606
131521
163395
298648
356562
710899
757010
271392
828685
874178
988326
827909
603780
78326
862596
625320
26937
142767
186900
354602
972610
54219
264349
333876
856556
606194
975800
529836
224144
633094
452756
886202
748482
660221
263056
447414
184010
245890
177353
861027
574633
242756
180645
479342
318603
525547
181833
729446
449348
705230
616171
285626
338631
11898
137674
661865
616871
126783
558269
160334
564569
848542
479505
890859
409920
723479
976663
435483
966225
399296
21839
866261
297266
407184
794270
593033
192116
693442
595886
383345
750951
758383
168703
491083
384697
41406
346065
699415
484630
414263
696198
246493
203303
497802
852202
415309
402776
502242
468178
906843
737038
766588
28641
19434
80465
910005
901397
694213
651385
171800
745000
773896
941735
253219
739734
718683
125792
560017
830649
639568
708568
260366
884041
559286
338997
518319
286695
789300
878986
638375
654778
567456
791433
492144
389671
743933
285895
70739
393509
804540
870094
598864
443763
325597
657342
403485
222968
939836
14379
387230
952924
871833
964782
160860
612380
665663
263971
640998
177818
744589
134541
540553
139584
220990
589274
286638
244571
596031
107327
144476
839097
640051
24522
428295
915003
486064
828559
993160
805299
654236
88123
180141
865314
676792
10292
31329
495209
300482
383131
792265
958525
221796
710271
134171
668637
936982
493423
823321
652571
916985
122466
337337
387564
583407
988943
752867
970220
95009
580416
796593
194759
170997
182648
25302
80475
239064
810940
83581
318339
320694
578991
889052
222011
141761
869439
593170
288522
685425
409592
93855
287334
727111
937952
301219
317748
705861
217766
498867
933660
162689
56960
181089
205778
361238
737389
172062
251083
633021
151419
929963
746835
552178
11355
639517
503693
67676
699943
924981
899812
272458
931251
875419
162268
868094
658988
100463
353398
310581
707587
546586
229514
969326
159395
839444
700443
965674
135943
239354
251173
771183
802582
236770
90473
229925
158545
343167
638790
639392
479181
240306
356385
1938
657563
697700
545202
21517
320829
685954
901416
531254
475417
282186
22036
57592
45874
995111
28874
445328
476546
215450
204161
551198
687253
460492
52007
993543
198334
999929
834890
667161
979441
598782
505081
99153
224646
538363
440280
50924
743808
548648
452188
533270
296512
295755
500559
325044
311792
381369
977304
477311
676400
125408
566031
218042
663466
996844
669591
919987
330700
395391
572042
704114
778062
822200
25004
529914
497272
162179
548096
828523
891711
589213
122102
618137
494719
213346
666277
92242
717172
725430
912540
11507
808759
19638
439628
720938
122495
16204
236404
705118
133479
629619
151279
291068
425139
302590
194709
408948
366547
768178
850566
244099
919560
653841
739466
186076
485923
248199
288526
453402
607464
735619
435381
78433
535696
737917
381406
651767
826906
5792
949843
692992
281550
579251
893793
395580
459958
909892
275516
921659
979774
981810
107396
885567
706041
949645
304054
740280
289008
852554
457389
299615
135127
733597
739386
834970
664635
94353
14769
718395
534720
854104
439866
470575
334504
910394
587360
156265
515767
359941
714235
514900
261916
439214
116363
498856
306677
919310
636680
268344
90472
83251
581716
532238
110586
640461
44995
507627
380344
977071
319081
426220
26944
446941
958736
381076
693103
828381
596267
655874
725498
909705
656525
117108
720053
317749
523725
921810
373145
113673
583183
380192
444556
968656
859768
853065
337548
230811
989096
267383
450804
180155
842297
632315
173347
491353
923719
452408
112096
943921
363710
449530
198666
228974
198277
541101
141057
891568
575896
190476
316007
637165
381891
644483
973547
611615
338088
808715
513587
71857
412427
107691
995610
570300
351401
405310
485148
216382
663091
773479
809221
729996
144146
291213
83436
230050
350926
840136
514846
674189
591393
342182
740606
882412
378732
806342
286654
37667
284400
523537
602466
864196
31425
65559
509524
463211
412103
271164
277331
744005
699387
857106
253559
968922
535695
455492
501709
53325
528125
963811
791516
885224
829335
711687
686660
186834
414128
376681
549461
568768
932898
87269
607784
960945
142453
44191
6673
763978
762609
120455
461003
830033
810450
491804
849190
719357
504325
952698
491020
916383
893864
124234
413388
245054
771728
424668
403582
419439
9551
707647
206877
658957
344587
138664
315069
520092
781048
257712
368271
468333
514497
610094
819118
81914
87268
907947
888735
72790
713587
914956
467207
710550
498621
670996
391235
26259
131433
404725
104500
963611
850403
462653
778388
538516
103504
551197
381480
22253
392508
133632
6958
783326
163939
327129
367208
699495
239453
830431
209160
846309
655898
949631
637487
69300
602927
552757
430217
910883
278330
117479
114894
602589
375075
44723
399626
223487
94670
926707
997332
39159
178733
375292
12687
55568
360060
562278
829966
204169
204436
682738
465285
440989
216098
91739
7373
529091
983860
122368
710464
614463
939063
294686
266433
84653
844058
948787
751973
964380
210094
633488
478874
102826
557031
455048
772574
621943
243993
243188
662996
611065
840449
937106
556232
78931
234991
380263
417758
483000
684987
865821
579340
784192
173739
143779
604466
545066
76383
925595
410687
996611
669486
639659
813810
128241
586205
49462
393257
979998
681287
730766
863791
969465
752931
986714
524774
638964
766201
496107
777931
251033
802130
311865
207415
299312
565921
488485
725007
527197
902893
574864
838667
445546
945616
269363
359517
178282
796576
788311
394661
145470
144557
217180
515509
768623
560205
622524
342088
710435
468228
723832
690859
693676
849470
876876
34723
429611
658751
914280
435909
901938
355382
740082
860658
16949
203569
92962
890991
322253
623042
551485
408819
267181
114934
414141
893615
995381
416850
153657
339839
355670
885827
147848
880471
432440
201094
17707
194091
398405
967770
50891
586007
708093
783016
7241
452198
931855
638299
58384
725150
568712
667271
945261
681516
557749
858444
536556
438608
420682
412203
36509
384734
55985
793230
570579
710960
467228
753821
527591
845679
919538
230121
974442
211274
165446
456781
749768
139783
952965
282274
471602
838253
403370
5995
630383
813196
548713
965059
188772
680343
191468
755486
19973
916129
561228
407478
279926
58917
963373
143179
71434
689932
169481
14428
363998
651409
66753
300233
37197
406037
743588
710428
782387
509480
757260
751969
185063
942631
239084
993431
743691
282579
269876
270502
459424
610210
463954
153807
724473
309276
668643
618963
799466
479717
661961
338030
578558
333597
10074
245630
985753
804188
932366
376569
981401
481818
558961
131610
786581
488466
960751
943367
516588
118587
610833
38076
697255
779214
953435
121243
52905
887804
766280
458756
403476
466694
552585
198708
744250
724828
943619
256495
360174
295398
665437
851416
693223
930031
946273
442714
156230
57334
124144
500413
520551
730902
32012
123127
943829
453457
542286
314986
46855
297378
650391
556308
579532
537412
6633
481697
617777
896672
636678
871683
153894
358937
238950
584314
673978
783293
168044
778398
198269
615264
252199
933299
962750
200657
832426
526390
759335
281032
945619
912975
190420
509899
365323
371097
499259
377067
877346
769465
854267
830689
37936
197837
986840
776344
728073
339064
420481
485675
501460
247711
610289
169590
714821
565871
827106
302879
849007
897540
890017
212021
959733
501975
187023
2393
38228
801772
585454
917968
6498
510345
686347
612315
982799
671256
590726
196859
573918
135237
427089
297816
758990
626635
2256
112158
575795
175764
355241
921110
29932
183881
718383
321085
625825
779911
245139
247913
540507
153736
633678
914607
465335
462697
969725
369868
359970
66753
810673
547111
827327
830848
514263
787137
982696
507018
770284
766274
320922
761986
800806
339606
170315
895224
77027
946599
37368
883480
677496
252635
362807
184828
211902
627055
428246
478975
433149
528104
863039
158845
834690
914032
625406
521560
414923
583689
899490
541697
579995
881370
174967
877085
889536
647989
183967
882612
140420
240213
234474
638819
131843
215027
636331
242188
723731
343362
780322
558663
434390
259570
922096
513941
322360
481593
155381
369241
697323
756710
566437
156342
629228
980715
279550
707160
677499
422420
525375
511986
940599
520442
461604
38528
472750
750754
104857
670350
312599
883122
437263
483003
172645
602905
419928
302281
229776
281569
860537
992416
994822
673914
362051
300761
799922
840699
763474
756884
67219
262074
289693
196752
725506
241235
997922
421716
733777
272318
807308
23408
601462
106570
83189
740503
64769
532422
596081
729710
892892
287581
79466
312989
705846
337182
543476
819944
22479
790295
230750
272710
662207
314853
458389
837403
215597
537331
138374
749320
591046
638808
508355
169871
318581
925453
493419
270615
461129
498685
299057
605558
59264
613040
321441
894715
704176
653905
6574
483661
50341
834547
571033
433010
221734
153180
173821
83470
929833
640832
769133
676668
184976
982325
142145
75241
821824
575969
472340
338918
122467
881009
501313
564210
799895
857370
980920
341210
427451
1199
801732
741943
322833
337997
55936
376107
492960
664082
288000
301986
17433
155734
610692
454246
59913
894860
760193
449770
752815
692215
63224
708959
603590
983212
769970
136232
267894
602777
41122
561942
844839
708006
559791
729702
28716
111652
469088
576530
676230
601305
290960
220656
602666
359362
782042
732173
447796
752221
213377
641985
198394
585972
725341
913882
11290
644401
681063
462829
527510
773728
691088
51055
786284
164158
177390
178756
86231
111453
840871
468374
943788
838469
51847
474598
36032
438997
632688
322643
273561
615141
665452
934425
608771
285678
524319
172572
171571
560855
225091
670543
385897
226700
746774
600138
537755
323763
429515
322405
144070
947436
677802
739239
168127
529576
392370
570460
214470
329574
250620
675474
490457
38489
738458
863457
627524
311716
358995
938008
795176
612879
340904
940487
204535
947473
398996
105315
167237
939335
527536
218513
786580
59571
766812
719111
588074
50115
997149
821826
539391
273702
668585
555282
838420
23138
389718
772595
172819
936548
9067
84030
645606
208358
491153
515311
890830
221512
295923
680205
564598
254230
325317
715168
780342
319980
446522
487252
823002
403458
591380
690360
312285
449331
959164
50395
962778
938538
754952
82975
312239
368187
370535
740420
797552
397547
6539
398411
125740
982332
331111
471686
297840
34922
986687
94491
514570
500408
819260
916829
12804
97074
749908
170402
199485
748419
548487
776230
500978
640296
726578
881371
555995
452831
589003
881901
928766
119932
841537
344499
6958
384776
666699
808265
19185
576687
514388
836070
222212
266106
777620
886108
60529
305402
615751
399267
633570
503194
675153
620690
233425
506255
181420
914114
410844
156472
239132
353967
351512
243875
353148
554494
427437
33620
299632
407777
120310
385104
701223
322224
518645
482625
777405
357493
123270
979924
68062
502941
581449
39426
551032
367707
492947
765346
965219
599144
573621
890326
136086
573953
816179
608580
111034
224687
894550
439344
536826
442538
901718
817492
265110
750479
519684
969147
67015
468692
436134
101019
907111
400786
945164
878872
354246
647429
277870
829077
592616
830141
959994
638141
559987
651705
826252
330094
206068
383953
980843
430045
792326
792850
604456
9197
931767
752884
380
197033
75659
560453
61426
817560
854243
650299
201183
599242
260069
798280
877241
137316
424582
878086
162302
632176
913047
2559
984585
427214
678182
762464
248494
523468
921742
598462
549226
826122
493549
299668
591802
65141
540586
557909
126134
275825
897210
485186
438831
311775
947772
487176
92157
634135
63623
192548
250923
619038
195351
957222
524866
180327
575926
591601
353864
913701
101277
79834
771656
819293
836474
734401
124224
52007
408983
962083
307883
23800
928320
297536
173022
275795
811463
111392
624624
959062
540198
677442
508808
296533
541158
550035
291578
902597
542402
197665
257875
382927
803882
57650
69077
566348
902558
598975
719203
888870
874569
428157
194924
772201
229757
384057
760491
929216
698646
446201
533460
100642
867369
220026
340790
818358
227998
254715
521892
287177
291795
86235
729379
232835
319660
99253
870462
954177
263784
916199
31684
783702
524887
433196
956956
394031
675199
987717
22321
570820
370978
967449
289559
261899
20298
508496
387408
791475
260639
502752
975679
806647
830099
182476
797223
658872
962486
787696
564801
573026
354759
29631
371492
445512
65008
261249
514863
353997
582321
93173
158808
257618
345669
989539
345828
715941
49606
790254
19616
975568
964222
159263
665865
335861
160911
728108
646064
157865
437296
41272
826806
661878
354710
770964
919574
63229
159920
911473
417897
563630
774153
801114
556384
326161
222788
147195
96998
810553
102028
802648
934337
937411
759465
817584
849795
777075
160822
282898
228722
849649
334519
19273
400364
967822
991413
996100
516766
947414
1593
551672
639070
164357
837431
527991
358172
156266
761503
695976
900389
55058
647144
877256
581139
754021
685148
485255
646404
361880
951870
203756
869516
258673
147626
559273
148429
659706
777392
846088
537869
465381
224564
734654
431445
258999
884021
434070
248929
758129
599631
498697
127428
646486
459125
838096
940884
922342
153377
84446
248925
292293
793586
328855
435638
146711
35484
682050
900719
183807
223859
543353
142720
96036
132919
681267
140477
244265
912385
415594
846263
573391
706634
118615
29815
529172
9400
405856
71232
656383
278992
817030
802543
523195
490998
439960
557846
562481
533791
567615
515008
668922
152810
271505
428500
917643
104359
20262
433640
618229
952402
873583
509335
11374
194657
464834
390792
219183
32954
85398
225686
436851
340712
469887
699638
986062
638540
707773
247088
227850
198670
987333
596074
293563
965817
632348
741180
595745
852501
271967
439647
145565
331489
38441
55418
272557
765411
747187
598290
916998
791572
983393
18690
618761
88205
866686
69932
405363
51888
170963
607665
613404
919911
109482
800848
632888
993953
545293
463129
882350
80705
747522
130363
946024
630058
256437
865196
358842
921953
400841
883084
89852
499956
657453
75291
22336
837744
66209
690058
64915
208847
86443
60561
554724
503822
665348
730618
97244
833396
712836
184229
747663
192083
294887
276988
914426
227353
563727
900426
727605
826014
391239
632081
949802
47451
897111
226552
497278
967553
858664
900299
410124
921425
510310
669181
745471
834702
942302
27873
53382
172130
987218
459659
42253
288330
725993
250197
820994
749427
14049
526711
127134
827499
30818
128883
946814
339532
540227
223999
37913
35096
510614
608169
474887
198807
589782
832392
229718
219080
190591
966975
526283
459633
435987
201472
823564
479931
487355
578719
324643
89580
636085
815255
689638
622539
612109
95529
835534
760334
793996
976296
462447
702155
772451
901235
737375
550065
678441
914938
366146
927541
736796
460402
371405
70510
524462
231109
216904
139952
463201
521251
317344
758971
764951
360056
763864
46769
453375
514853
1310
41655
147472
621459
896599
842725
466336
655975
463970
908530
173842
274919
490301
536432
69715
415474
928337
14132
12380
217839
355796
675614
881406
394686
942614
524726
456724
624525
341521
299351
828512
972665
381230
16007
555172
78725
249431
129284
544087
109554
524299
907167
513159
612431
644944
108289
653919
455542
862357
807123
210906
43100
788682
188008
745070
12026
354087
317724
248158
136614
503104
705352
117688
505788
355420
895853
341705
476317
439418
184762
815945
190957
825686
147608
985947
988956
622759
206688
823816
280463
729147
18545
777718
391999
298315
925593
210183
669428
971319
543301
994376
646561
889944
107660
106425
545838
938644
323716
263355
514100
253325
922469
306801
476834
697938
870715
308491
439519
527187
756779
439223
801350
309406
539359
775961
859693
763976
597802
868640
806219
347199
648952
611471
932055
40033
541138
961771
766747
93433
494660
950208
233988
679936
845112
253872
276232
452887
75867
299754
536001
726930
744401
7991
667785
119866
566251
586853
786514
844676
411231
823518
253678
212192
709869
386515
356550
121105
789513
638183
887946
951982
410990
584602
523992
658096
302096
52621
43333
257908
746984
399975
418033
541580
797695
100062
818326
951706
466295
693526
794561
825584
814682
23809
142436
803968
2970
181416
867722
809555
500536
534014
27355
543834
69695
580083
524046
531458
891418
436232
710268
363232
407616
969574
450993
435318
305427
24256
600597
81479
550748
744705
335151
196270
948473
377613
504969
177223
753100
156586
3867
764394
355590
281039
914685
481055
796109
26609
366303
988710
28775
59962
720251
183910
531007
744241
307832
509238
174295
705356
300707
876358
799511
230773
766945
982040
963016
862865
929990
856739
569430
841228
648362
134304
710177
150154
191740
142107
382155
884191
169530
112268
750969
299912
523738
824218
818554
144470
185559
539155
322638
527418
215817
468726
564661
643132
889022
788134
187462
503625
942282
348729
63071
916132
499220
873603
924228
587456
108166
602614
221102
161844
400459
13477
372865
733384
713657
909694
72781
858199
34438
808359
639447
394264
292148
717457
905581
395812
875768
97326
602562
656653
247899
228117
399769
320612
589016
733922
818896
87316
766502
119823
929345
934991
999443
538116
58891
360249
517688
853663
181092
483416
328131
285252
996825
565118
302878
86489
248101
792504
607533
745736
547708
864800
18831
145171
132026
226468
884523
686289
578469
551047
817872
618337
537625
221970
853926
107577
389994
700114
685851
777041
812669
902055
609156
278403
433112
581743
717416
887927
54319
340018
134311
180255
779486
775782
766401
423239
432943
210745
518564
263164
519990
63961
86114
993678
516470
545739
532038
555256
146329
930408
594128
514365
117180
123099
318984
547439
598979
910981
255621
405994
47860
364933
776919
836132
951345
958514
69833
7291
758803
839445
743464
507280
103264
62451
528181
82589
91614
293378
289954
43825
109609
650001
954994
43662
321390
550776
940355
800972
152404
174662
928092
328042
892325
69564
376567
144409
774866
778449
16171
986718
862943
695219
279902
359033
438940
312087
902082
903172
383975
211275
977896
230153
31884
740042
83909
853678
135234
558571
358603
400963
81676
216280
262606
408108
708106
174459
189145
992251
825349
747935
465906
464567
536833
462626
900607
546500
378365
835095
803529
521118
833441
897820
170933
311641
841493
13148
838565
138141
120799
605158
962550
485651
969994
379453
428043
817174
295874
286575
321963
769237
217689
293998
474829
240526
454382
823482
35825
550077
815108
659202
936978
487984
593652
59565
992576
362736
333889
646368
477662
845157
767587
703389
819441
724506
195921
758706
454154
49884
557876
382103
620337
896633
728556
625118
148717
755277
856974
409011
21041
866261
94101
71225
333071
456782
961884
129458
716814
649237
309397
587478
293343
668488
489300
347559
817226
990910
484317
28466
70205
317220
13688
306023
237789
37525
915370
541609
564204
139867
969092
503456
470443
948222
950280
95616
286304
854805
693983
204502
76375
22929
152269
157501
737807
655620
497023
766357
686232
678194
60519
416355
917702
986459
278433
729484
854153
732588
586100
850710
536197
207879
797574
139554
277305
410029
8240
299121
616230
365859
223720
293595
888746
733339
499047
854905
941602
929772
883209
717004
807698
409309
245778
520242
344386
731756
838492
913147
59056
618683
380792
439216
488048
192671
334118
151892
393072
446898
271145
86607
388627
822759
441193
210877
732234
536115
448400
894721
943506
641452
357862
292490
230735
682346
42787
205657
707989
980964
155200
833787
277968
303705
688513
438039
380774
214269
585705
206165
452041
411121
712471
463295
266903
548984
615915
93001
562541
871877
793697
713189
846795
446394
185204
922594
816430
131458
563817
875704
504724
408977
918708
813471
498756
302147
493285
238331
484668
348625
368159
292335
468674
391213
428094
670488
207843
306660
407506
234734
780166
455705
540070
457512
309575
804126
482858
506992
864573
96629
918536
659537
580359
506610
646310
248612
748598
293487
232938
651374
439000
613520
543125
607788
173357
854265
337575
11310
222976
172115
714195
120565
331983
300880
171283
358644
159532
866437
536747
831452
915139
756750
484279
578871
634368
539427
95052
633745
50969
339909
341322
579807
114796
575419
203912
388207
675452
271381
324044
360466
835188
120220
634920
308439
749285
334399
89541
705100
734428
4275
120133
363890
636054
513966
57693
771546
737842
432807
626601
448216
786090
289870
147714
140048
873270
135153
903984
315680
327344
564676
535672
519071
276211
812276
981769
419295
450630
915021
861375
817197
903599
38856
655289
838559
211698
837982
743917
841927
158021
681797
415840
974313
86146
593467
851610
100796
445953
345012
527422
768495
484156
193415
951044
141423
698830
868082
592059
793655
500444
619562
131693
398611
773902
437287
370165
278164
582452
799827
892227
327357
49477
340863
712815
612397
730338
430864
869095
159990
774779
959829
736206
549200
36370
415057
57820
638446
23299
659455
149809
968455
648920
271112
271275
947930
876757
422611
862073
589464
477587
647598
479223
47346
7785
845287
725386
253253
78126
619221
567877
197255
102953
169712
66339
236997
437204
742538
777478
738076
938722
47427
537867
223793
357253
324518
159487
983929
168895
668000
431210
44936
228571
799251
106923
837689
281806
643982
659170
681963
290616
742186
999354
692954
779452
21352
499613
444715
20843
577473
43585
389939
303735
864743
273268
709046
540077
16298
787347
81702
929714
701606
49972
267979
230048
62776
927334
112891
67937
884451
122901
515128
580623
705617
252168
37868
541339
314938
294733
556946
428452
335240
675620
135279
151829
801688
20918
739638
777527
105231
17763
857673
651519
214451
539703
464989
127682
298985
306720
589081
56127
409210
538189
917082
454152
232822
185858
146251
83719
361889
778581
507241
859972
517889
270271
937360
287072
19867
449891
727333
483019
560195
511007
929714
238597
990349
185696
957330
535037
774720
924901
712286
924275
673429
404305
654849
914827
77931
632997
715876
625234
434618
711910
65827
560613
109653
95295
341080
331200
432645
440717
682120
597190
103272
568802
547970
23410
305805
1878
992268
900078
308828
899422
83997
361490
6710
594646
660798
115514
284946
914924
937931
893392
766541
807878
962399
203076
547383
672185
749221
83455
385779
394920
996061
694599
460196
174171
905736
876449
493808
700040
743903
333670
392610
760820
939475
471013
548545
671177
241377
68751
540619
50667
57705
110104
922060
710401
99849
535049
524426
216487
282368
662009
853556
628987
949422
710488
330377
79945
111660
919942
672453
142483
865196
173038
406004
370547
436743
382454
403310
679559
574728
740473
833160
691151
391305
132789
48631
656134
680497
303853
751282
361448
952886
365302
224983
862330
416069
680006
293748
823616
360435
291969
351953
647081
406696
851131
198607
542399
466296
138962
113764
316972
859770
156784
645544
53677
909147
31926
941843
709529
244878
865129
197087
475278
733180
739667
794216
54260
597169
422428
688401
866096
472047
492735
406400
429529
580873
661328
828105
441877
61105
197923
45589
409479
603166
188724
738738
808677
668255
313401
396639
209814
369803
223789
389878
703236
354285
219101
103416
287799
233406
94577
486936
413803
185779
243447
473249
280218
963187
762142
40447
859846
655397
986735
791653
103422
541059
939116
868603
169884
61309
920889
970900
38266
513161
394314
725794
421827
868386
112946
666635
855953
739883
818555
103336
120631
121852
990472
670369
438499
370030
671301
264488
208973
150132
636094
93882
8372
878133
237039
499526
627466
624786
95006
483026
39317
500313
456652
478267
596301
829834
406056
126480
439605
302832
388630
600420
408005
738638
572561
941359
684853
639554
822557
76782
760590
240914
610291
721678
163442
116394
554222
509154
534342
930416
866474
232051
550543
149588
732592
695517
310760
450686
778694
864406
967360
100852
654916
849989
850725
563058
376704
540149
241356
570030
516860
721152
239572
877573
152687
25721
444507
917334
399068
517780
263205
960638
986269
504213
313287
757416
967274
554764
872441
204532
593069
72785
611792
492162
336329
598590
986651
399249
430763
297856
599735
300161
98905
255752
448221
271023
904037
340424
432811
52691
321193
251967
879154
775653
946721
880969
851669
710115
463082
757690
253128
725266
540924
256561
268983
795372
49276
793998
635113
645837
906282
228427
919908
480953
112570
885724
343374
407893
580334
998194
597450
604814
574408
951239
963727
688383
94740
928139
875595
48211
730022
410391
558269
992305
185382
833438
879550
716023
472012
555965
319939
625196
13853
976652
131038
283937
664989
759278
706978
447783
31226
209344
312171
266731
700863
247182
994249
571786
185784
375461
324066
276780
878683
49351
111034
433171
854077
329649
804464
552824
983421
826871
868900
69797
210136
823823
810970
372052
854151
468943
50883
852804
642814
979701
871620
494911
841570
888235
962269
234028
298860
767701
802141
868436
24933
36324
532425
887919
695478
999048
432519
386573
422990
865690
178411
554823
884004
677994
504085
857246
735136
381771
471849
877576
631344
175104
824618
323667
38860
956115
943631
631751
857828
925856
959523
896645
347084
106634
706543
104452
13978
357094
535135
420810
433573
541367
734653
278508
354091
562617
231495
651609
224886
724209
533022
460111
282960
946524
166892
6182
791073
52801
976784
420212
262584
286527
376837
966172
73929
165921
224405
358090
92436
111868
758969
618998
842722
298844
23909
545027
809683
588968
676090
472137
711648
69235
426336
556791
195575
865678
345749
307075
161836
461388
923060
106582
813258
851557
570524
766993
854871
132625
202343
812559
586087
240528
852894
394088
244043
236504
591353
186358
293248
717268
728820
811158
663225
271706
720171
768641
706067
569788
424249
506978
285677
337148
664705
380776
985467
280168
940125
889181
872790
601689
916585
102756
290093
742780
117949
557111
241966
781
529683
141090
48623
531183
78494
530336
993972
327467
810214
446173
809279
275400
56407
239510
921540
944719
156999
812421
264554
350620
698644
712818
979918
704536
415092
352858
811138
448251
939568
480968
53670
491954
76019
236077
168578
294739
863705
127225
865235
966606
812884
346637
678351
848733
152355
750326
21260
230712
691265
237484
79846
944045
650917
450371
305426
730634
299038
810243
539412
495554
72576
146316
98365
785798
357610
584841
390756
749528
859720
798060
428744
896322
920799
707866
337349
152241
642046
580417
58275
74127
399299
715460
80002
292981
249613
665421
45337
954890
281941
47450
137610
862245
179154
762163
823469
241133
268466
313190
471392
248975
943905
260010
591841
925566
567143
514291
284205
288555
983724
818883
126656
617368
746556
314335
172906
389176
302461
441063
521132
178764
443331
198552
750038
568961
383397
691758
62795
455589
299709
279478
291062
761338
509680
648658
479084
817843
988823
572007
634368
460702
460451
298399
861413
513892
30343
117704
51847
723878
822647
299720
18212
535986
201678
749612
801424
375029
94954
755227
205400
390035
989429
730081
633738
505078
937904
812313
750500
347573
671156
603938
601728
690385
376537
373817
299631
229019
678320
530479
677741
247847
142576
793696
887233
405922
447777
659866
652687
121458
995573
244249
397367
454006
969419
988736
820526
131680
750397
132242
683841
638064
345794
377728
500932
830884
113191
296998
773198
377627
55656
296313
988665
657168
482747
296531
6758
1182
782520
469073
191623
521527
378889
383816
312309
756909
374925
579515
739987
928073
188455
834842
187581
57155
922347
808647
804050
313727
371606
74781
851218
414479
854459
709633
813146
795733
25636
769727
545000
601032
765639
834338
392663
18159
10316
510892
869890
564741
617493
247412
11748
944469
917905
932695
241611
647471
387939
4115
868067
476198
425244
731092
822421
726554
768425
854359
381261
326249
208028
509233
8621
129466
144666
349077
803811
889445
661284
9770
93344
676993
751930
401758
699897
501883
345292
588354
819824
824461
538378
213561
340164
844750
556424
898588
443150
308940
198593
872592
164269
693226
534509
663713
510932
558972
139733
885962
448523
742241
560199
314230
797312
971239
386019
676389
255781
326423
713103
498644
805694
656926
81552
597580
363323
403011
54315
998346
908345
280448
862103
40878
741074
66475
726206
213160
676131
250293
818261
584865
508622
520037
878774
859839
372441
749602
663974
363557
789660
185642
734185
157113
572624
204892
556508
298377
979108
287875
317018
574967
762343
494496
867954
513493
671458
421397
448569
602624
846804
638064
563376
585218
38884
909902
401878
793505
918183
565534
480424
21410
656873
874063
30400
357124
683474
990663
504680
862055
897449
646743
936712
282561
163247
439371
584107
788095
157272
178057
886589
436771
141891
30596
860979
948447
355012
871057
44483
299222
196468
446124
822219
931403
489793
54742
394008
939635
864316
317668
4201
570449
68896
945663
574227
87249
728544
946970
83474
93572
856222
223250
465256
373398
212400
463605
644880
778328
343802
105708
970028
845873
961582
758862
853437
321610
666539
398054
608991
504486
142556
527649
57661
662018
843092
466160
637617
65392
877833
838042
188146
44004
770829
661884
545685
197771
269097
23763
456406
762309
815732
201090
545294
3134
674607
486692
725964
707757
455770
937295
184698
480556
772241
306810
390010
687758
688449
51811
307791
720257
148466
724548
526001
751574
159997
342668
673007
424748
716765
801871
837763
888432
487847
14794
286824
907473
178839
724808
894284
202337
275534
113256
112581
126799
1911
191454
737333
4103
768469
31408
687044
904351
965771
585974
194406
521130
185234
70794
189083
916558
131657
777369
953904
164834
804825
751187
942148
78946
814373
845688
4700
446342
662240
529326
457881
347368
667205
975491
520757
267016
350844
506934
784740
849717
204630
957969
42381
658928
602396
210561
551731
511246
286095
316805
39366
54485
142052
430187
110439
97007
736758
673781
475689
340865
402707
702559
408943
53252
888389
660641
7700
39368
588709
796626
117380
947481
681441
203402
539350
426230
682016
551675
993779
933568
215928
641892
500653
787847
194589
418819
770866
308402
345662
110307
157282
970496
789167
361258
240823
206572
915015
830271
511203
790561
447509
77386
951590
92995
100396
944228
4245
344250
578748
824143
53008
931
466665
823835
815515
932413
202164
465486
698524
904314
300758
384219
32375
690673
764358
815570
900369
747440
817639
461324
768414
39141
464506
543149
747819
108036
479158
463335
470636
670780
784473
494498
795324
973689
157727
940574
99501
305798
830270
167788
948218
690886
136182
232579
708883
99905
434760
773324
330137
3313
995064
402961
475592
713105
592132
101102
302557
582503
259850
582200
898462
65555
816550
22997
924976
874360
941745
777382
821706
600294
81620
675099
736486
310285
218241
83996
937501
359410
474914
552946
957240
98619
668647
676175
685158
499945
875584
297483
426062
516
801582
797390
503617
476334
846710
452568
958426
798880
210446
927495
214260
579235
719857
318785
167645
854404
413781
531547
142347
185359
859220
515121
541351
219924
591549
599154
13636
522101
211967
257725
96293
183628
737648
959333
759127
541002
221729
534493
85946
373709
744901
505092
440822
462384
802079
395383
167146
161010
47069
28339
967801
108111
106271
436417
113890
92120
974722
647444
192656
791468
375597
265353
699840
506542
161716
220554
981926
330119
803463
380231
386583
916889
580586
401874
336207
979608
574114
426764
825040
452158
304597
219121
932239
978910
964747
884419
37974
432043
449758
820430
602993
197110
541511
642582
481043
43302
775867
665131
258610
821618
589798
847896
139106
442032
900366
913394
876122
261589
21457
425770
282916
244040
672782
194627
652804
212482
711412
570842
417529
69575
886856
150269
173847
783186
787662
938923
231365
833811
517339
800917
702475
480717
568369
462954
928001
74428
150386
195649
523930
466455
631962
971264
318873
866040
533107
771943
599732
555286
478445
409893
22300
980917
298035
11761
858011
942889
803530
394243
702480
885154
723389
446370
394322
590925
994592
451339
129637
323251
849098
982605
568907
156392
665241
203557
136983
706322
730007
28248
51492
930089
340108
527594
132192
499157
591062
250441
92083
778388
80250
627824
252868
940038
172552
111467
358403
77785
518628
995638
313267
415998
84329
778948
636824
767036
483513
976540
161892
632986
79626
241608
246928
619970
419157
804450
845679
31140
427994
917644
761389
210968
359859
356566
391814
872432
632198
148395
794434
865680
754246
11029
190830
87896
333217
749051
281524
278174
992170
11333
16707
546346
450339
291420
300762
59021
380095
145475
901577
60875
6470
427804
950256
673969
468711
725729
651696
546859
576707
378853
418327
223626
76439
150767
320172
769238
611645
270993
731898
777194
637562
541585
872931
457910
85103
677358
279046
666382
404624
610359
839405
523238
75647
834521
743758
588701
379878
677835
642719
675783
169648
223393
517911
898299
813156
756298
722468
133033
18809
785999
751712
656645
792284
615489
164578
309495
419820
653780
188191
337422
762254
470308
268683
906171
102451
983549
379705
587835
326683
610630
738442
148731
136865
619908
559878
745061
356629
384158
444763
726995
30262
413542
259390
626648
812531
72084
879595
449993
980397
960614
858791
263815
412937
233409
911631
780597
456140
204574
278782
14438
378143
98098
740111
638255
312633
761645
762706
416206
758053
517044
291323
566902
436757
907130
240780
206998
943611
399423
857781
445478
791563
410317
965438
561276
993397
961850
348566
875337
8346
102482
601414
242285
923158
615076
287716
993036
273025
58543
454958
176720
556378
568321
980325
241907
935883
430741
348684
857473
798431
373612
943407
133277
587562
851356
203741
748218
826357
155669
59859
206412
1350
833115
536374
892953
776511
685638
407837
949367
762951
199667
626336
270580
597138
573906
771818
340378
697227
588657
239874
597803
864453
725612
67838
163995
177062
648696
293106
498437
84286
154574
662725
613212
240581
280969
320207
157913
196947
536481
786043
920555
387390
997238
133315
554071
248629
325805
167680
437331
163061
265078
191857
278123
987920
325236
600064
460638
583116
840428
292324
739922
118446
756942
899264
28458
17698
671645
319062
868997
84138
56052
196806
564399
131822
327582
368940
630575
711426
575337
935415
465058
774532
787702
71091
29656
21640
791996
183993
33718
146399
933437
96023
877489
844183
321644
978383
953688
354550
882876
724477
361282
909160
381836
344543
414712
38683
549882
860966
796099
156166
461483
808509
286751
983729
967043
748496
838027
469827
27853
128530
661971
485050
608336
415294
958986
464836
6883
559449
369931
917089
465096
653147
724146
63432
894909
101790
443901
800713
471104
887475
174862
340376
890982
838675
455032
152806
851496
373845
590641
15549
257037
582562
589988
555048
431921
312441
748136
989230
639082
179260
543145
908925
745398
405800
859345
45102
145708
231767
176917
258747
618741
399204
979855
516122
810272
626454
449494
139596
87760
362458
114905
700946
258782
861716
81097
284709
6547
762783
383913
881947
454754
853391
806001
936201
343869
487440
581698
70334
835732
729689
676954
422369
525953
823470
944659
582446
746090
211011
995376
411789
494608
652996
14315
19782
32007
972441
593301
274391
38036
653037
461526
909676
729967
848232
136757
431286
58134
706588
292715
912751
826587
979293
457358
74894
468065
103276
156884
990352
174061
911669
81725
899077
437739
8308
106018
251783
357610
370912
191277
642988
943598
340515
868805
616105
552845
125551
876742
447863
924296
41088
427859
322598
708454
243824
110587
634763
758803
276492
310220
841894
2408
35102
242360
671658
180464
387898
905276
307275
865951
429603
641678
9673
395951
167621
68650
736392
772219
182139
31611
934756
765091
135428
936682
178986
268464
560070
624051
803012
995186
255099
372323
740902
760181
887726
301389
823409
714591
275219
458022
236914
532154
618255
790514
433592
217522
383581
10797
305578
996105
536822
876825
678403
850043
86839
450405
100719
288175
256052
597696
842808
245102
308803
145467
562284
454649
252638
49708
709123
356361
708361
838141
580968
982484
700091
273573
392683
539706
858891
632309
554085
845436
375848
69355
570914
387597
88087
477373
868411
30559
917314
828521
418321
832911
932526
984409
212418
915669
867710
25946
248789
556795
280543
806165
115821
351256
82357
377469
749268
229943
266972
501082
565169
851835
223738
320048
91466
715120
680366
6808
750392
160394
175568
224297
513517
860455
15830
538508
816222
970654
141901
812265
757854
673715
951609
41721
356954
196701
415572
776562
398596
345974
335526
785178
228365
526815
39913
27357
923961
97089
783549
773234
945308
228067
839123
337556
231857
761124
267555
235030
857504
45454
303911
405755
150999
265026
956482
2027
129102
331046
221932
325410
213319
193220
556982
46865
902926
688657
218011
292243
619270
345821
450485
75009
77896
605560
601264
331927
6284
547787
345354
149695
471810
242704
357092
827895
943195
532030
502019
501667
346381
537504
395535
396603
657521
670759
130337
29901
184262
915504
897972
707632
973023
726487
754698
269300
653418
435895
492606
954448
603102
702519
521755
322770
178555
164547
180350
970429
585656
357498
774158
322308
668582
982865
807565
703249
534974
698453
483470
233706
479539
862952
170873
632773
371918
37144
123166
937368
235703
732940
402883
703583
25160
485057
489814
425481
148201
336060
581858
427015
776536
572812
754222
726161
663747
244092
595227
623714
673905
994445
962984
746760
35938
174212
578547
727268
63967
51288
705552
979008
661993
734046
937044
476043
559380
826296
908419
655687
199225
619195
617711
787924
949141
588572
156538
990656
48142
833227
821626
545333
30059
772515
864326
934024
370814
744002
973203
991300
572750
473072
810418
845338
898635
677671
281069
785139
63989
248982
97546
169551
494593
124817
892636
30568
876659
912865
464302
931227
922235
699172
866407
389540
174761
725409
493562
944421
787038
514521
258705
38499
549055
161288
678466
198557
32779
98841
95892
373172
721972
172366
683164
478466
818012
502833
442955
532710
897970
701576
44987
550222
50969
944842
726953
659223
448188
671371
364322
173648
810893
408484
699674
502364
411581
474470
472030
118335
16945
790840
768051
395194
620297
131401
208344
479161
366196
959456
181616
815155
249863
220367
175699
65479
60378
605853
723288
383933
241584
936360
341360
281245
847309
244070
493764
697233
265758
743810
585010
829162
745373
449841
518645
473322
998301
664199
418906
500391
398178
99206
517838
293404
969195
763761
999312
623411
392130
88400
190182
622166
788844
413349
473870
747781
91450
127319
149291
243038
968370
289488
545502
287277
838466
269408
910516
81053
338780
967349
151974
556088
305323
945461
149777
322356
91786
462206
911356
50647
105623
825491
52707
454219
544502
960607
101817
518509
210994
662538
102579
852476
780069
463692
706590
608150
55578
636036
637022
758966
118364
792898
875296
673250
303980
237594
893264
400132
787117
593693
694986
420761
972725
962451
599536
440195
189329
503447
124761
521159
239088
306919
560666
603063
649678
816293
646097
515791
36782
242096
70794
535211
484749
738400
980721
946534
480766
483899
848210
515343
254750
748979
838496
514620
642406
151244
943890
653582
171765
184842
36279
232257
366491
860015
469561
925227
595981
928381
382110
254331
154969
153322
680323
569605
280972
41286
909473
287825
789715
405703
69834
469219
484868
694689
219239
58073
94807
980047
689811
936253
477288
748906
196154
575788
111281
55060
958012
381036
873395
950504
842972
233915
72654
262404
222353
469351
234390
782845
914233
676219
932205
821034
66624
97795
631919
254169
205334
223854
637171
194589
347109
618229
404629
193357
678861
240801
459762
640047
629872
497974
205809
632138
13572
10388
226309
472191
650408
401
238326
405606
655135
871267
852560
613583
681278
374981
798057
961479
309848
557962
291211
260688
408494
996934
881634
162740
355236
565983
357884
716706
397521
545704
455600
294224
491200
569810
761487
945006
888646
48976
376796
111825
94045
974200
824960
626958
136605
166883
394243
345107
9781
765124
388581
871249
757916
176711
352988
970233
598706
198410
495964
506700
790253
850331
972831
925722
775324
623859
766457
48391
981655
615293
578213
290706
842948
437939
350176
136344
206897
879956
961494
173192
19746
200777
521885
222536
902281
54472
271302
987584
154701
455859
172759
76620
163514
179834
259625
170144
24355
950970
858577
948329
368661
420709
109182
193504
754733
544098
833451
264252
113946
767287
58779
579916
368450
704484
585851
523713
823999
829155
427478
503226
608577
858672
647625
818460
612062
120472
192347
424771
403512
236605
964488
534819
660457
798854
144853
372654
191572
178735
606280
922479
136284
968002
917484
844411
557725
215549
893321
546156
942758
784467
582279
763930
378458
627918
709036
788312
26853
892114
470783
976439
431098
177752
565434
213080
263514
641821
772592
356342
140373
426179
200375
752101
732931
358713
540416
22691
805121
863290
464772
949933
893303
709345
293090
582584
816011
939474
371028
994723
89997
236921
87302
71981
829750
301016
427729
222711
14596
88846
330023
835959
544997
91786
925620
378844
200486
249296
354032
930734
264077
722466
16407
812442
928006
842169
207587
301399
235228
34316
405717
859410
989468
997768
326573
614568
371517
377520
615085
491782
849556
828513
543911
400295
579192
226277
382087
383472
773509
150965
174843
736622
770991
415358
336061
347558
338466
548904
12579
130267
920570
353891
957038
113049
284951
945520
855473
499745
369886
22042
654230
438776
968865
324776
476471
335963
808063
826576
74236
266927
237129
255524
912012
464590
345640
546895
455647
336054
49523
980937
50228
237592
31379
550313
807184
211760
299700
834088
737551
139236
781970
936128
134456
197252
610455
678789
243845
252292
274685
80706
818029
811401
617336
329901
454378
326739
823379
935939
529056
773393
191073
116316
841930
358357
415158
788170
636234
967323
872391
551135
450799
703042
528143
16698
427509
588225
184178
640720
73041
664541
995558
529426
651469
684826
240528
346831
667501
811067
772305
644568
921399
538775
126227
506923
161381
690914
643670
797858
669864
368029
843979
221693
175722
903182
597948
4392
996345
189480
960568
816084
323452
404579
361135
217112
978489
623105
768692
890978
574009
242537
406805
392471
633631
735349
165176
696998
301551
790609
52746
750450
815359
570916
495824
218944
903673
962629
616435
759464
74507
859318
782235
251409
966211
514008
801101
315291
900121
410154
178240
905461
668559
723308
824162
898188
687951
295352
999852
299576
964409
946411
963760
551699
675985
528672
695330
825888
785015
320025
847260
561670
728336
116323
186908
608445
489394
191090
291063
951466
102099
109960
979776
218445
180210
685547
128041
244034
414228
913286
722054
715554
434689
435905
390614
726897
921337
644073
582246
450232
410750
731948
521111
906996
443655
887526
277425
395136
70128
699930
264908
3150
172311
738159
542391
476105
724254
816736
436588
48911
451322
833031
478534
396498
370876
717959
505640
778064
364259
605490
298701
311581
88203
124472
463103
827960
307748
504493
152226
931249
495143
367348
974625
834446
495047
297603
879835
273483
123239
519220
52179
505833
296670
760891
220189
592967
942536
182102
801406
307546
682682
838554
46205
793576
103225
129003
154124
694812
291583
382236
718498
277887
975872
855069
311642
756813
622848
21709
3624
689142
506247
38036
606075
998026
799424
862402
872192
557421
950202
287858
942096
903984
830216
852503
822215
593788
159252
924736
581507
829187
683364
694501
369886
616017
801783
575635
451096
541260
48797
636975
775746
450381
209534
273297
227762
78772
995595
48047
902091
347875
386212
792720
208617
454482
269870
118846
569858
818807
108020
961906
450149
853017
126443
526065
224359
200068
579556
90965
510979
140643
992080
438569
536638
329900
69763
754383
579071
405366
868488
744067
928635
300485
953031
161756
497977
813781
91739
624142
365435
46481
751580
700034
875304
44422
144247
285911
314617
456128
229738
588152
224794
57713
167549
445736
833822
119201
734330
332601
302316
865178
825180
212246
125387
887487
589228
933593
5804
494942
86134
480125
492110
873753
84909
684407
433441
40498
426956
960708
376640
556778
532341
161409
678521
897232
885018
753171
544316
495992
303688
489739
842691
223116
289105
586167
742022
409116
124605
852001
340875
131143
128596
815159
124787
358800
1068
806328
985743
321047
369524
494374
82918
750538
446925
640300
283910
676400
410913
88106
845508
798745
512343
990699
114381
516358
278382
67812
652883
640919
214022
620982
933910
148755
148100
881841
775172
579876
968953
168444
287403
883075
708527
543043
901968
78205
507959
977272
291966
718627
760621
744778
469967
881694
42529
781036
302766
327052
710202
143696
397378
874067
126117
425146
901722
904392
473991
625189
257861
966209
159558
383881
268645
753022
532407
645460
284101
171293
593501
714562
459574
953180
249127
235082
404524
484826
446013
976660
810939
861830
650664
947744
193740
478813
461532
590294
240591
167539
478758
481134
333899
496933
490531
243325
581879
906870
747315
375323
666647
728092
218279
426691
483784
598177
842234
622949
875889
187016
33538
958986
187653
932166
250234
361637
666467
859739
899917
482505
216836
43206
679969
646489
140033
71142
735105
408381
11112
190334
944546
767274
683776
845352
337463
615246
907772
132603
722012
15611
943435
721231
977931
319234
387378
63566
363748
963306
981204
725342
171378
968602
219624
461487
910067
161310
589048
445959
237064
286310
287413
917169
691261
232545
508862
256620
551114
476197
452219
550728
759571
645300
873892
693585
521656
425132
345061
413483
486833
947518
507202
352940
809902
239953
517578
474126
324461
420336
522146
675272
93474
150361
341434
686808
333432
384842
537417
823246
851698
324449
726303
30248
644243
635062
311815
445529
445758
437512
469869
612700
376974
568658
154308
509688
582871
50833
134987
208952
13225
977486
791505
387794
261826
697594
823886
788875
867188
811019
149531
400139
846793
653100
813301
748011
468203
671833
970318
24808
717301
824696
377119
354182
530878
195164
428493
60972
853836
349455
348966
797177
731634
13903
541107
567995
119248
15300
877690
287500
980564
88673
705677
551824
835312
4849
148799
84406
491569
870147
563521
254934
680079
137434
745467
980399
904798
318203
894190
944835
535872
529797
203941
537533
708104
192909
209011
882508
961228
533852
74943
929406
33360
80520
316551
90155
773353
215970
466824
994355
812790
129737
851328
314929
564369
767819
278320
446988
245582
24250
450199
499665
888005
203280
732489
664997
611482
866692
244834
280387
348377
802500
234091
77749
439819
873604
557193
239226
388692
631031
440142
667485
816034
603804
416629
993416
648423
737865
885221
356017
230863
264342
212312
639961
333049
463479
64082
664588
663642
314610
215928
287778
849153
211767
621570
476878
849402
464408
972001
439556
350973
970213
809140
879763
674274
404035
43496
572349
680126
815435
919860
931336
348147
956353
993
859484
879837
914050
192060
417133
44315
15043
971616
904748
405321
48092
32239
422693
483712
161635
116823
891800
842504
31689
59665
768595
858818
512415
253724
870773
663285
822071
722136
327474
325464
972748
902866
330309
498654
217987
416897
488490
139642
174059
755230
682685
323562
717469
38841
460489
609886
206496
881697
548290
821477
650926
74275
226302
513076
591672
615195
876731
380714
167275
977714
249534
482266
904932
197117
896291
410090
508784
375387
604282
291063
436488
660622
180430
308702
215393
745549
163841
368608
403425
933176
986669
595682
919742
889969
680617
696072
440287
948131
888093
280362
409972
718086
667605
599890
41346
348954
513402
371480
699759
490401
591592
120501
343942
872058
592469
390010
115646
895861
199816
152582
72406
560272
900798
109393
977373
506216
984455
506694
243373
4317
496352
162997
522716
987277
524320
220036
373470
440423
398170
738859
555038
236828
84484
838290
250473
368875
533166
886263
355391
470282
153842
321844
323712
100507
112999
865174
859961
989300
407989
565345
512296
64778
809177
567923
199719
867081
650281
416267
378241
66451
4071
104300
115298
736733
587068
885476
695198
896432
306305
728413
433088
813190
876066
155466
905901
997896
432905
716611
871658
907842
534017
930664
569218
80169
214162
661253
97470
115677
426614
404110
812918
545476
259561
233424
315554
358655
622067
164444
739713
46731
537503
3613
282385
594231
942504
600491
569293
542764
827894
722973
804112
742110
598460
480232
413477
393154
389216
400449
530944
646001
414865
127212
949744
905504
252835
574752
19692
749228
546651
658726
670960
727959
89455
742736
207991
999061
930145
216734
960899
184686
618534
363563
860879
700428
161653
514130
56223
580585
626190
221433
568421
877667
192536
792727
590686
909434
803738
729607
948103
294683
151408
494078
413586
104739
659992
90523
386656
541595
40823
552899
265595
416502
868049
435704
956620
389481
333678
630763
617739
795508
307948
395420
872403
556495
53061
49021
175265
561875
730356
288567
444708
224217
252767
262506
88096
243854
919934
279724
921058
701598
518678
389517
836535
811058
138294
448411
338094
224395
527480
246541
273739
90961
919579
365359
469902
788898
101322
496815
710250
254953
924947
419246
249066
408135
902843
408360
573798
533527
86909
510593
641872
708960
601540
91556
450664
331325
397365
470394
60570
30117
112546
932158
779564
195523
188467
50077
794294
274973
254268
533056
340595
165299
552976
688106
104444
818280
1485
818420
623586
831196
389957
963962
117786
316158
47813
458853
688645
6297
977665
980794
221931
791186
375943
209989
1131
985557
192378
893130
578357
655613
969215
198449
203366
194788
601424
786447
170621
420927
20186
373983
719590
67888
110541
829389
939741
4608
505695
520965
782042
951925
924049
978079
225930
384856
404066
594910
797572
826234
363142
800305
136930
198436
294443
38766
299349
676018
54126
96525
81630
393518
975950
87081
704348
653359
157708
848963
335432
272342
668849
512558
551160
650643
318981
757270
183576
654125
784078
644077
444782
167855
815923
778754
508570
20308
465405
351170
215358
188352
129523
351848
890857
444942
478984
304397
498782
937682
524760
348998
386742
429047
669261
547196
164897
183145
112907
263121
912170
64095
832582
453162
243878
516502
36761
125049
436692
236952
698562
422587
824700
107396
194671
185747
259595
406773
854101
247972
864442
196347
557776
600551
365312
697298
126652
808868
519098
337683
482233
861406
755152
996864
401613
506004
732557
706639
225652
278615
908965
91077
194275
8620
900547
812821
438678
143240
790735
271807
445248
456150
201724
29502
471413
813080
467298
75540
156995
898223
200759
372670
238227
443174
841792
676509
700511
405480
154444
979302
689082
848734
189700
338393
878445
3710
706848
176710
129981
167088
567771
434456
480473
653894
886229
425763
453643
426186
2347
43666
151830
556278
183807
349445
224659
934249
73481
542807
223919
543015
419791
627970
525338
264002
93140
706845
470450
142608
770857
361527
508922
887421
943355
119517
439944
790502
841521
920571
472833
603418
438841
115692
181169
305907
311661
712950
794540
334916
915732
221605
840928
65312
539452
69707
374285
553759
68258
91608
319592
404389
195273
596830
537775
381216
334756
824061
677845
356076
934803
467939
298612
266783
456308
924395
665373
226413
509998
649310
606642
111045
139781
192586
701934
443269
389357
496574
637436
417512
62076
27073
18867
303423
35961
66855
392323
474803
760133
986088
36028
709560
208086
815853
385317
928574
645282
770657
442268
991487
326735
962086
585200
572540
25005
150224
559514
841103
10724
295395
530332
904077
32770
886447
89549
161815
513001
324367
62650
313180
998198
979633
690018
744667
477866
904239
518346
223507
270119
257029
309952
983958
651267
489111
475279
893526
464125
348535
897810
647016
927402
304195
983387
860173
622674
256380
858660
685317
187329
633163
360765
249269
559704
47143
236856
419637
187407
798610
984186
223201
583519
65918
101198
267788
55614
990078
819920
749455
879880
345213
117858
602244
977876
390393
818843
883504
279964
737865
659800
292624
99080
67999
561491
768161
217332
325170
10102
332752
985229
638329
223935
189002
779962
375604
311313
941586
889447
114663
696865
890187
427586
224781
760386
620927
691194
599008
374814
672896
223299
642070
411059
508579
19507
56763
626559
289754
411006
391173
953878
334744
688545
835178
261812
873569
574783
182490
131046
861029
595994
853453
421866
87591
193693
726468
845319
58278
153717
251270
457337
145666
820322
19687
455356
120028
448473
345945
477972
38119
154960
438035
280723
963753
995591
705928
178907
966482
2999
385695
292434
347503
789612
182698
872964
727642
261073
476641
325649
884887
495206
950110
219405
967417
213569
885463
996903
457999
599019
215815
604561
918839
662741
827255
773202
82147
783115
484088
516113
499876
37738
164063
468090
784538
267917
620613
581101
520775
633901
662119
450368
816852
15271
64065
847940
292233
209315
994330
227310
274476
305894
316444
619196
968433
378128
247537
635387
80681
962480
10174
239682
28668
929731
714258
559284
111209
29210
222106
75672
28983
77063
451478
896055
362961
712611
584164
383021
830781
357551
837765
151166
70492
667131
542811
877425
674656
858766
474387
550676
966357
42081
647658
435835
581165
580470
849318
266622
209956
491699
367788
569046
247461
238107
951126
621970
929858
660229
203148
558760
277630
443220
514308
99531
784230
735168
702930
690305
770063
445007
690012
570742
581316
965574
821715
381506
997533
419128
282357
310030
384782
413109
875758
746296
716348
731782
145643
584234
439682
87709
523186
959053
964174
72217
60319
303625
196010
323240
650950
583615
515934
350467
846532
307392
890287
101714
413569
539235
766151
750775
38928
43394
9604
846936
481056
796717
149275
341819
35613
523605
512070
927658
811211
450964
507879
386702
294478
546067
144018
471613
314002
617095
683702
255768
671992
724641
979792
87959
477984
504111
351472
90242
960880
405590
431910
954471
347924
926836
111667
265948
761120
744152
213120
797700
996182
559815
48558
544066
130049
308900
695802
279772
701923
727438
24638
628076
326063
101511
239107
628354
98363
970530
876759
317684
391198
630375
846890
974705
836855
424191
825351
115284
398233
354293
413662
316606
330490
345135
669199
185065
215269
915625
879054
156385
240655
974314
999285
599645
159853
162210
347294
441051
710672
74704
790889
524385
995881
580457
925496
129886
171077
960898
481015
772836
955544
622306
896403
422248
534554
103449
497252
777145
725825
48604
251523
261918
951953
258652
143382
698715
559933
75604
937702
281184
365394
14517
895297
751241
793270
930365
757572
734
350906
307511
829944
993379
951834
801904
226768
237677
835796
154615
499472
627414
973055
687315
504745
229899
462773
744382
352091
573362
641428
826504
202409
630629
559398
3563
186361
59578
323846
977183
793828
400767
838798
150626
153377
645226
69189
96064
477568
821938
807445
348648
776156
742498
49376
986000
937121
70329
275864
515253
213780
840451
465597
114761
957179
72795
939564
823680
133371
437363
772244
855432
527876
612522
822174
477469
436156
852557
577887
975317
962472
809693
286055
384196
627507
205148
416443
766029
293852
185869
631524
294660
834206
688640
808086
785814
59182
554365
716314
907987
623123
719408
784858
781922
47478
189952
188217
189905
744392
600575
747954
952886
132996
118157
714771
2306
365299
216413
284816
197944
4497
318660
619471
54801
485927
618030
909166
288914
965375
416513
618463
456491
427186
883172
22400
733713
460955
137334
53386
685911
602636
525022
649190
289808
747863
343185
417396
870642
711397
790966
113458
262117
497716
464901
773397
97605
828413
319636
752080
436900
352290
26115
932675
799880
451567
473666
475439
479788
939943
175845
286522
291852
185306
877828
568760
593911
999823
377118
426073
627717
740902
548621
854493
256515
366831
62800
531402
8656
217507
834719
963152
611228
305849
470416
131388
256727
2216
712823
532708
23731
256388
159501
258939
540989
616814
294064
304810
751642
988276
13060
691668
20803
325356
150020
724050
275867
861823
108992
412368
817898
298279
914187
683756
960082
894533
783524
381771
277266
743517
778452
671928
961528
144094
160321
23917
75625
426090
174605
960
385847
131477
19136
800933
329530
144982
785508
887434
214031
263914
932395
525073
33440
995845
488273
484351
168639
57952
880035
384490
866027
744446
88930
67166
937192
137762
800951
546127
369829
943399
665063
595556
625526
536339
361903
903708
82108
487661
95289
35591
202052
808019
4607
58830
374453
83393
367820
382937
76196
37141
998761
287323
181351
675428
35657
510384
306515
443010
381489
367192
289569
281240
164460
352968
425865
364288
187962
22887
725295
982883
932499
932642
907875
378553
919702
540218
850820
191413
513121
323171
809671
963454
557860
873433
80883
595414
671715
28671
795655
637362
350465
905382
464774
956601
671718
942776
198237
976069
599755
970255
148532
422223
365717
361490
61495
410909
861469
270705
647211
964528
973846
28850
782992
660346
578925
810070
732359
873332
499221
688323
509670
243002
317901
351038
440286
515661
711216
712894
416664
550628
645331
980190
814791
804938
127689
369573
44788
703628
939515
519031
144257
909518
263158
40570
369368
766739
413818
802876
11496
96373
285108
549132
370106
969576
315490
718225
519066
417280
159720
599887
187829
442800
198234
829321
793664
758010
879528
768834
262206
73652
641746
994153
616273
99825
349985
541367
590329
973139
899818
143936
953528
820327
902576
557438
160887
698849
878712
179233
385890
850332
916110
69329
429795
220962
504156
393738
906116
738060
665858
895083
659046
305052
201139
395595
461883
430242
222404
309884
79738
369947
192803
929420
764527
384525
369175
154502
46096
125606
55188
891594
19470
956085
785109
977651
649232
927842
992542
902047
49815
828010
332032
935046
515026
668911
827658
740091
305421
989466
199247
524552
461490
505453
526367
159276
461038
123655
133827
870250
964200
965130
652017
729226
965286
722405
610156
244307
627584
813720
80395
17534
590574
413524
941802
49461
274910
255764
632953
746427
43817
400060
795294
144563
768123
162899
970863
714391
287046
82672
43612
90791
335760
679685
374642
495768
988476
489589
752562
562774
475869
927756
559261
110202
59020
886924
907051
73768
48237
964888
415567
657572
32831
539647
591848
242338
197766
998747
69908
643291
882861
42714
652367
540737
84448
299182
297324
331833
513404
244767
936759
655658
220934
652780
708145
263960
886685
251119
182530
175166
213827
800044
139486
144650
596837
1836
974475
544402
294323
570079
955386
832300
83125
643423
570771
551334
535085
817147
363502
259868
535928
375063
316100
348140
895133
318437
617783
783536
688831
516206
771767
694998
55838
931310
215677
747256
969851
799201
819751
934358
255526
325374
520124
729096
346606
643930
618013
518051
506629
198403
719152
163381
343475
186300
674191
402230
935472
206741
754679
326727
703011
16787
426848
5698
762789
278953
862795
361715
187089
237137
194277
662485
389440
100711
386322
698465
862777
394124
243153
418640
874179
986734
31551
251776
93087
629136
740562
264365
131955
156908
438727
68732
141500
337134
780250
809644
399989
839097
532507
278712
731821
416195
775186
430698
661160
872567
550496
642803
274970
736157
574357
502900
881135
454999
32355
528681
573532
886385
947532
395061
796789
328482
326364
45475
416883
512425
134217
480813
549287
204982
80060
220651
468148
845840
23236
653930
607332
720243
41562
878816
97344
293906
344978
243419
537921
800592
753959
7031
587091
462049
396418
713087
257516
992961
300426
784331
835958
876549
870472
329731
358030
21670
628315
126448
889671
153989
878449
663791
114663
91595
733690
974089
652712
827596
692176
268311
978327
176363
45831
494884
262999
514513
526026
996479
393034
348358
661425
879560
227724
43675
889149
948791
790119
449418
514643
209810
484205
177277
430821
449384
920481
594629
729999
107816
665727
878474
343610
766631
579927
660848
657308
140123
410895
858993
798679
400263
923350
251509
120737
403491
87959
565939
186859
919779
365605
500718
776558
556306
201388
934037
913969
618116
154802
119572
884614
555017
266439
965747
139257
366591
138031
113823
491889
650086
287218
365828
323638
208220
269632
655187
284077
89989
445930
355282
312405
734578
767382
445111
742035
615459
585591
633919
30891
220404
399476
276556
406940
320726
333884
379533
98635
957651
611813
623060
737191
387951
851000
958641
727678
275838
668947
556729
861652
72621
357828
836144
754
963885
877848
326620
825913
546238
57781
461632
103747
664177
657487
349718
388404
57505
793961
228040
970448
683443
500745
801489
491011
567971
339839
661784
341002
776989
248223
633276
782807
725174
207963
521238
372126
145487
934538
915460
894121
643518
564087
642045
707849
943565
33025
422467
64954
610228
182755
952583
7568
727797
105295
644891
109965
24457
374920
303394
600123
652806
666625
249382
224050
832412
893053
814349
748323
695880
322539
154570
260295
458078
251085
815874
805757
323363
659484
787254
970872
72334
555003
54990
545042
173443
868379
753081
411687
804688
760948
905328
979317
411947
862312
633458
202784
802747
336857
441510
194025
935203
861739
761198
16161
422650
192329
994489
123123
437460
269948
895208
682491
16096
18325
598153
804617
413291
102932
593859
48582
909479
485201
774653
470413
502435
611758
850540
930795
627611
800296
393578
915406
538607
667708
743983
822814
108278
716848
140182
384417
871750
518091
370872
253062
500899
83685
853536
584847
876128
666347
363604
772555
224571
196780
8409
276603
368189
210540
310209
690452
177484
869601
67950
695699
391703
286149
259282
294111
401386
897463
661881
237838
866114
345934
673974
874158
18820
328272
62044
835448
378276
69306
840363
684485
600557
23936
692106
615373
661863
799429
128657
104761
837819
150742
346339
162162
85040
515812
449817
738296
878626
119138
338214
361504
30334
460433
834607
554555
915319
401265
256073
860147
350607
327177
961340
523305
874246
862157
885387
983477
981435
77053
986236
430728
307378
568737
131598
773280
829746
682829
65404
464143
634434
651614
228778
120375
52411
496495
5843
531792
646804
68726
656580
718011
287106
344931
499109
430515
382618
995406
714658
524112
58293
301269
572363
204108
894811
311444
412684
240081
150423
562206
581868
379565
155757
516303
950616
991635
761616
764315
825861
460388
154169
923348
537286
86862
434830
718562
930313
655709
245457
245354
797112
350470
696018
345292
499455
31603
392298
731439
827466
231086
176104
514979
864029
920905
482082
112379
914559
906721
816545
113141
364393
737971
983409
72382
722261
399015
702522
94010
57565
349850
432010
913218
718787
368996
453291
620895
388150
255661
252203
60637
313912
929117
594671
844406
463321
840497
922707
988409
517200
644847
259450
607330
462565
996646
29753
739415
521625
734707
368130
980469
170857
292782
575521
125126
430495
772525
812919
878100
188076
879127
245543
843625
995011
108061
416624
683541
519404
227958
455616
506594
174829
952854
671787
514171
345897
464294
726896
337908
304025
362670
56740
475282
63726
227334
916441
91872
765092
896180
49935
777961
951124
822349
964218
116143
640439
862156
652127
752614
979370
648969
502736
186117
588363
192652
413058
570549
343014
272700
997087
991488
894956
800256
990370
211985
805099
963243
178391
904050
734029
757845
410447
392579
121420
680859
286800
403745
291655
227890
364236
194202
695170
816518
669376
489840
742322
158991
553961
325234
462254
792883
514370
858274
544536
458151
86009
350751
858030
215151
134513
94493
310551
582802
895879
245669
742637
91896
504152
834044
189397
879892
886487
897363
193978
570099
453772
979908
55930
93982
517713
46044
947171
899821
851559
411708
867835
158249
415526
238967
5147
423163
48598
408599
433967
251014
468191
166458
54159
483218
372377
949209
721891
109715
865156
542541
632122
600762
899703
988696
910087
368106
426807
937997
156486
526379
167407
181332
963440
611110
121220
397493
592447
145117
647441
819944
268376
734264
437736
472675
193370
570522
215920
139147
179791
204614
259260
35337
886140
291007
189191
96855
557752
229454
644299
364851
693780
557300
869361
81781
21789
734039
24251
236834
448275
247729
881569
340780
833028
984247
980535
298131
677370
841096
319464
446110
337899
987777
16278
188209
763899
459869
559711
499719
138225
607930
252741
313648
290465
320457
804929
513450
494277
651054
29636
589235
325138
497646
929893
142501
595931
894394
771992
730221
972624
378779
621949
326586
708612
748241
501027
318846
368536
347316
926455
453726
734924
518554
366159
277281
56663
915046
637667
840153
393706
301611
818901
737690
833157
216982
809000
405321
100943
297350
260018
75527
915481
466920
673705
893928
694823
147137
452320
449479
817302
861592
322614
872940
602488
597147
317806
990181
224803
809277
821077
201405
698071
975260
473942
368183
176454
896673
811306
994438
251445
125
435974
420658
887200
125464
555948
455010
451198
939539
333667
103760
395939
213147
301682
899583
743281
843928
323940
821854
425444
242523
940687
328886
131831
880590
488386
890180
570573
252151
383787
902879
585979
354816
403379
990611
917513
518711
628864
453169
667050
633631
399379
565322
32258
436495
360739
546600
825801
31932
231192
364615
471676
438093
131170
35444
390289
293085
767173
861599
707072
447891
915924
460246
802144
135180
771295
393914
882387
460421
783002
809835
683487
952049
409872
850745
401311
949066
25349
62304
992367
230993
948413
832378
339200
682247
552111
617332
906404
265702
285495
472894
651487
714171
730476
895615
946006
762663
408454
834475
632068
761769
712488
352178
811363
707561
195619
73384
737040
909965
43927
335360
716313
864448
586936
9607
866058
571156
425550
884403
819630
676145
175717
62061
124087
400068
783395
313502
838843
91623
440084
602946
83352
493097
262247
910059
677037
675334
115122
134857
383070
437198
10842
912513
494609
346130
617895
703199
638733
907758
646511
199318
657722
856773
398303
817557
8468
972063
463978
848936
833607
388382
593017
555235
852184
866654
23911
763738
715943
459859
94323
542505
695393
452243
516910
178832
462616
843129
399243
930550
162031
824467
470807
164739
986650
334470
405535
783385
868095
853831
237803
869823
680852
434960
116629
61809
537420
196002
363843
86447
578347
963471
546522
304332
324578
18288
737802
396093
356646
741443
145091
816675
380239
762137
262115
697911
893801
571345
180603
518197
745786
550412
657158
792220
207098
595106
673105
332801
857407
273944
958317
81220
729604
931
38512
153897
919292
496523
537077
736836
136443
298266
213149
621958
590111
781110
368860
421479
338999
194155
168262
785756
15925
771579
137960
856967
806009
80548
600753
525623
492156
844596
974026
84929
399928
950150
992196
113837
750912
906140
329752
187213
347804
61519
106647
33617
887179
110251
471004
667444
934512
627943
949527
458802
8245
292525
435631
968570
796882
942409
615851
906797
764914
710462
238902
835799
979648
876986
678027
830346
27463
412345
820572
242935
473915
573296
919253
761000
480451
535566
18472
971702
154224
354033
399553
625867
125504
766393
84513
991999
369035
131165
789439
369114
813380
381861
269660
110416
840055
707254
204213
850113
727436
318509
443984
917795
482869
729842
45427
733326
321465
250241
336161
423911
526611
540864
231182
683658
495305
419764
966951
639024
451955
321521
678822
260398
429686
616457
627123
745007
19171
749373
652705
297534
860713
877315
524278
426112
118616
478662
92202
127567
833158
265931
787188
801179
458935
182998
354281
382440
910266
698185
473417
928576
261696
20218
529550
691009
679001
79320
482818
403753
920253
348590
8156
740500
971462
660573
793554
149991
222890
429739
466142
306706
716623
496828
120201
94458
770184
746167
742776
453250
406530
328999
687670
491626
119137
252382
726426
45953
619433
773217
499464
818517
109361
937135
325072
488169
557348
225779
89601
203828
117772
524770
183007
266660
842735
829136
434535
2086
89741
749460
313001
711372
776719
121098
851954
847284
712488
306162
946021
435464
458323
669115
419673
70962
990775
710971
944463
332976
185960
884470
430615
167033
156415
518310
416698
846596
69747
215582
793674
367059
613584
81409
58116
420460
736275
157574
290460
312342
454631
736251
313011
786802
575007
645717
598703
605792
948133
518361
885160
346315
14085
209586
449822
460393
693544
618726
301521
159447
64799
559619
158813
184933
269178
687223
72637
515496
584635
310471
188413
275793
709401
105493
908228
212927
553544
352783
853186
368251
809105
848220
566532
381620
145945
579227
544610
396224
615511
907285
159904
345005
15631
547936
694463
396688
24924
557806
895999
938950
175071
103061
257312
562942
109231
735616
131206
910882
425004
877438
417674
201200
377282
101013
453882
456448
482586
484750
172601
500991
387411
275573
956198
938265
605614
480071
853323
480318
914880
496400
363290
180794
54869
518596
227635
751254
846369
528631
657776
569746
479012
642441
998195
81695
82352
934794
726418
720536
147336
219788
595355
548872
162689
557197
821445
267908
916930
419069
911742
544586
24691
138024
81658
104410
180069
507752
867426
391000
586575
306004
688815
753315
140860
431989
664959
926276
536282
774658
686786
481889
869784
126222
682727
221630
477796
733863
724152
507134
759089
643048
156551
415315
678353
948718
779617
82045
189336
180343
771876
255767
912416
919413
880035
438960
504264
65838
416760
483458
407310
851023
666847
480299
907949
502857
190503
291155
393001
532035
481912
745993
166960
516067
714378
769891
756439
434756
988645
245719
694082
10310
724028
591842
790055
866824
151415
838429
970521
576057
603480
844823
427759
817947
157090
514417
612513
687660
560358
623692
815273
506449
881889
509410
620110
706688
7567
235710
52900
998087
110343
660347
594690
620064
87406
306675
905233
377231
832574
972298
272109
780085
71381
894129
106877
651229
810060
304574
549442
662697
419559
4638
479181
280454
348757
201700
796554
18609
199568
562616
287949
950999
65102
984623
155232
780523
518390
7598
234353
626502
847650
946854
320711
653596
581109
802143
843604
975646
138470
818399
500930
996864
754687
690777
150732
644870
318088
576246
841024
639401
268431
150675
342538
782421
441768
148131
45593
962031
661968
213782
496358
665747
657818
831610
289370
4166
776954
937410
731792
542807
599182
735065
264744
686440
903526
53830
339478
111863
433885
838336
672641
421788
567831
107578
572395
818640
29621
957833
339133
468995
485520
781873
193125
822760
713935
48262
502813
560919
606581
437688
954463
88790
55085
872399
961199
138356
763796
410316
639297
585579
941808
813368
813418
424974
135859
714840
915254
245656
387621
689466
398855
647439
864330
454290
535284
695694
260945
84342
243162
406086
630366
668382
578517
86052
755739
941063
708268
131638
412748
262207
20244
474016
357706
678387
357521
862318
560248
691355
695465
636615
434634
264009
806982
816240
255810
922502
115474
16383
19352
635400
366936
721181
744929
229238
263599
974022
567889
642281
92839
665500
637256
940975
95437
505009
484107
618792
724906
860564
310401
17849
296013
563601
987165
857728
536659
635242
364935
20680
748195
346308
764530
485238
799336
315699
867764
561276
930280
335121
690801
52895
224386
20399
914993
391034
198114
351801
628086
23154
720524
292540
89087
770208
948892
278850
658634
975927
314825
114647
681018
710091
86652
462935
389304
987454
971703
592319
101798
995462
371157
978204
821808
115413
2361
220334
874321
605812
147636
179348
142156
830287
481992
267302
549636
829961
729217
127261
123536
939890
75707
51867
847314
97956
670236
138255
245033
363295
606725
552084
965546
827807
50635
763144
363464
481243
473990
736644
261255
574466
584813
552492
182716
311422
992943
642444
636204
926987
114312
900036
932687
54061
13892
733253
983308
299105
729937
49534
715722
483692
476920
325598
175761
824469
781927
936687
169684
201142
355831
995383
228053
243911
119493
731216
370467
961838
362556
230266
637658
636566
978066
87418
138847
491810
546498
445794
674869
527517
870063
932528
390334
400764
421953
866025
341990
720410
591411
800787
94133
261077
656305
270782
808999
338675
306461
307796
561772
361019
550921
925460
562011
856496
283105
704431
350517
665915
645028
51090
841009
321760
368858
979343
40509
341201
728866
202240
102291
593937
711276
733553
69139
828608
573067
962751
224393
437833
468696
326896
5438
116040
575913
946605
403718
838665
855784
644867
467151
829587
731501
469082
314526
181787
572633
832101
462679
186312
578563
990483
889802
974523
404939
891685
946320
572592
268231
940673
621544
755033
972948
367781
57164
689299
164251
190432
607044
902840
685150
628735
566253
953124
409289
781018
666105
840883
485361
174100
924602
351193
228098
454148
179236
728277
998848
960774
312061
721194
721760
945791
397502
765547
527790
134971
217919
714108
703387
898619
558015
932712
991768
857037
403939
702348
850334
657017
359062
868482
468503
1347
986836
342887
863705
462520
229444
177344
134582
284582
95458
676915
760940
402100
819421
293861
473013
725018
439682
327612
109710
85848
23361
683181
285413
39491
738705
121426
261974
207770
668235
99991
42904
20302
920199
632045
596572
646296
215013
398783
608519
284611
457163
157496
71030
388683
591777
21040
299196
149180
876373
473505
560121
87357
996274
918304
470483
734697
301451
420174
470086
978839
600907
134669
603818
349255
838801
733078
604903
171335
913604
378031
645480
7913
256335
664263
61366
366748
609802
919525
100431
921617
742185
737946
972159
636619
734331
552209
761077
798447
621711
228973
199570
77546
22000
413101
359204
840221
739042
527212
722710
955791
764088
319031
139382
22411
174281
715295
911982
664048
529762
765020
248403
688666
959738
173135
537410
745743
726588
954569
905230
924976
111965
558802
525363
573731
381297
525538
880571
749176
204407
695797
585055
411610
471731
487540
990726
705749
967000
523746
445301
670696
287146
963593
49997
735913
236757
440073
466153
661937
634120
276327
996993
30974
131584
212419
574666
215822
99480
537499
895199
592917
263285
427769
959549
217734
873598
667478
654492
489509
705159
306592
664364
307486
777125
955412
70536
807521
367167
439263
812241
804530
272059
795272
558212
613867
838464
910619
884703
983932
557918
617066
212945
639501
908823
534595
805863
202176
407271
703409
811398
470276
337495
231105
675005
139632
11509
48193
905269
660280
648598
598019
508224
124872
186520
149159
515178
55617
919998
792851
887797
418186
343206
469994
271025
53594
133009
824763
418290
51170
479582
411387
428405
69857
744110
337598
609552
545886
123400
404809
661584
917836
859361
976362
159435
550982
929723
10071
34100
227700
733511
517028
698294
313049
151895
596765
236915
227780
114841
84133
826305
768859
176999
755938
711361
129175
327022
380982
931747
704215
83698
542846
810746
487403
991045
270428
212645
893703
221576
442190
217241
89492
274245
44069
844719
714682
814044
833947
957647
928717
521927
363967
111106
589669
603804
600397
381293
291239
785251
451688
21631
159439
342998
861978
283029
412249
49733
463484
662619
385328
285025
798430
475156
248937
535096
531319
991579
308675
726692
871581
45389
508262
219578
369119
642548
889689
673605
764599
738261
553538
529956
211108
687520
293698
619181
230387
284095
691147
114332
945286
955870
220249
162176
934708
53007
268767
995793
914006
995829
935325
156707
733619
936188
31227
902254
346250
565567
183470
946111
340165
951313
615855
176835
978457
618222
204030
181914
382340
357718
959780
128762
792076
905477
172252
21682
453354
857583
469376
590001
499278
173905
677342
99126
261583
281525
821678
906687
451263
260659
898970
94218
219751
721238
767285
743009
459056
246729
634144
611309
229105
587148
251402
500678
921506
74573
669438
973616
295772
560512
168238
975898
552958
780834
142397
229647
256902
509811
391829
923581
767154
170939
389324
534533
839142
689260
8931
180247
306095
163270
933676
353550
402672
259404
374123
999411
78096
14992
971629
870434
358775
865816
94427
200097
266366
526160
871362
243086
303831
448658
569887
642154
654079
798326
681613
838066
369728
36298
377884
329616
535319
371457
620211
838250
236261
781192
111475
191438
535074
667872
883764
329691
833535
982734
419844
555781
307666
865696
100798
962738
840800
923402
307262
816407
860867
701494
341555
216858
725654
801397
386823
749406
821131
945954
698962
660272
800039
638140
325757
588383
670684
544805
672323
457867
838578
714551
331189
13148
347660
64270
754889
595772
509066
966636
592869
950910
708251
672501
848914
391595
636321
571348
1600
219898
177509
36781
581577
95230
80103
604750
942237
746602
246299
929615
147679
650551
302393
432375
466368
49510
650397
653331
374673
948322
68560
973070
468346
380816
245982
403323
952213
758744
945399
37024
617819
185892
335743
57818
619242
435200
957678
952096
631250
664492
669422
740631
592310
286538
615093
323292
41208
533006
366616
749593
664185
207998
681374
72537
352111
604052
508258
397331
569367
103013
40417
862824
906135
330110
112518
750685
111464
630012
809260
151829
348991
164232
206981
613403
669565
335900
742790
205856
143971
283704
848736
102201
356968
783189
30110
306544
358390
656380
227196
433789
281444
833166
669705
876250
48248
728955
207605
283215
506482
477859
192886
558999
514390
319940
268905
352239
805314
816529
757305
555535
95115
977062
321550
221943
274149
523305
107338
418689
203104
428608
879607
890962
245583
662668
825020
855018
23048
91175
166448
694650
310390
625265
968896
53845
397526
294589
790894
705624
980370
497812
397658
149914
928187
678675
502488
968169
846755
345056
482994
351458
600434
914614
819851
544975
305567
387881
998406
356338
317645
732113
510608
885509
125315
847960
130622
49563
486025
878506
953057
293807
489305
259143
293261
477331
619013
981492
707122
935257
560384
38260
864719
731778
562682
872258
757532
304319
251960
468190
121285
781305
138719
628526
941898
72805
756186
32873
4591
120948
741438
347352
221352
663134
476840
730056
625259
127723
785563
261881
285642
813251
845129
519720
437693
966095
618150
267332
594945
43486
806896
250219
613947
330254
832830
640798
40638
13541
326488
639944
828759
425664
946045
257895
969314
128592
932779
327159
735849
276656
828947
575437
228002
271196
114552
230109
414203
729681
749642
778095
680859
483779
679560
270917
715643
393172
967713
282103
887093
122564
710516
33457
29336
58447
163382
262415
973923
616817
182125
680738
542923
956737
797255
416616
794219
676481
104944
399168
876064
948847
667034
737235
838087
154070
113974
142078
568877
726536
859163
871962
902232
214758
65923
445309
378829
964852
58081
170530
119677
381171
67020
110051
386079
548918
168705
548077
872176
218681
59303
929061
373049
646348
90676
227875
275322
986086
463150
429994
25409
843984
775334
870127
965725
15409
577566
451922
51788
871305
337948
606182
935319
374341
707385
286467
889256
627613
232913
695198
45323
149346
927644
722066
823048
613299
564015
291257
473954
89500
138838
186624
409612
594594
377570
583342
718861
739265
631494
933146
680202
792960
17292
518704
410275
921138
594484
351437
78779
106295
447541
277686
199796
715559
568423
666097
858770
700053
155031
912346
680110
87727
629738
91127
355277
155386
418649
460993
112287
221776
181042
923607
747164
668674
486427
462613
512105
645876
256295
728815
181549
690492
186137
894495
434753
495782
546741
147956
76977
423341
892427
433405
79456
873945
269133
372380
703643
885545
949196
148320
141703
747940
345994
265524
546901
163464
694626
368810
997526
386690
448230
475691
494239
468212
747694
334998
836330
826126
556622
863271
376387
935505
115637
226876
647803
440981
969629
576015
350491
161496
355816
747814
78802
915511
880390
346616
688110
527755
39646
712820
59272
720479
25116
892425
664879
727851
951994
187135
142106
223007
881412
537720
697922
479648
733916
471306
125302
676575
275668
798426
772392
328690
111419
964385
825660
441268
814253
418441
803339
902365
25457
741414
430450
141762
604577
384408
814097
256365
917096
952450
741230
368228
630058
917778
837706
949498
820363
538206
633963
785378
510688
50783
762890
830090
868671
988485
513592
966336
50785
26401
818541
384871
651828
577049
251336
829098
336426
383158
821177
632230
828973
806368
119079
133714
941890
906898
909108
916184
710227
836087
582154
197417
684438
9034
151947
73799
85386
419017
154421
586060
444666
965836
201499
617260
657557
940654
458030
668540
892611
886468
249567
432136
521420
940878
347967
166282
236274
167354
622648
7929
816290
575779
60719
827169
915493
970859
769776
261632
224948
959955
836642
647973
642365
747246
469257
400746
674953
566236
321216
845712
606846
327593
692953
653914
62796
935707
514252
227926
535164
711875
835684
582516
225663
974054
398672
362581
397880
698745
893189
917412
904508
128435
226115
578429
520676
74582
282755
569065
837356
524583
976180
990456
289065
643764
566934
494321
126494
209872
968273
2263
802024
528230
385506
189788
912704
16042
820892
382550
400193
350407
193534
183984
4984
391712
889387
588220
112187
691893
786272
13974
272426
707499
905798
474183
861118
469266
418309
645154
250820
480646
61446
398186
219499
861038
476886
766996
575139
53566
733049
745138
750245
989548
440754
688567
115824
740894
826706
839581
974916
131067
654263
584384
170512
228356
670151
260120
135156
855262
711904
614810
301183
548342
859475
299165
432959
424954
724605
603731
788096
548780
226663
171715
380467
391415
919004
399932
933832
464187
790333
931806
604002
734253
705958
495733
104209
794561
783561
443158
549479
48439
17853
641886
595647
938713
519687
860565
896962
57295
374018
159589
850083
972721
969920
262574
692063
804198
439437
779361
889881
758699
320846
380024
962806
77694
604965
105232
945218
532042
971343
343687
450308
904822
38739
518873
337640
740051
448128
497324
11354
263221
574176
591039
336656
976301
897301
41062
294848
984014
294528
985605
12277
299611
988234
560199
573497
111841
435007
42594
63811
767757
437364
149372
950261
880666
600068
21847
964747
798182
609198
291840
766544
564162
253331
879005
277670
496322
495419
544364
734436
5606
967956
424826
80691
784916
543129
550345
34267
831840
543719
679752
512832
595556
388996
362649
394508
248893
804892
192315
845374
321459
967994
782003
452798
417486
160246
26539
91218
857637
627524
281250
535881
813985
85795
109651
601909
631498
667836
876137
233474
431724
466010
770855
128902
94007
144849
831853
522229
442431
952110
546389
757033
665239
980081
455890
766168
93842
745698
456725
752249
937321
157791
774027
249509
559688
689683
703957
842234
388292
349611
220703
180926
163722
200464
742461
509983
972273
561477
532253
130956
734513
238018
512067
283891
799560
506480
8439
462593
790469
943206
635629
279227
323617
188645
893419
83280
391587
439633
800381
335118
1986
817104
947040
184926
960010
392000
635415
734543
703889
574073
218160
504857
647369
279138
751356
75975
590381
27700
137470
85643
16316
782249
300118
119135
339808
310973
143743
854920
636336
159782
915138
79059
628152
263632
373144
244646
458281
655637
214351
317835
329146
61300
785351
341548
358603
75060
118303
764963
686214
261005
341840
800607
170249
406100
120294
436862
314865
643867
630452
254876
799652
244701
46367
528063
653165
885271
481800
174786
745539
525522
292683
699624
323208
483711
120325
987523
956926
68219
609240
145201
482818
87082
282186
459939
718628
500842
463826
937556
300496
724614
226695
423811
622263
746257
502701
23393
885237
377460
590101
942856
493549
811937
778360
499632
21017
146197
397071
761721
763308
767609
586487
565463
721436
448620
172699
223764
682139
729153
128143
351832
153629
69420
727449
573352
158533
493255
838951
733045
268929
724526
173589
872564
203642
408359
916654
117761
849663
970007
268743
771920
686458
714015
837551
599885
605520
963916
140371
520441
660674
101974
119676
896198
568884
198769
32917
30391
334305
609731
23514
258467
468390
187078
654366
727763
16631
642717
733730
738700
208214
440458
959592
77585
957000
690819
322351
219476
12049
861607
19113
388436
615461
694187
801826
568245
235078
396986
444893
938971
339329
496514
995693
962438
197839
610286
272962
146606
694134
460955
707765
807462
867097
591316
309507
460029
863902
891856
274031
442102
63698
837369
534885
434828
808987
526457
478041
145156
261620
280081
763440
173796
734085
228448
67064
146077
712649
588471
676306
450730
156611
667565
330157
616734
102801
294385
352374
958228
525102
502106
244045
713325
752096
289185
114914
222613
422901
545941
554335
560772
868929
978238
130687
227617
580573
145592
977119
490838
229496
716480
422915
989440
922749
535025
39637
20557
709416
321459
492418
185742
517665
437825
602180
511234
987211
703673
792185
548192
102328
375485
915461
696961
976479
847973
484798
483253
390652
838670
956373
448412
271304
868646
980992
104455
13870
426704
64013
749768
201508
752756
550113
42507
95368
96387
152617
352571
358854
609208
355144
630474
562783
55130
364459
428197
121647
950069
424369
434007
987632
156884
917372
301766
265425
62084
176268
755322
448954
673284
883676
555667
773477
754836
984833
267746
275342
821993
740877
249101
359853
603359
92482
299125
771691
162719
970025
640003
435253
823393
178708
226077
769671
508645
410799
791126
253386
23673
898502
934914
487588
781942
80072
869936
374051
36678
459146
36570
291205
531230
367352
462268
93124
909031
306622
405325
853356
722073
510165
915397
632610
28754
549662
416605
836618
710244
154048
480866
763733
964344
381614
412686
523635
238033
529296
254545
627203
234981
949122
189840
611674
747614
326389
53493
804116
274377
831448
572125
30161
489470
913358
496640
780618
472014
888163
361243
465208
617911
508138
749573
514285
758830
349948
865401
98687
51773
288763
946293
621047
985286
991071
596116
79501
493200
264688
956891
249572
699943
251934
179520
147607
109820
257359
548089
283422
550266
183450
831348
599213
325142
713367
567461
341286
450733
487240
731440
446077
5512
170369
592487
728186
637674
135089
293809
858034
731222
228415
407115
188279
677026
534610
405946
798268
786720
53859
773264
238889
80597
268610
895341
252580
120201
286458
698245
646889
410883
677575
580466
574371
448256
730823
387518
242772
917227
709109
734584
402769
379128
284457
259613
58230
838175
237375
759064
370007
723427
939184
132369
656296
170457
790318
392161
858314
695926
224618
160957
610209
387496
828438
297063
636256
780036
991796
161868
59108
801921
225919
388316
93146
37126
616021
74399
814890
684651
906272
880414
614319
678007
202802
353186
761997
289381
138995
668316
355108
954898
516479
574490
455466
827412
131100
559523
838575
85106
31092
960082
134725
216073
737036
220190
677825
930710
927178
690943
259456
25486
953320
540180
667461
213844
137147
265226
821209
24288
869100
985795
1497
516095
880145
99921
713855
283389
742520
574816
737854
983204
737819
539457
626492
494922
933017
747626
266071
161350
146808
478337
350130
631788
644665
304372
433930
246647
607774
223817
314435
784067
735729
626395
256183
695835
603406
95009
455665
134460
485936
643774
574398
850351
938106
867927
922341
933097
857818
958804
325178
730386
390550
175164
550456
355929
450103
350029
270622
455298
162620
886636
513686
763808
774061
358284
727611
29205
47246
573898
311847
969386
670647
264451
694104
968180
821485
253288
207073
763503
965810
772476
523738
317272
84143
507950
893239
640939
409020
229529
103055
729164
697999
155386
883116
383236
740032
560070
529387
532499
854032
192658
441125
724332
562830
326447
258470
335418
723452
939356
916142
949329
77425
399123
568182
953804
461078
507840
914597
472234
221028
296580
942195
730300
246399
301862
361203
215835
518715
301331
399887
824101
415545
125042
256148
173216
746251
598484
851618
608863
375342
518855
451694
976022
701201
709547
442678
51446
370396
460395
532243
512837
302836
637955
506831
367720
892080
962614
562219
236069
206386
247311
519821
827252
783886
781435
87391
615891
695809
239887
279442
260216
491776
30782
395749
986109
907862
456893
361934
813725
887095
350419
299870
426121
657928
565969
404458
398113
757685
434971
141231
854497
239907
900831
888340
665854
661727
389515
734378
154048
910729
976460
405163
334180
239040
909979
860386
769706
21517
54154
413686
437834
848810
508571
789103
157899
631116
625839
963874
24572
571688
872029
73148
736509
798581
253326
215135
267828
404361
974317
215283
80121
968821
558820
532526
556370
731614
105712
564225
339452
929437
971260
749892
641465
197271
34290
133782
87817
426087
891342
566246
963704
96496
220883
514751
173847
980186
330601
256911
739409
373606
626203
942656
101627
651072
416166
149761
936812
299094
176363
902374
683621
345447
736888
250530
305806
577938
110238
817161
422277
527328
347420
927333
691751
326785
494137
305873
637582
955979
807939
962264
855253
319108
18075
153097
86299
877938
240376
44368
914396
521332
983721
204749
916305
887668
490174
56350
653667
960818
150520
275080
322822
405743
736402
135166
84987
895114
340353
292479
844525
199233
616431
134812
914378
546468
324811
356879
559930
84793
758458
680491
554020
762539
371562
524175
542100
374392
586280
509682
12801
438552
414977
749999
842503
36560
920060
305686
763251
380881
501740
300571
742800
25657
19483
64745
806748
235981
486924
764224
139787
126878
961668
8904
284890
181532
531521
712616
234569
811622
329421
811348
539715
136131
231933
392061
662305
70613
655913
131607
937859
821162
613005
311479
341529
381880
263833
958668
800742
514463
842949
158733
629601
265606
733761
121907
588582
825953
515363
335696
797092
306210
951210
392353
773572
818626
631134
286067
941921
930922
5492
550354
992282
224432
585217
940466
307265
332553
268829
940378
785091
647103
106072
761751
210959
541899
862758
47806
539809
661358
995236
769812
791097
630234
598626
80402
344074
746516
661609
460809
553718
11524
484011
722563
428300
445187
37960
297616
646308
770523
588250
755137
132194
434573
267476
273023
730475
62961
171969
520140
138520
362056
859217
533977
907532
166626
337419
877929
770159
515108
232012
128103
282417
311140
776962
287491
114457
45905
379024
98833
852314
230183
354300
236717
602975
403705
704656
750825
571867
74036
844023
833431
714560
12308
458674
814524
527026
480559
782472
290144
712501
619926
208430
392294
547264
726262
813459
486449
332939
103185
237406
428830
470118
378935
355423
373419
668167
644614
266273
275547
845041
284522
991485
705786
532664
225514
945531
871584
558313
301751
76268
127687
140056
886490
138634
74121
577122
187267
222230
267034
87615
8914
523701
905573
637387
901818
852198
49792
455645
721794
369669
823241
134327
121400
806104
607830
992653
304207
770383
728247
162851
354502
365111
424999
257530
857344
210238
771983
564189
74129
989938
118928
611629
935701
197335
917355
281908
425286
665911
97303
297547
977053
567401
444751
714368
550126
690059
471351
945828
869386
712729
152638
556775
389127
679385
607600
545217
425718
6875
132368
487546
453567
817521
538297
396090
146930
171465
762858
937498
948545
721593
127531
285438
421647
234929
621297
223065
806609
807464
549675
104144
592336
25922
183997
287850
738800
248797
277146
332702
299153
77546
46540
613821
188248
764400
554002
634186
303891
760884
29366
159074
366360
284490
549412
804261
244831
739713
710919
726610
972831
253408
154724
985365
359407
316151
690628
60987
133239
407976
795234
513557
347582
585211
776685
629050
718716
877455
562559
508580
490173
595038
459359
799963
412296
536569
74773
174436
821388
5125
717195
732559
166524
665077
569838
466799
315583
790973
165491
33036
639202
321154
675724
558927
672216
509258
360738
546301
519880
429840
825274
423726
715009
947077
428192
402223
249455
423863
188007
727282
397515
959525
857294
233050
607216
425522
72256
865138
157793
115868
568385
733140
681204
263073
182372
493207
146634
434639
870872
476117
203785
843318
889945
313199
32527
376160
308144
409670
101531
401576
82127
111850
919237
726987
528024
982689
547395
401510
619429
927918
78374
264404
249541
796439
500924
763088
826707
186342
503576
125735
386594
799703
528624
268543
317454
940533
20499
175946
675281
103498
868375
618149
580694
764179
831572
668249
369808
669272
216233
812609
353667
899528
328250
96692
335636
633541
121114
586116
64392
616398
298405
303447
474812
817983
915714
730962
429332
589646
617915
724729
760368
299172
858915
303153
717103
21595
692410
249784
571982
695777
229928
65810
552468
483576
625468
375432
495476
351736
556708
780282
161112
463380
774970
626310
304372
299256
866375
530108
834558
785465
637989
848866
532777
346652
66496
722468
825524
129912
538376
80697
452609
866515
273399
290861
655028
412390
525817
160619
686678
286464
741592
462981
786331
544489
728693
332533
3680
449093
879935
867501
686704
678115
508313
927889
769314
938115
454439
988961
434325
255529
864122
80281
17675
153365
331682
459652
843403
646166
876073
445303
42206
934653
579606
298329
802966
901508
299906
149392
595728
445575
50144
36114
237423
17142
616196
24985
266507
296809
736948
662452
411707
711074
205542
548380
259118
964264
458993
632564
504777
661497
891422
597442
921146
318778
639205
432459
109546
685791
978058
229966
370282
265248
802302
563071
433785
926939
751438
723919
393380
397111
726768
477969
192327
120887
868302
549873
238203
320781
480443
476811
148238
980933
564427
749112
914880
837211
501905
586468
193968
139815
656132
829952
150980
109977
482527
98578
876950
554788
933696
76313
651922
262077
384778
469149
32728
517985
964898
387414
964210
346294
64242
985
652187
800861
875990
520061
229931
325552
6877
546145
572276
204490
181857
939413
495239
766081
311371
329578
506058
756396
914447
783567
526198
593849
916689
708922
266905
703356
195939
860733
305064
967884
306193
692340
287474
431595
789032
498716
199529
885630
443164
483936
509518
204296
370532
417667
901251
296023
313004
367735
664095
565875
942084
133169
169317
157707
224601
493926
97624
662639
871243
342639
417557
803072
931100
61789
804141
386362
541127
336085
739826
302775
575417
643121
492292
550357
160949
744188
241651
446933
823427
88932
657434
724395
649760
910836
170532
939934
21403
123036
402802
394503
138783
637031
297421
929411
538301
102548
703629
193594
769373
694914
859400
135671
449756
103028
987131
809711
212155
224386
160341
545552
631877
884528
235262
101225
651923
36984
319397
578230
766686
864362
513717
43080
171632
87316
581880
942679
837326
880519
694431
222650
732997
54215
38220
89900
450338
728052
900306
509232
169734
980415
810209
991780
283764
163011
756629
318703
976462
383280
917336
643969
103453
422373
686579
579725
250438
720654
610161
395838
849407
678793
554429
118098
319072
767782
529230
869059
827252
906458
272110
865474
745848
74307
71563
973218
487006
917791
290637
1807
795534
169935
18936
24312
127662
225667
491009
200475
72726
347640
338721
441232
613415
424846
379511
866865
963438
259137
518116
248127
239400
94415
922962
68485
203588
121322
146747
393628
14523
571516
598530
432584
282363
809216
961667
713975
324922
923704
114044
698143
491324
473673
131538
164279
874544
353506
738927
794744
626262
424276
792373
3768
335360
485561
133471
424028
144911
214379
151794
356111
994430
425753
525619
123278
967927
913065
747934
972480
868841
518957
145068
123848
360629
13717
154968
515054
559693
462217
181935
246006
604189
711580
955552
618440
374342
459680
319435
666875
630834
156401
497515
771730
217706
981422
225410
638953
280062
931416
912333
346023
718226
764305
339802
559647
918895
328093
526472
273570
496261
923514
1481
590147
402578
178339
665478
80039
162665
972388
123051
800929
326358
994794
548829
915654
56248
312103
270743
70082
784259
536039
161226
700390
587663
419379
269906
671288
589799
112001
640799
38489
351263
183243
277829
69149
113173
388231
742651
383272
901327
668228
859351
283830
221266
964561
141856
620528
700693
499393
139614
503704
827651
52872
372524
442011
171446
726576
734087
828205
777900
489935
817217
175740
516476
580653
312598
950708
79273
56924
993134
840679
750892
404518
691903
542971
119926
240165
441585
228683
712287
968589
535557
157114
215808
672161
510269
738846
858881
643137
901851
260633
784143
19949
698617
126085
287431
260380
925406
75808
611437
676384
420572
148470
605421
607715
633168
125288
738266
952854
675757
667489
271968
35422
899584
649163
584391
114423
380993
171722
928336
951150
190508
418145
538513
416166
517554
444746
724946
898576
852466
454841
185251
930612
904373
565319
70932
237761
243483
175162
510542
624245
374813
410844
848143
224310
336929
571711
40578
361214
448616
31556
409193
127690
907114
118432
893687
431149
586565
528449
888467
97242
216174
589755
657397
63955
206317
291787
454194
386627
4802
817767
404327
484613
540091
254962
213141
663946
75476
907674
176477
183446
259155
419773
503649
777376
936188
504895
935364
786306
894806
412031
274850
189929
2426
175888
909580
804175
381066
21117
667638
108442
320776
500269
67109
796551
389103
531185
730548
284977
675102
649250
926052
332900
121232
84032
567460
222611
576972
840093
504894
889298
84958
439112
228777
417763
394788
963290
787664
627406
304315
284261
649309
246859
387260
728652
540792
617524
926491
303706
622316
82885
85788
674314
424322
568866
415243
224686
303549
21214
157919
992278
418459
310532
729362
65037
622109
828268
67029
864933
289724
345058
957439
548913
614291
469780
443195
954386
550955
440902
643495
354598
103500
977770
823485
132084
300351
541856
210060
808977
670699
561448
958134
293463
305550
79256
731055
258137
563303
671797
679062
412449
215132
438121
149092
999691
507134
264493
732326
113619
703154
670181
59498
572338
310750
229089
577113
130311
506843
960873
596829
668134
33101
798023
758127
983600
589970
310452
303937
336369
432930
924390
833514
75548
986517
259882
751717
477746
747889
203985
145599
999226
769326
913771
790689
841782
981057
632102
883466
206375
67347
40290
702322
311680
498982
902606
107486
34808
915558
249102
367147
341850
760858
816764
801479
196653
500584
730778
107846
247041
425494
654291
963740
735783
479326
895817
484917
285122
721962
580772
414798
389114
174764
979965
615511
233097
738381
286509
760509
199048
718750
797123
529853
28721
450137
652053
880731
106613
263810
557087
671749
537433
260727
130649
88941
499302
251663
43935
789834
122275
904213
228278
405342
499156
541791
576580
424417
314295
956358
652061
676326
34155
53519
203170
752403
137374
643689
832372
968077
539078
88893
807399
706514
627138
676775
424579
464261
720231
543873
887092
784225
483359
464836
581000
881006
248909
767109
274904
99048
334283
67353
128353
276357
68677
597906
551466
874050
472316
815127
261155
540993
102612
228911
593347
218604
993247
711766
198175
392562
990321
214781
5974
64949
831779
455297
887017
876707
675456
933106
982278
349894
794520
315557
320518
330784
413404
828311
812009
53786
418184
388821
159041
718862
458554
88337
665275
751320
884808
774788
594762
96721
712492
27687
695307
920594
195253
407994
96081
287922
564634
95449
316194
446173
31526
911007
839996
966938
802127
409385
195941
11585
457899
737992
971862
766075
342885
266603
215865
472132
961474
516515
757492
635847
750958
479041
59695
605346
385662
337992
30188
607095
796999
541479
619730
87073
105723
988745
21342
115496
196122
551978
771696
227714
269666
859544
620708
426831
804509
596584
463462
182792
80813
806194
642365
444260
659197
796628
530980
27067
652032
408441
329360
575433
614339
740891
959939
64553
90238
909540
577998
1341
535605
774104
12283
355952
304754
44959
954854
58846
879573
500283
682278
109285
318154
755965
212377
793774
726887
859874
749499
808345
527704
767706
61800
785763
583859
998331
267490
850625
967244
613677
124050
506085
444596
717742
172583
267707
342413
820650
270332
449484
908178
567993
992704
350989
496649
986711
189831
351802
404317
230474
35786
758542
326583
249819
789638
114084
915009
224714
673927
496462
282675
48571
596825
356830
484508
963498
909405
844605
671717
932221
912695
394509
742949
921001
897880
637733
872369
152203
113278
216885
229232
584652
819283
632055
726086
815979
178639
490642
884877
184692
163989
551478
744345
754562
739087
997705
812085
71062
753035
822686
638683
552577
113334
646720
947858
148720
161462
555562
232218
55558
305283
263067
556148
318040
520266
483834
391578
166549
914878
616267
483094
42299
375695
512365
803354
598200
376410
948271
697428
825460
942636
847207
764943
213233
752019
22768
919242
727028
822412
630531
823239
95796
701908
333895
784335
250659
473161
863008
851736
492779
714680
669943
920378
245411
564284
228630
671758
933399
161491
866972
171501
252280
768152
760170
372410
908295
238976
57898
779975
460374
520097
651183
696411
348957
678686
918778
750429
685236
476595
793797
125381
647239
152900
828087
888877
504601
78777
652063
199779
156345
330198
883791
610923
371632
682445
677856
140463
139925
520108
655982
783267
505207
223093
282744
925926
895058
838460
955102
511026
344153
480233
253181
678651
800572
189966
769543
23434
12186
222164
436216
834981
991546
181355
571924
849952
93178
727823
197545
688152
125164
887662
942366
524304
903059
741016
314425
305310
336524
906566
99222
922696
653297
630882
93573
380376
472383
339814
666340
983225
176433
673012
568203
189259
233540
953540
58699
269681
704176
817554
379714
745132
534230
882082
322694
733793
84444
894676
195559
601135
972514
927991
312148
871065
456549
614481
507541
391185
199879
498258
377920
22143
498391
981887
802949
468501
873403
161619
194831
527167
388834
572209
228164
726620
6072
148985
242194
334152
272412
71141
543240
982158
144540
517485
170871
486989
147635
292500
982072
395563
756855
446169
699222
195563
965595
98291
668664
920392
897796
102572
826590
171946
272562
198641
831754
713807
421035
422227
794474
946664
527265
805951
393881
691536
898908
13084
485996
662560
693808
200017
916758
165392
898228
903296
984948
852829
110314
994862
381401
801136
45252
133834
38259
361443
854202
260992
612595
787082
535656
660588
53882
797748
259669
22378
799724
740363
615896
876507
247682
866733
431559
965233
655533
83959
169565
700388
422145
466426
500814
640553
341899
577514
741684
264799
770940
913050
442394
115313
892775
538160
151685
329535
547924
344468
913994
318153
192433
538966
96215
445143
6719
360713
277187
503588
843656
466605
998147
337708
137157
318229
785623
271371
892698
610271
288591
620282
821627
210769
239595
341893
701948
329758
383853
121002
539776
821496
351548
119963
690511
345620
201737
755777
601130
811027
281747
60270
411402
268314
774015
72338
821677
526830
163660
359660
343
471950
279574
202035
420801
644145
209770
235892
662137
204509
492898
49725
239474
226810
523444
708669
970034
503442
720850
821957
568077
409445
532899
950226
565536
664137
343752
435498
402087
305131
627514
132235
91800
975541
834837
209320
96348
810389
452763
367905
400312
609340
862648
348873
986386
58942
942233
59597
615739
459816
789078
644419
567728
96164
331654
11637
224792
738859
881663
443831
290903
523332
813081
35325
568399
188293
763221
17042
901143
158477
899651
790511
794612
966868
223745
943129
671861
468330
652178
44556
645842
220506
243765
604202
652112
404759
742639
511294
163879
145049
776245
592833
979151
27579
972866
607293
583324
824711
438688
779165
637817
383158
26720
414510
175726
509459
491160
611096
479845
966603
632776
133764
792966
397737
903680
873320
52394
639639
211438
364948
289775
238411
395724
75284
237309
844942
770905
515368
217139
739812
453080
871367
972810
59764
852907
610638
924207
984506
993394
654299
479079
837072
865759
40734
405341
271567
357371
917497
88537
941663
98419
611539
183204
265296
631743
272015
797660
267136
2764
979844
620294
732654
128629
415672
966869
604906
102757
923950
396550
932546
129917
460995
303983
649467
810375
647253
114922
583785
780030
84379
301766
504582
387725
183662
729064
701243
119714
91302
296019
674572
556268
492208
497435
418641
295870
670150
79897
933193
792459
594655
69633
371737
858034
351249
632341
492397
507277
589047
850422
452652
652730
297250
989783
214373
327089
956428
504543
40058
335854
776157
424554
421759
320407
292360
636261
956521
922603
274389
815920
131828
812518
101556
923584
19961
903781
507523
409935
340449
262285
320262
182617
163907
804277
715697
683401
281968
92839
496061
409136
206978
383738
306081
979187
798405
995210
242020
246597
397458
105186
11657
108702
468920
909432
700791
658254
699960
798742
294879
117337
252301
628561
594736
230815
834630
397940
508638
556513
687967
436188
426756
465247
184204
678114
620738
109313
677340
955586
380333
484360
867792
874942
496054
440618
518896
308775
887501
570357
460862
576799
530263
690302
790892
590505
154429
539137
805667
979558
337567
54885
811179
793912
41798
924817
953142
114449
232224
619409
937176
600921
485256
313297
795142
442048
411611
435312
399069
504849
698778
43038
174685
26408
6180
644691
846127
576973
604979
197286
349988
171818
655985
130618
667232
424456
370662
180824
629566
669419
143674
93992
991085
194299
213528
639847
790248
696020
701611
287378
501826
456259
594558
55117
866761
799498
414810
31954
783937
871442
197731
942944
796397
39896
705497
148407
58619
897159
442066
753737
16192
630287
957321
287084
914414
645913
986757
624630
724610
988085
221313
949519
569620
460033
612146
832406
259012
894118
684173
690186
269390
752358
173628
50912
123741
415843
756687
468892
148333
548927
32524
358464
175892
295960
391702
941790
336577
916482
530469
244025
727074
428419
576329
503884
359847
673214
851379
161859
382007
74770
159745
114281
80476
961217
14903
471271
517420
218099
553397
254945
176156
864685
897772
368355
759106
507575
133688
523804
264912
366770
398425
579332
221838
992593
524475
219426
430067
217736
312454
980275
786371
963891
68645
740730
710775
412952
489508
825976
440637
469288
343204
942611
280756
691747
451058
776718
213824
33464
732907
400786
170924
319608
490566
806731
710589
603110
556467
805564
82080
904652
790099
807495
315287
647581
615755
665004
274717
334904
399829
703750
164261
697820
145420
838931
125034
677379
711244
290950
354706
269458
540553
817074
305066
512263
223269
86001
105664
171571
984137
104622
468037
186989
219058
896095
359541
972320
222710
904483
615233
340942
464733
376832
490480
410481
370092
599586
326734
93012
457038
115125
748040
204257
104577
222313
373143
50502
602802
636698
113947
164616
735546
517608
749997
997381
471058
673818
428136
721562
915781
124183
134773
988571
9082
862452
491221
335320
782638
647612
633524
503537
97319
23502
527740
966699
762540
236912
267066
393650
472218
159179
769578
395846
406616
734197
75167
382428
346429
418170
197318
418768
105851
304877
351821
763300
168073
570332
60574
886750
463918
791350
74111
958848
813162
481912
8551
814207
640413
822319
177695
568401
541799
321761
650986
359070
158314
566633
628604
580037
304452
364295
321532
336297
926515
729523
227937
587106
841142
488351
818430
54041
281071
406171
274839
652596
464622
150368
350032
726048
208449
599587
960970
783216
14910
296798
885994
681772
820573
583474
676494
220010
50633
6218
486785
252938
902169
58519
578322
977683
159227
973195
516152
660549
21039
329894
673416
750392
345956
364548
957065
750957
810190
850858
356015
777833
732397
59165
227849
687811
747468
255387
596758
711983
518503
217786
377752
145687
239747
290936
302438
883630
151639
851012
777364
220160
771031
537137
395072
831722
229712
262217
846481
69711
587956
433495
482347
610957
250457
93192
720472
940795
96027
164495
274210
976788
48373
113793
676371
213704
517194
657105
268467
561099
50705
658771
723454
12457
931511
134260
646108
943812
249905
501222
316004
468912
689120
270565
38614
638788
335798
178505
761971
853295
583132
738931
847068
637507
545557
856168
103003
49736
659854
158403
348368
188141
801664
210557
293185
614048
190881
98393
879470
474573
120778
359330
115439
426233
903238
154835
996350
208409
421741
99342
967195
83463
844162
371784
912951
113819
648615
494439
386023
734365
691568
901653
431585
532079
949857
421098
89700
480498
162644
836049
686298
814988
291153
939377
892646
973278
584138
546129
328433
486828
978067
144406
164501
851028
239777
684448
887867
287184
643639
813185
836711
941093
130171
459775
615938
354942
793648
935338
144715
170938
773803
933223
893468
387897
79867
7901
953604
482924
239297
680558
725937
833317
506208
4189
974784
937594
528190
871671
20919
93047
620416
889224
613806
648594
543109
612671
257923
823601
405281
963950
20519
11021
69866
192636
729499
451943
464089
585186
713726
169301
94884
37205
25235
96947
418565
755909
187682
721105
143646
811130
619127
379913
18993
609202
706196
98130
59953
425794
720064
833829
831496
120579
339746
523059
613633
896009
661251
127165
884814
53981
997695
670183
669017
55136
66336
351765
687108
171334
8413
34085
6469
709130
634238
137828
494766
966701
720688
275194
494732
28937
154473
760672
473748
73444
255257
743661
202105
752164
257429
555071
732136
181062
208334
338189
993048
379083
858675
356773
16329
282442
470233
607200
180575
130835
558195
431574
199293
809535
248124
663012
628260
183244
247137
907781
692898
315406
121722
490408
876745
31978
833862
271361
364002
762461
109447
564457
384857
943635
545476
261647
352685
177390
907941
359711
437668
218459
474695
54502
366905
171759
359213
297028
800686
651884
824022
4608
272333
103545
628301
236300
16933
914540
563752
461605
844128
753404
837523
79346
715587
167922
952232
244328
84814
646543
369933
461371
396854
872056
29017
621952
259350
860748
208029
514367
711316
391992
141934
219721
64675
359793
113521
458989
704142
117598
818725
766152
347160
562967
573626
44260
589551
445373
558746
958890
775964
247746
218365
835319
604517
574712
553840
221278
477757
809735
534926
532999
77270
171005
48372
287738
443250
318104
80094
939709
823774
228666
503084
313157
875152
635806
863918
140934
659666
985785
96410
445641
95201
299143
223331
465065
567288
454343
608171
380791
849560
13093
900570
534411
517050
724011
487334
150036
877962
262104
347263
608214
342207
176149
485427
905769
392534
512429
912271
272672
4295
762989
658325
259708
175180
27324
33141
648395
199899
965531
919731
295184
376489
544494
639932
280337
331058
18419
120055
441263
174252
88777
217923
866312
796797
388063
510235
440822
156416
408768
530343
736471
745944
943755
88787
486252
373990
905830
375860
328909
821657
148779
374615
288325
380207
609114
206316
849892
523118
650002
169250
829252
250015
838237
810460
144279
431518
408174
815434
863135
328362
869462
222489
137137
91784
12494
221861
983742
589705
801281
273352
465154
846646
122051
601390
871256
857864
556467
537752
421944
460428
847965
986161
111800
607854
861856
546329
670359
724877
23987
725489
415581
499496
552390
892427
588339
704524
782218
518583
138801
741966
336421
933079
589103
77796
188543
650916
741176
201604
884972
345227
881852
529051
327514
504469
729507
321224
398982
102151
109379
310572
796118
333270
313435
909038
580485
610759
329444
613474
413496
476170
15403
89821
220426
700640
526394
167059
637492
303342
703616
527901
691997
146685
846677
275839
902988
253732
120740
933747
347321
288152
791021
957177
291676
792998
83937
522398
357353
757825
954691
657599
633992
414060
982340
157610
111518
75867
168424
5958
379932
377077
441108
290454
386299
409919
394428
618018
873054
62499
563200
690072
130136
461782
723042
265890
1266
7087
564885
832484
942413
519628
298176
402618
858022
581770
699611
563017
713467
957879
549393
180871
869556
213876
258403
606227
773103
124937
53559
273302
65005
212118
449904
873436
356196
797223
98087
830842
101053
33625
777561
556916
276565
434483
466436
266302
847904
598635
183015
377181
89561
266099
976316
921130
127001
422628
862055
96001
826226
209182
250622
921856
742285
818627
568028
921155
770656
794193
832809
627569
621412
371717
939514
754177
131773
254710
497951
883360
434363
253456
633843
169398
60245
902085
510623
159208
24371
185878
281283
752220
229929
164345
152186
534134
557923
316284
428379
685928
558349
87279
296101
783787
901717
561292
393416
397975
12122
896161
66800
753714
516486
416375
937688
368295
867217
670039
339066
58516
549737
189292
469621
892834
647201
648393
868050
176780
957295
773219
701867
3646
675672
296760
538021
946296
885321
909384
556563
326110
394665
760625
504445
624751
186861
316587
713853
858524
314308
697950
997921
427415
847565
235489
46549
137514
297055
625309
239978
426633
831359
484969
659975
395062
914365
122329
779070
568614
210490
378925
613576
119175
342394
28036
248378
597455
448724
996137
499111
693293
421449
287148
423210
858504
278005
263735
29744
259690
846826
636967
129043
417377
580275
870197
231657
520721
988037
268508
933404
690474
184159
642766
343813
189867
411693
233798
364983
198633
624640
252644
243295
793790
833704
471478
359934
147516
739258
859053
797556
133689
956960
622909
869077
382097
937779
168316
835136
911480
186852
865589
960993
93213
732797
846157
384750
694359
88600
537439
511806
692842
557317
738301
573358
360764
501244
588130
815781
328084
552454
992624
792834
254460
955196
509313
363382
512402
683105
953883
521908
58920
465525
535234
498534
755460
280236
614195
939790
940853
390053
998734
771396
91716
303290
333732
110185
809253
931539
956988
889241
583935
483617
604027
29871
622271
495360
254529
13097
641077
118889
941345
958608
572989
265452
769813
828737
425761
491402
222718
292663
291259
145788
677705
727574
259473
70272
518937
504367
118278
364439
314902
901641
741824
634862
999520
335602
744370
613237
395006
510483
447752
190067
401183
582629
127597
825226
641873
725511
971583
281919
472609
55619
294671
125990
914768
651108
220110
464168
830966
462672
757657
696296
976478
623028
20512
773615
445582
852467
361351
456833
855770
115524
719925
4329
821013
605040
367027
950598
417850
699285
852664
848536
305451
481578
881013
830235
806932
142685
612208
951603
426863
126677
666215
492618
832441
928519
979845
794518
182023
681073
528825
631919
792111
335339
682894
743377
406484
398712
228162
574219
763623
18850
393048
127705
432626
313549
923993
92956
824949
247514
223563
376327
57959
542203
390350
440945
801144
494017
399252
693405
549216
905901
147443
811852
899106
675023
979441
792322
631247
928870
884100
982148
903341
83803
943226
586023
496669
205297
277613
755438
664541
107967
704322
779940
880148
469640
696082
118766
361451
529505
156001
966412
206718
363698
697796
465275
643631
204196
999894
161014
645023
827385
823455
284908
38495
231845
66145
889411
245362
185131
861846
566740
833517
240357
523074
679203
873679
826463
465697
223515
975740
316486
658619
129525
420724
549164
85709
247015
323265
848918
406377
51475
793056
563083
75381
304412
667449
802241
918350
179676
966940
558256
261710
804813
586919
389495
3393
505123
308793
375436
685794
591418
776792
509558
965319
58940
842140
897911
761191
615007
281069
114657
673686
481420
223005
432814
252975
216853
49081
683303
833071
703898
70775
832259
301532
794549
854932
490085
819461
841053
235083
411828
273812
268898
73734
659577
664631
486304
229410
461469
411272
658908
724631
72620
728072
613518
244216
555951
56199
976323
352730
679829
77104
707739
488500
523637
331614
720824
231783
172100
20872
323383
455432
374884
240910
359468
377670
620321
174109
934666
305004
723437
380655
422263
654943
147080
237752
179131
67632
677016
459075
801263
693034
360763
945136
395761
775158
198510
620610
643692
580362
442363
429441
146389
586845
218968
355044
567530
391449
706125
302688
46405
106728
881505
633513
176499
978795
333138
812692
131801
937927
705351
954321
365496
141742
501885
923925
697760
710442
605431
211712
606040
362055
66546
788466
408919
698733
435761
45044
383272
912949
796238
755337
285551
764953
73178
162457
349781
688128
11256
667295
853003
798714
459281
848021
733380
31968
909569
762889
97129
420946
865244
312502
120731
790010
635973
658320
772560
733038
131764
281739
515987
894857
165601
789855
54116
838995
34883
580053
684832
323747
817284
572932
611600
308212
959102
91177
805579
506528
520825
875484
470665
720472
8311
23626
92331
972260
519426
952831
908563
614474
419824
168944
178945
447265
511966
578206
605477
682655
787134
120961
813455
248976
574921
224826
1786
287160
321812
496982
42129
227485
806935
895347
763187
737274
90105
825241
505963
112600
534465
848579
667442
111944
7551
67499
931680
180630
86142
231202
774469
793153
122439
587871
610278
860073
352513
505004
187848
292193
263537
743611
355872
218149
952241
127294
351645
766375
484625
878950
846853
626582
726089
262228
229742
15802
643876
278316
119785
112642
251101
285400
375766
249804
322409
228530
975988
233753
934020
171539
619380
947310
845963
858612
483040
32482
343611
439977
974792
101528
637407
199998
312478
48901
374759
120661
958226
639011
976357
282844
422439
528664
250567
848831
63578
91221
613065
568797
388004
705451
825547
783488
362955
814332
574251
726615
638855
129558
105026
60181
866404
976807
833900
687758
550794
86092
854873
733235
202978
677012
580634
71029
400873
113667
954521
25302
228717
437134
855501
554621
21528
963931
486507
708030
359948
694096
276080
271167
443711
877155
842051
108484
533619
855481
826224
717456
556621
946094
422207
459587
42692
204269
299175
939228
928499
543013
44975
177289
674872
603210
663183
865351
691281
38798
846156
179595
947996
853961
467284
579052
984486
447125
544911
708076
324502
305192
322891
905835
718033
899251
798062
919658
522641
236575
920163
234810
311742
450161
137404
994048
60860
555214
880498
521104
113514
752313
283264
525022
344496
957801
78104
881540
968414
698709
430005
19978
790942
692676
607631
271769
704970
790271
259084
545416
18532
567913
472483
732922
446935
346628
601046
124112
269302
378065
893513
21084
986686
650074
647146
515298
331654
591402
103363
485845
606122
976484
353766
666625
19812
73533
22163
930975
135729
344228
273646
15655
983479
282454
635342
627083
497458
574222
830736
646248
330127
354646
658128
240393
973005
565800
988082
991882
446068
340412
399767
802380
660000
38312
172632
341962
942487
778369
119807
121582
301224
225819
860397
176574
592806
176411
530525
553196
315136
206768
628759
904522
508609
548172
738957
159297
765594
285244
254557
941252
276076
627604
526849
243503
114151
342035
362931
762236
645696
616021
583011
128565
210341
779495
436801
13411
502525
95102
160134
383205
434938
680523
713739
33767
244679
806890
192180
869164
417764
259977
967384
153648
295965
632533
139072
524064
204991
679414
151645
203050
998739
655765
847023
988635
300690
969416
722453
825369
943344
502109
183857
528699
448069
111306
363657
516751
827329
426273
149400
321519
943431
507065
446988
54729
398095
631380
76217
563229
207595
356521
81586
615779
567765
283138
921158
301459
892685
810258
480239
635594
577668
977106
346352
991297
715913
838471
430698
46712
903808
282009
155034
547379
832265
398594
89715
305305
695687
306336
162484
295072
436871
720032
494335
247177
997106
349380
88450
125745
834828
475729
409721
712639
645414
282947
990641
2188
13977
342054
744506
758047
915176
213116
823806
219406
247554
864208
493510
178109
439316
205006
163291
882934
238950
738834
59113
919693
586979
973117
947733
544563
44469
652321
481066
153545
65994
908710
321906
222114
457596
78002
903471
186757
847263
942976
798161
173169
19956
356846
798328
164736
964300
614711
85401
744923
563668
893822
545995
245531
351119
675430
334524
321675
294232
368346
613441
124437
542645
686797
603285
376367
571579
959112
260606
886003
503485
619062
655441
103963
927269
141739
160366
498947
124964
364465
434763
648906
182713
385783
793754
587468
819901
733485
189929
925990
229378
867460
968432
39365
68519
424527
954444
739597
190895
833429
682210
219022
159491
678901
281108
158699
909436
609892
735916
414112
713408
806002
394924
712472
43204
915897
848403
785963
349235
431504
885553
672378
365515
694777
300140
45171
45582
301010
468530
279353
289237
994694
668966
626970
668047
207499
908573
250344
820615
64127
651736
832489
626492
158817
796404
768384
550145
891197
171400
512821
350699
221951
229021
209731
973405
438114
52200
185766
811070
259126
799677
248892
822899
99115
74562
350855
894993
616216
629656
195015
404533
527016
815331
684
230396
406479
274581
692624
749695
814231
620493
964539
660761
517429
279168
579707
773540
850385
741011
989851
382336
979190
203838
820471
759221
697420
2557
601754
897003
540032
968684
582036
453379
918760
449658
156517
474831
791182
270080
180148
157072
238923
122226
754203
981542
214648
891267
219755
288707
167398
977409
347284
759702
674207
555959
897162
776008
951175
225227
391477
475230
527801
353969
437669
523870
945304
114760
731026
578428
287965
826678
674364
823034
267986
809288
19878
983946
352744
367301
208335
34212
449862
859765
452690
579027
70367
830596
688314
528410
830135
402800
393259
149247
198889
937244
619647
387624
947675
420374
715744
749642
967457
563096
412529
323282
298581
506483
241465
569740
145275
501113
815448
875591
18866
328416
171699
590569
725930
64397
728533
875378
859796
56429
465294
991666
996091
297487
630110
569273
169865
59165
132168
716977
793523
621848
468628
586865
69828
487775
950285
900232
367743
876744
611550
708871
641733
64638
662498
237638
850739
604268
554199
591607
49025
83404
309325
181229
184670
149858
921191
808828
109351
647455
6014
536602
398908
128612
153069
650200
78550
915718
61402
329277
947922
737083
837538
555774
167159
874310
823961
376163
678313
787731
251229
687237
94947
159386
660833
446887
494705
573344
608343
901221
322084
588780
520955
435765
513645
489091
96692
208101
763113
785417
831569
444818
326472
332988
886697
636741
39691
908280
616093
369466
981499
562739
631602
269504
597146
907
15532
609770
61823
568694
143203
675410
860790
85746
982411
306253
783340
636560
879806
369635
471521
658134
310969
196550
877591
289296
677884
222595
458239
308124
653076
97117
907933
27529
253483
185341
779393
575508
742160
737515
839772
301747
886738
941301
857002
922488
145343
551512
204840
575184
346794
173095
312304
257226
707498
337027
675170
788182
421465
997943
496054
743472
869129
646307
429447
792647
969845
384466
77152
348354
374157
870255
925037
313739
282793
789285
180491
528539
338951
481824
703170
216174
426600
835899
858521
957752
487466
491863
67132
929317
381128
744147
580990
798783
200911
291643
198593
348298
818866
201728
45454
172055
822570
779705
327496
114299
814439
221736
517844
93809
833799
215576
442968
989252
441583
53231
514674
383782
1948
246893
283601
894930
478777
359957
357711
1270
854089
95122
552075
227994
472797
608211
593641
772200
226749
874552
673565
228766
789990
232730
731458
787485
427165
979128
635401
681200
643948
776916
691765
492204
505011
575269
260678
830646
898569
625362
4383
771731
272146
474873
421174
570631
837428
269498
792274
821737
156199
846282
642345
762229
695398
352889
110425
242204
104778
326192
14169
90485
778182
291777
470812
634869
635121
903025
224709
861980
960959
170067
448373
534393
456471
83782
247085
116935
531737
527153
386810
77240
293028
475396
686625
102064
356368
1056
132529
75662
576783
253561
688704
802042
79290
999809
284220
156245
964977
473386
427712
844653
371098
388621
720983
568486
80316
799705
170617
523775
968852
52087
541958
739877
958215
300930
974018
635932
882958
451611
216937
626572
535753
554966
504397
676150
317503
765232
894196
839508
81814
443166
627937
840746
574736
727141
305486
225100
299928
388369
434239
56905
733978
773282
646947
1627
571127
433820
835947
371413
596534
697805
953358
408630
472801
448564
495715
357573
111542
932828
519236
219146
23929
299185
327419
218482
444105
96001
743324
288172
296751
920150
877947
205000
43845
616119
660577
387933
519911
507159
606587
101665
187071
114924
382055
270629
773502
970672
601757
498720
168178
864160
625255
196123
67993
865024
396808
996842
922936
921604
643550
350107
168811
76876
267648
715592
927536
666318
158366
819311
700580
522550
27658
538376
791143
33507
923280
175296
7644
198578
610907
470677
966514
572751
324524
449692
8582
179869
440897
996680
323394
277261
673971
573223
731222
585805
599663
845152
308096
622968
921382
879773
788646
369837
362868
630108
985806
651491
26233
223197
964424
863958
971535
160744
595537
191688
406298
584456
909769
541699
445139
37506
406235
528034
296660
966456
182537
56916
585132
146306
476523
635211
998680
676886
539135
917725
406898
941010
471356
173117
497851
124340
165590
503038
180778
830980
679203
755413
914468
259194
525211
412899
544413
887757
429145
246324
28077
303357
785868
298505
606723
39613
21071
408234
277477
123917
616161
424556
41942
220077
364058
920723
648807
635695
290179
461618
202940
368112
105958
710084
159969
616160
344381
104939
708298
646054
673472
486790
680374
28567
248042
417926
553837
759308
525388
268677
665223
107008
544437
565304
87320
731745
835710
855974
826186
589078
439731
466824
56152
378410
145484
772944
161415
881722
155263
117337
901842
167780
509579
463405
606358
92189
729559
575418
177230
919992
594257
124753
595351
864303
702030
372
445454
931102
535155
901572
365115
743694
657486
999107
391963
763631
921060
942436
445188
533531
535770
500325
838002
879440
71621
39619
95920
162244
321051
962938
370190
866508
325982
790781
17390
494685
149735
173298
657490
260247
121335
604067
757498
81828
912173
314379
896752
8965
986005
499629
979591
209490
483168
62046
440418
271442
664179
550432
940963
313748
778793
28273
94783
713299
682760
516053
381869
869590
829045
639337
672252
475383
187903
229568
324833
60532
314240
705572
105963
546125
200543
363058
591817
22645
845065
134804
376172
315364
518
978099
403782
266940
60899
230958
34484
16624
134659
404169
693861
514641
540707
469981
1652
699222
977252
282253
33180
508279
4999
748392
551618
501320
216712
422439
718278
577232
3113
739792
168873
603244
220021
424840
442782
527190
496308
953282
88733
819161
325941
674360
169177
88602
345718
62309
819630
558692
743904
495643
519865
207814
375170
116811
293154
956312
421257
247468
899765
320664
769759
631511
418686
145966
212515
897362
294629
344465
459869
687328
547720
60100
557143
352766
156964
448329
203960
491719
266440
51183
973535
413102
71236
258545
114095
932815
310082
914268
317610
210085
398544
901962
702852
192193
174264
550628
892328
84074
64943
34828
586900
570878
458541
475912
178413
589763
484940
655873
416420
878986
536159
693197
372059
139389
394128
740140
499027
55773
696789
477937
245047
273147
871134
893145
356398
148595
9084
301011
957325
218668
331320
270342
645487
406214
130695
485533
704898
95485
864748
425443
288249
2781
417957
224066
8910
478175
164801
831155
87172
77530
952024
745101
568079
632116
294262
371079
158631
106708
316740
596827
217479
368375
509031
135334
881906
864449
525011
281672
912042
319589
943287
774107
686572
67650
32406
544664
800285
346471
811869
42569
526452
479733
167877
168498
502635
655110
300266
388864
89416
450140
795170
169484
500831
535635
23863
313292
109561
166687
453720
731974
578761
587268
121890
431537
597060
190901
967795
663692
974438
361917
429160
98115
935596
254298
46110
124012
990959
819631
513102
722350
947267
508523
503951
997809
890133
433695
803830
458816
560695
420891
330881
365752
691064
717721
917702
45627
227559
187766
562633
558907
366603
618251
304314
461633
183432
268224
836447
110094
249911
69880
377094
29461
166696
965938
836378
980418
908749
918402
14550
703905
862954
220362
867151
78093
75262
646139
649025
500443
55909
671067
824928
900640
420154
206358
547266
548634
741776
312966
86801
825788
425289
125634
157767
656875
939673
839605
525624
468144
411011
734666
350266
385547
573562
876184
986281
201225
351416
138474
531727
9895
383369
751178
226345
495183
63438
390453
970306
673406
787063
366560
953465
265513
344079
333747
816942
510280
994067
537847
776044
563627
506996
686271
849160
151662
562400
79878
345364
841723
80246
247401
741981
842799
23782
89925
999770
976650
292012
880371
567401
955539
581042
230450
219777
496023
814275
513663
300496
270560
233374
759106
806598
574533
873443
277164
323736
784278
583438
343040
366011
253754
737820
376282
387178
440943
907498
411546
218808
931150
761806
144117
732736
276041
513897
816163
786390
750094
757357
490835
545555
475934
259255
455009
674379
906533
663884
898147
349281
349842
672898
726106
925776
897356
24660
389076
408447
73279
434149
323876
257005
384065
43303
321704
337102
25539
181226
722493
233638
495470
904577
180298
552551
662230
275591
586972
637838
821979
286772
940275
188435
33972
198721
340624
388848
19921
409111
899384
457140
749894
810972
183468
376395
378568
275363
65737
580913
137473
701667
220740
88976
135641
806323
534623
671757
371173
592244
856893
944497
373589
776852
991070
966546
906271
343542
186210
53619
291075
434392
569599
257753
24720
162469
833449
798775
38296
236237
269874
534445
505569
779574
787906
783387
286619
694159
843771
138750
2296
290525
812439
179467
596888
938964
525796
480874
49414
762427
946215
568275
10836
927015
760727
957007
50111
608477
537387
36708
546691
81295
223030
290751
249199
62333
829034
705640
766087
497552
755290
546607
391660
356920
4891
546255
226114
341472
681422
170850
568593
124507
371549
843048
324110
964603
492709
661064
434591
253573
913326
857450
68766
156899
244771
140712
808359
472666
134852
817156
649943
979967
525882
880524
132787
298999
850032
334331
337713
485322
537497
358451
414827
815165
667876
297528
968438
769362
229147
284168
320393
924830
458916
101326
850379
552781
135787
884030
805362
969725
145801
194406
65614
83260
282160
679265
24207
139631
261658
16148
747845
793847
906483
300800
744062
60083
942897
635037
43833
297023
191555
781513
501357
372188
686546
166193
104236
970708
185025
891406
811828
966197
113869
654132
634688
409052
746250
474889
43779
832186
867213
111895
653662
175159
792447
932708
87994
669178
343332
216121
891499
312445
751570
476653
229053
257337
394144
985619
719927
657141
669787
165953
281900
79385
7889
771496
328726
181776
902817
762294
280456
222291
678317
785543
686181
890381
438583
522633
859262
542325
486028
568053
165888
954524
647215
20139
451289
587539
709980
934182
113172
723899
372526
659331
76863
811275
303638
962779
380638
941258
290956
663291
871985
78587
974742
95529
365879
256896
184403
423810
68514
21238
591480
122737
626225
964811
410594
127508
905673
756056
496427
26822
909415
577250
285285
216230
777051
150719
505960
446081
174624
875350
657
226345
243593
357159
72712
22019
85570
875350
383573
888509
848822
691949
145872
387539
185263
570191
704758
158268
66184
144041
462115
958423
494363
400972
915492
483697
286835
966233
251084
840815
668961
349487
116383
95116
975711
726219
504571
778365
873237
967717
197697
122018
890281
599781
842959
244255
766685
689143
433292
507301
306530
28940
41926
36447
712512
587676
948666
529776
420052
787034
502497
128669
206212
850682
788064
35396
437092
990139
746247
991533
414382
801406
284521
141749
749497
589698
565325
753412
450317
635223
345415
846141
850877
308141
340653
275242
401843
604308
465405
282316
696216
953880
661135
371692
66236
987893
832538
256353
370949
975051
126907
182679
281455
313998
307052
927114
138400
471357
628512
449224
317297
762175
589213
26605
573962
419724
641979
337278
29216
116120
301652
450248
308807
844826
763077
85513
930032
241402
361408
412951
194798
599705
286637
36464
447957
72276
864241
212476
847623
243126
518178
67204
834750
713626
519195
736566
39613
891167
431692
112140
643256
222631
398010
218986
481412
54354
954351
17280
35697
457302
771172
484217
892948
497558
718267
677763
740621
651024
344908
658691
476985
401045
333870
621342
986559
53992
915052
951561
431044
893191
978529
535747
886865
743362
430037
828198
721404
224243
586427
527081
887660
820479
384047
81467
728522
963744
887805
262939
382191
87345
505823
67691
193600
178886
671399
785655
991212
368653
328512
661586
839982
388693
486693
115572
628267
118380
585901
553652
607210
384813
600236
401804
23785
153216
486650
361754
341001
830703
197443
846788
457117
613418
135208
15066
462192
153299
408144
775617
906241
670342
624371
650630
269688
20062
441167
944278
451829
39629
87326
995371
325605
811891
135076
701759
499492
169418
298659
137607
121493
217178
314247
47507
400923
160734
434346
270286
805724
496504
276842
821098
936280
683491
641887
530418
655309
379716
286778
563075
60244
519276
525813
835322
340615
278622
699016
271156
598611
749295
502067
80067
121287
841804
745132
362367
255891
174775
557723
569095
717294
677788
325651
461195
245348
609978
137442
748617
266452
854352
959683
472968
244711
990122
306447
753727
124367
191821
120006
177740
554001
985104
670017
716921
812773
543802
370286
794540
97285
718622
547493
763192
699070
951197
865021
368367
892468
330456
390344
798348
969517
533408
589743
213790
949395
322775
865011
446464
729055
439501
137333
849996
790374
741273
299852
804642
529202
373446
895266
716624
491996
304194
867661
294810
695996
952923
404229
931878
13545
196960
963
982700
829293
635409
702588
47128
28571
864695
96784
328151
200458
954606
82826
551593
912374
857841
824874
638002
345063
510894
63251
600977
204179
107187
889613
8563
421007
150651
928598
766739
226393
87270
841207
997209
410120
31477
283224
849906
334581
734456
623392
616449
626826
93042
451265
682114
429945
518942
87634
513440
823824
971553
111828
246584
225506
9409
473474
711035
503921
497539
583462
157130
21847
671981
757414
943504
578395
734903
246831
866236
724967
787974
725089
192088
523771
419711
332637
634425
207241
911768
980906
538092
709607
943170
903243
329849
453183
610053
547202
365101
11516
698926
522423
559590
726931
17805
887810
971149
645963
395974
911357
291093
503867
401922
473692
866404
486467
692523
3678
110950
982548
943236
148316
196224
916144
946195
671904
675076
42393
648013
273540
786965
878905
731387
843820
973294
917050
708315
412236
742493
684316
39570
140887
657910
743038
837250
690550
869323
137892
468409
476393
83420
966624
412127
564817
160155
906239
392805
418798
415468
111057
503653
151448
103067
71443
620693
35065
559046
101276
37097
801459
709466
603187
371039
728349
953199
262183
434086
112349
241594
237351
334994
897381
463105
268964
713013
430672
813743
407656
425763
361683
34248
493813
765936
448711
419639
9727
730872
505307
375596
735733
202985
354890
139498
32516
825724
506722
544729
95090
966917
538786
699134
558483
980617
725514
553851
352449
706122
31126
443295
246687
805525
55194
147556
757011
475600
554339
54712
50524
825476
485636
550446
320068
423533
451923
691564
893695
1443
255349
230760
495786
11424
989579
259217
758418
544447
779755
850789
475741
37783
549824
526470
16385
590205
216173
744187
872173
775982
261612
117162
561186
505395
539568
617655
530229
713610
919218
99804
583988
787913
785452
512451
877565
847808
905189
993620
683870
974949
176689
623365
700007
864075
747956
96167
420979
484762
463973
444997
524776
524215
621803
439484
851518
125208
959854
685267
231658
263796
342726
96423
200245
947411
440131
896515
189784
6261
693249
732900
342167
407292
33628
602918
580467
520158
615977
295327
708197
705513
314415
788183
584563
997080
372486
178349
675025
599892
582189
907484
812462
30464
161857
720610
889765
249624
555869
760220
933640
436003
283096
256941
55701
781611
930617
887817
634105
955354
93240
168820
578013
278667
722588
718763
858047
72176
397289
31530
128288
990018
515174
87632
119221
872637
946118
69444
688953
539457
749684
424187
393596
844938
960023
702710
716577
902064
706165
361384
443208
659307
936840
762766
951917
50925
744113
84771
197640
766309
613652
787135
352954
636711
513549
982120
938088
558281
567448
345501
596143
257497
710340
664162
359429
151970
376321
183323
436378
796884
421773
259036
749423
393074
295409
497529
346364
997830
551729
518202
794491
993463
626422
513201
431241
353181
462715
560420
26773
363766
862927
890016
331523
393292
941887
189193
824508
894260
509465
56525
483423
134743
30764
701766
642492
765235
44867
778752
838872
765859
927839
431155
704041
517376
634101
585069
249478
237470
176320
884888
785310
292378
760244
833600
714232
450356
169409
387139
78026
491217
834880
382559
866962
390501
36023
823226
469813
892739
148294
158060
453894
350052
787390
172566
359914
438265
616304
909947
317563
540281
707063
630067
320337
325390
42682
479156
156949
758167
828769
231031
96299
424875
973483
962832
304504
318912
428125
574960
445413
604454
362372
802384
191081
421930
722940
544244
519603
93611
72136
556712
576868
503623
550578
864268
922467
750412
656863
814091
677133
428931
954461
450710
447651
104080
866326
45151
954074
268506
416359
166409
288122
160149
914301
30125
434904
647835
925607
499218
650004
791433
75446
576831
576338
9360
70754
973263
659878
851390
49312
659970
943132
667636
715863
810368
168148
386933
594736
47085
691518
721248
809069
670531
624800
478708
145335
723600
29167
826908
734118
992311
493447
269944
171947
777075
294421
540399
661698
578189
142047
164866
804618
227769
831576
243774
768226
201864
162790
879734
318666
303035
718436
51357
271068
356104
847552
79679
234477
769603
901205
973675
676782
479581
390656
502571
839858
636314
905655
132647
268610
22955
350180
321728
403791
909155
109158
412005
452262
438236
779607
151477
182695
210057
355068
328032
543421
71669
1735
158741
790218
990281
344588
553480
480709
872936
108241
992882
677853
868384
122464
746828
676820
398507
657310
33276
712147
436395
274689
495555
417912
190861
114585
930258
65639
779240
195776
387794
988854
101313
35521
501589
182123
351801
994207
293013
579005
656168
957310
742168
935510
950251
818762
548977
18565
105948
561485
524535
342615
505987
346674
498519
419337
406849
19927
210726
729629
772478
544775
838143
237961
188892
714343
85713
381442
699376
116682
830268
462992
786845
64121
143079
211090
705375
107161
660496
99689
629279
569909
747451
261774
318676
136737
489607
908179
522143
234087
212303
234188
172716
305421
536731
110029
725405
790528
602034
677138
89570
988339
794784
359701
9247
518471
208600
413334
669117
286497
454476
922823
838676
702772
928821
99372
141334
843557
280166
919779
985663
518867
623557
497448
737988
693775
261059
544335
224422
836995
298819
602960
901888
485665
211932
229198
928818
90756
49074
289811
299965
791248
632040
697720
590734
830283
552034
16387
178513
32687
927036
186250
353883
912434
85718
31684
310267
659456
634466
856186
941756
943416
931577
979671
455709
595317
34561
706830
375462
410655
984686
590868
291263
706613
741092
47918
105560
333506
11634
938863
642255
131533
415871
869284
796832
495973
11883
450929
268600
846391
715605
27701
439004
535609
256667
568020
816446
305481
837711
820376
409131
264966
260578
189384
211038
197042
264568
992199
68188
619442
854121
759484
682897
57461
433414
921
36219
764058
630532
736246
741310
152756
643539
985087
636319
408207
621192
640943
213554
241625
865425
908171
125238
874797
566628
174953
612013
524535
522917
968853
825415
366596
455108
387291
676893
855943
919331
118858
861698
663352
60518
418947
592062
359854
93844
343832
221697
843050
989290
461529
382280
128347
283036
630639
262605
140313
727930
650681
705204
466380
877691
179910
110645
835429
437673
735056
592585
150281
963899
440900
108941
501577
45108
857516
351748
763594
617498
597621
577504
300046
819768
469512
931301
152444
788415
963931
724614
169378
808405
915242
74093
251689
239728
251900
356124
587816
412931
242031
754463
886422
107161
236869
439190
457240
246412
54887
45938
374018
679927
121857
950150
712757
539593
35194
787032
772615
596784
165791
771859
631166
555056
691695
708632
514160
856980
355734
604451
57193
91472
249296
80061
500689
116757
413089
138315
853599
735749
62343
647416
110513
702190
901792
334717
118623
453452
29378
993866
717620
190312
517098
744382
242221
643610
237097
884795
906184
627560
152336
568466
377041
785913
717320
203921
836308
665656
501222
189447
569486
375756
711603
695467
762543
654014
318703
128147
759187
224729
127844
920294
816540
912064
826084
994556
636492
769940
498910
763614
47272
425739
553603
896720
10009
283011
837892
726331
964852
348568
440791
826410
894330
960787
558916
665109
368711
822064
358738
614093
250873
320990
603103
813754
310683
995073
8397
839927
65465
778235
166700
396667
940937
795220
667081
405061
694057
324370
974399
601819
111938
461684
837438
773245
509757
2459
245003
554122
605872
23799
139370
520200
617280
261465
292306
1333
31048
168877
497763
369391
339788
964968
668325
833107
749466
634007
887591
698008
42120
353721
698474
204111
891746
956577
308394
287051
997848
920275
551670
518702
224641
24153
689676
645424
961752
354311
985988
631731
476841
417387
766611
779160
974281
191298
779522
716302
526564
87905
250354
13606
1600
614179
588515
109917
298749
45099
357507
300921
683422
325837
752184
859322
533637
486608
367414
642132
723217
888621
252138
665105
255179
182713
972675
47777
623535
67966
561521
386490
195223
611143
113607
107940
955363
683668
270245
596165
268374
929990
959421
723478
421266
706539
271536
531100
237738
567206
637056
869093
618326
664675
426114
461823
85486
158918
461270
679047
49759
467643
336283
842674
116599
730771
323544
398266
682375
211109
660122
75470
845702
890142
40622
330921
795128
811709
469720
70041
370615
30296
257595
806408
900221
104333
386593
367469
110125
776808
879730
693992
218565
439105
730704
981705
714176
914675
505970
819085
944626
761655
613701
248215
410172
63428
121569
29529
674869
540599
23969
823405
268687
135701
251201
362935
750226
489429
987933
660983
916459
438916
377703
735531
586049
297820
115262
362656
10613
448188
917133
725168
836096
50955
670252
967106
166041
558163
28689
531754
999667
633379
701346
471901
62869
29223
89728
238187
585181
349808
103319
153204
265727
794484
870249
645810
808608
780971
361144
59106
202151
159372
853892
829712
818071
452560
527611
448016
72173
989450
467962
855553
687753
655778
910090
429569
358081
105673
484923
812564
842454
812613
556504
615144
780455
854522
375897
431247
843969
995061
922924
964308
36897
808726
16378
819752
144462
164234
866626
319785
597306
113367
446581
351911
110539
61882
381380
124575
516717
469106
92644
601957
741279
382575
735431
831981
540738
51435
852781
376517
435080
999799
754930
457221
34666
276069
124736
736445
17095
467200
614089
463832
525543
679453
736962
786029
351249
686365
793831
933741
60444
764331
364421
591010
817525
801702
798250
691667
303377
119153
142024
40480
30740
951317
559906
642912
23745
294207
802654
3123
105992
643828
946275
327975
841825
769061
565092
452745
797093
453340
665560
642597
241982
522091
339803
303627
497110
492683
623840
891881
567923
169791
290380
33346
356661
58387
363433
934613
555636
279867
840348
228785
539338
698196
595132
92718
910737
891109
855405
566133
579348
304343
456656
283507
567630
753903
744817
84768
173097
575959
922710
416389
255786
929984
729024
268875
412893
941904
695961
121304
117922
337871
883433
961395
995072
142198
306944
7094
754099
178079
91517
190927
732105
373159
871217
226083
297506
798919
115726
588801
863153
612170
549347
625114
689012
37277
481727
794618
675161
33543
381633
87679
934106
98356
20089
575728
65423
450365
916930
152411
548121
940053
926583
91930
823740
182693
343502
860732
35887
231808
665377
712435
996837
149370
146319
318906
235432
727102
988304
604443
609740
775657
845157
163309
189370
180553
222007
28467
982515
492429
701276
404144
71324
677616
718898
249054
746694
964046
441120
631938
245994
128490
646594
642206
770381
396398
897487
996561
748889
474847
701792
127370
591555
425305
321883
630985
692076
906662
143493
623882
119683
438951
791505
302360
435612
921679
89741
483023
931719
336219
581789
462886
379462
47607
967670
173064
639541
518581
217902
325439
878856
778969
319357
971827
677971
998187
498759
244585
262363
383359
638163
383206
762537
83358
125233
805388
225286
261625
839042
772093
566826
975280
665913
194776
794519
212196
865104
269144
341035
592037
686971
706538
932326
439508
684131
266598
24050
282402
192708
327439
667020
129714
826739
267847
12636
6500
938753
25409
641232
549167
257041
260833
899362
949838
201940
739027
936067
9008
619636
204633
352130
877434
31005
279535
271854
678726
92741
606142
552917
489665
314837
236880
692624
48403
665892
374438
440539
102498
789506
478483
254052
774191
607762
554595
353451
482241
438567
188541
822842
296751
366375
462984
615915
84525
277509
786709
666044
195194
796987
341238
613982
9189
657497
557632
750898
873132
886266
58114
792625
691458
596458
310132
574540
907116
40550
798157
657891
759029
226475
181093
903238
157627
295930
301084
643572
549150
810207
285883
748296
180700
206394
68783
648398
469821
649974
22628
188096
702226
626545
562670
140402
690715
431078
711502
976573
205463
224500
431886
817738
369128
867389
996594
25362
237170
848234
123531
121740
430837
966497
962345
957620
304513
701492
185332
577640
785363
590622
564151
77571
34124
623941
633168
445603
989999
527579
140386
376763
168406
408344
12477
594656
812791
328673
297420
97690
357185
803815
13321
642017
777370
751529
75264
727663
443766
561023
491966
625434
109125
242183
87131
524783
92321
264432
434538
272221
216281
562791
824489
686776
779297
143379
261515
237979
517050
202643
325696
408345
920541
22299
933656
574824
854176
769285
597018
838686
480651
371609
889927
771189
91972
49352
902745
637825
888291
514280
101090
662201
823817
926741
206606
963971
552392
25069
970201
709407
497313
69796
434856
297361
322512
139456
901465
986948
897378
665062
701589
266580
581833
399960
53132
179753
345219
558974
903390
747359
29976
577820
73273
570495
326908
570700
669141
605238
786364
549733
444333
814380
226056
148685
355194
424997
932918
795140
708517
933060
630291
412924
276578
490139
460326
672133
20769
454405
289183
177478
372823
55976
373554
364
458642
130462
419215
330193
324189
511359
160448
572984
996293
244936
520670
934346
219238
201785
505514
116635
398022
963883
305376
404566
464310
265828
681039
860536
907602
604979
310116
482596
54003
261048
398365
594764
531917
873394
195288
969629
653149
558965
947827
656673
206508
45196
941288
375862
227186
240848
678822
837818
943982
892740
164946
228807
738740
684519
382514
197693
419847
482291
169949
7546
285101
928216
638118
866578
148941
440282
10319
479953
850811
581056
273737
147352
613527
610821
603284
652489
881465
553489
988455
451848
973409
440042
609587
473964
400867
847207
812487
528166
502473
346257
297414
537548
302916
700917
22516
250411
556517
447395
867966
523315
756282
531626
711077
76469
291301
620806
512565
543034
812011
875053
837461
708558
769050
621464
131857
955738
485439
746386
532406
60800
401052
679596
312130
629135
536278
322008
465282
562960
592722
664118
472098
598482
425960
716338
164889
93607
824501
523182
163147
878839
586707
433983
437942
308137
636015
651608
764613
247154
348665
237200
483471
93574
782939
35425
118922
737648
246107
357872
310985
803052
935670
826814
681447
77953
697308
887345
898193
566933
508607
733532
339601
292124
517062
590042
909925
791025
40787
306937
698481
901642
874835
613533
290034
221925
886526
161236
225231
365927
941092
588102
96225
826110
583128
513761
27599
418299
545793
460471
767851
842389
19593
575213
362120
389168
603490
606627
562786
769779
3388
462405
115570
988265
5838
389844
675486
778011
244222
650833
130133
322005
886581
829488
958649
535523
592938
230767
306963
370302
849158
822449
384632
108469
91678
220281
966983
357677
260882
547217
698284
294711
737840
829736
170767
593954
908847
417134
761423
202472
409451
220812
150985
849626
889115
48767
21878
147412
246842
853927
142857
972963
360240
71336
156495
301590
148132
244657
824560
275793
147535
726629
902408
756175
753283
764204
316999
841592
252013
942077
459579
791833
211418
738494
329622
305386
791274
449307
761422
14967
722073
81977
925324
109353
834818
896
663867
150851
734386
90290
497220
215628
296759
363299
623499
390903
843885
256119
261680
155601
344117
915619
406040
472156
307947
307383
184229
999929
923065
90262
104298
931331
993197
278792
271877
172095
522480
277576
800736
251452
227500
495639
29173
655549
899556
218648
439973
514035
2884
678400
121242
314812
899517
18394
746477
680462
261979
831219
491691
372977
759755
560468
743592
571665
691326
517765
384704
143208
170554
492042
484839
781711
495662
883645
509569
810475
74742
591722
793158
928743
368495
464497
54802
46234
262743
811092
640979
410425
85788
969369
990942
871095
472821
928987
513946
818321
51374
134506
391635
534997
10757
749025
387854
728876
31083
47259
404852
742960
31280
34390
343543
752643
985195
133585
534830
22553
207699
190601
531588
487632
633578
425376
658025
351534
751905
263905
260825
111295
435867
716536
551203
46684
710422
840500
374113
4130
589145
319185
558061
727487
169767
607564
515348
369787
488002
305479
79730
828162
669114
223461
619429
780991
657016
475994
374344
217958
456216
332612
639603
235549
751058
534111
526825
376823
271217
290898
215810
94538
182128
351828
547558
898739
131087
317537
385785
50833
876851
333227
388426
848494
4064
448716
302937
464134
259951
774142
984298
95556
846864
748824
453582
418695
111536
945076
520733
533871
285022
858022
106064
453078
163913
805070
601170
104376
612496
953062
648154
459737
937116
929288
344949
132720
612107
635952
579510
440111
989802
302140
9886
115944
242165
192994
126607
710231
957355
185408
525495
369190
365326
950616
698538
46545
602182
797613
599051
971125
529763
212219
850587
211039
58306
18282
719619
877484
886351
971166
61750
428999
557339
5944
991323
680165
819467
897639
240794
794456
856300
312866
604415
226437
965329
924386
349071
577746
354454
238470
56781
52355
583507
505750
806718
764247
170884
767841
340200
785990
855343
105977
153602
384947
280624
75831
656050
389838
177217
30750
930906
3884
871001
79267
575287
355504
615622
750476
111921
315332
284689
116801
348945
437025
824577
479070
532991
756979
34804
174086
765270
814652
745496
428443
236220
938201
811796
858893
313935
849751
933715
653417
892905
350680
568485
598028
437620
56983
871476
53280
697227
340955
16972
578767
542976
525110
526584
878370
521583
208296
526832
64226
290734
693774
967721
136728
266380
110601
659542
43497
6323
817212
596484
963200
705680
464445
728738
581885
440699
726154
613339
499425
995630
810200
866303
505461
577690
463570
537260
135695
374627
590231
830386
624796
927803
753975
572732
843506
72759
79909
840719
248393
456674
78261
390805
285233
689887
385692
731736
692831
566560
470594
538419
384484
908005
628711
687242
556150
622837
260307
996664
832449
407028
840461
706095
894172
780202
897811
159010
129227
149351
933046
997737
660610
12193
508969
184403
691190
932595
318851
73297
674419
618036
958426
406234
526292
782258
115791
464054
319221
647335
203444
648023
42295
11193
383265
900604
945512
505040
776986
351990
683813
803406
616904
221284
55646
733062
776040
851112
4435
188762
291717
597312
619009
588867
592028
412383
318552
393451
586529
525716
905965
140834
218068
477261
248282
633197
874762
357937
323370
2526
403408
122491
931529
208320
726613
856815
457417
114486
922565
41107
570039
584228
890749
685356
289179
852928
459023
382066
200461
652545
511681
70697
677937
887252
481685
373622
837855
932584
498067
927644
847496
475025
128053
558706
130683
353438
369786
619477
372720
20219
620970
162213
418248
206427
689862
669239
995645
805532
529806
521953
62407
419397
828948
240286
22963
41464
526536
241619
98291
491067
184056
409966
460752
969580
156539
258511
911283
283743
295044
667895
198526
866782
702660
84153
119495
759374
878003
171316
443714
685912
661181
885116
455352
566419
452984
838756
27073
251887
418817
45721
998162
322535
752559
489106
346003
929463
481502
199035
992984
487010
672696
976106
164124
628540
895559
429732
912208
389415
75386
252186
722234
839776
484927
804296
872895
1365
897241
514353
120402
282057
383567
84789
495002
987998
801235
175040
269427
534400
212505
230213
433128
717001
807932
460608
990176
633639
169407
245992
100042
764684
983821
321891
923131
534581
701589
162274
977531
222157
825240
890409
242033
461052
287351
634072
480179
286315
676490
115276
255634
524171
931674
7434
901524
767340
439133
303815
472836
432074
716059
414267
45577
737990
425933
205054
624354
891795
38066
983496
984150
221399
557645
501451
768444
60582
510573
896583
47264
628324
137182
790267
230952
433588
113301
833756
921178
362516
51725
405154
192521
131325
766602
342927
300171
889595
471899
488282
687491
636687
649820
583888
836475
385458
857972
102353
725625
992974
959238
970407
380601
269532
190192
585460
117205
508692
343887
72769
365534
961407
389310
56842
622722
579102
221955
795618
163384
69610
236081
554566
462025
949545
269166
812119
952714
643364
975416
103449
230405
351550
973497
825169
549398
601493
367521
201514
961174
485782
229093
632458
346588
773058
249810
838363
810547
652324
307612
887877
136936
157009
569251
303356
623672
629414
482111
980291
3194
698018
14532
243583
348971
484246
533841
203275
102678
761355
687238
893778
712847
306927
965217
70155
751530
927850
51288
923708
244770
258757
536119
386926
388968
186519
539244
368555
170712
328573
155963
742457
216737
406855
596783
45975
939141
602018
3902
53891
896381
339574
116998
923533
799400
62492
768090
194538
467279
372946
520830
595745
582758
190812
721258
430580
693944
106511
98332
281656
144890
388540
493226
23696
535302
942796
56991
503019
676967
986893
721576
592570
538034
794138
241480
377978
802026
71159
711820
188170
78340
835308
585658
456584
779556
654984
661668
707061
574940
111930
250660
775176
954427
362834
678502
181956
536652
883888
671521
576770
957204
302365
752375
676899
340732
398743
9516
877883
11935
930949
841239
308187
469353
127773
278815
559833
720902
539289
65463
651411
891356
90671
621687
802689
737797
938755
869568
9888
761497
595827
294036
799405
844440
660229
805857
555371
790934
919984
655580
130724
950842
543485
844376
499417
905100
985512
910717
387680
485637
353208
199890
619788
289552
100598
202858
987315
861424
904089
519047
779608
498408
158039
311148
44799
667589
608366
978601
978249
865986
457110
390037
558309
790941
668806
267210
262862
259441
534918
235432
133502
916667
645552
473079
410762
759715
668510
250984
31319
437624
288949
357412
849561
185988
839497
223218
14531
234998
743885
968270
713060
313778
465168
673599
477643
459771
710160
830854
124857
544241
369017
55747
745663
361835
600746
357514
303584
521468
177799
246968
127128
986750
223826
399487
76987
95246
284800
926408
606434
966423
991192
889069
458463
477936
897250
310220
523191
68588
899185
384641
315387
561629
585245
592046
816484
324491
168561
162819
246020
658729
955106
203060
693883
745230
691233
832763
826104
738119
199621
722449
671651
52331
931492
478185
812314
514625
447434
640430
954344
405233
656994
755125
950643
364016
871589
755025
320361
417188
357487
357393
980504
168288
285072
777268
449236
179478
34046
311930
941809
428903
537687
768898
893401
842163
814802
941303
437119
894024
940825
511820
994941
998049
569993
675754
355629
997124
617129
220787
344446
261662
662347
863236
316676
369030
39314
781749
60745
897140
810890
187476
196060
842895
799383
953784
653606
274420
255793
843234
676252
793392
810082
173441
520382
964661
486794
643173
110736
130597
930231
916117
757967
477032
291115
98839
589140
406307
931187
763331
781293
763379
624465
545127
528580
48851
895960
114031
756538
76415
658980
711913
603470
993161
502311
710706
10198
311570
99565
905184
555694
841316
811014
329425
411533
616652
619721
431082
14587
790403
216325
169338
563698
905918
262871
350520
317189
128168
298396
665426
528164
671510
50895
114087
913616
952341
24402
630880
983375
582428
393026
858959
745531
927941
197981
995172
855312
512968
547891
895006
974403
339498
242557
366336
331815
787780
622271
130914
111987
149641
686820
303385
195715
504760
511034
21963
100899
257331
444909
615536
314070
169378
936472
625128
100137
330242
34170
166971
519268
316527
198230
475293
994148
392166
469965
378550
438177
18407
853578
570229
772623
977002
930395
366321
957885
378570
388071
849983
981055
565508
50630
15448
965779
950755
280065
218835
137855
130403
187380
539347
827349
883718
39342
420880
927870
536189
791043
887662
839945
281534
164765
73894
331353
361656
845728
728357
28967
385112
795289
723528
595609
604205
458730
322827
583027
807977
63967
80559
37792
171837
398168
664812
846651
853218
877111
945260
438460
588910
116484
403634
505816
179948
177373
695392
269852
867975
856433
937153
643300
469991
950273
70751
247339
677628
663476
146068
900609
154006
294205
17590
868565
333957
870574
596913
934442
681496
829113
939038
114887
460241
661426
23621
299858
950831
357170
413082
939619
932966
577630
854913
635694
6640
269025
13451
339987
86693
987935
113573
630691
78609
73184
625475
970544
962319
760124
359066
687247
974485
168204
924123
132776
957113
712038
819280
816086
853443
450911
495471
901098
791026
136864
17612
725513
62472
45357
574537
908985
419284
503451
224182
189055
539376
124522
251599
81163
960854
176089
148518
147278
697237
954603
925559
839369
905321
307668
810270
435721
85673
835750
114479
419449
653390
50511
785051
928996
664666
162379
149320
932741
429708
421548
338926
947212
504751
201848
607518
750583
370149
542622
724159
285976
628126
651617
720911
863621
80644
940462
573350
121278
268366
221877
496893
164265
320780
894792
661736
81557
113323
909034
781507
955464
937418
171259
447678
671546
292059
365789
260609
587994
359288
607851
965864
459820
119896
355478
700044
375085
508868
546505
798273
419640
100967
315133
308698
168844
679780
894304
621688
534523
660109
783680
322294
33362
718765
495261
504098
221170
534214
801256
332223
999136
372983
273445
595109
998246
227657
462691
188611
264244
531021
644414
38108
761628
922275
932457
790670
831117
97207
682810
931087
478137
935684
691472
183930
334684
375498
238678
907810
786944
771746
412902
218185
929062
354840
378930
221725
513814
445669
749134
577366
321463
285642
965842
897359
389907
521114
474934
19479
480198
787092
341040
284908
364266
250026
494557
864120
542427
942203
582709
640319
457584
36594
551674
108399
281686
425294
490099
183860
203946
77811
153890
678883
733650
43917
135885
859848
571122
961715
11222
527338
402622
939102
652440
970847
475501
776098
994023
643204
62347
661463
689156
418881
935462
831181
605477
515748
148005
66564
837085
108170
840927
156937
354866
878125
871157
937629
934384
66238
847465
229968
17986
69880
586817
630327
849798
724889
81976
90804
673046
374961
79634
16754
607770
238501
502715
405296
797564
943584
950793
324058
774162
540795
749787
623004
720560
318020
922599
887040
114752
899761
365359
293578
945272
238853
865158
977772
553641
981613
983084
266824
204029
259816
480634
464236
351642
942196
369631
286107
764636
401365
499480
88922
805526
599497
737920
424004
446781
196462
490215
58804
781822
77991
38431
592175
250806
420105
279257
519121
20790
922635
694768
819294
939753
828174
431357
474426
614555
801804
973455
858788
142313
666391
904130
343035
894313
611785
463395
218184
191950
109304
983269
771984
108203
975056
469715
785300
913770
853679
466964
960830
353963
463026
437394
751211
440993
978189
433997
554619
711314
389780
464859
427218
311645
738078
905576
107271
303079
458098
133823
368922
663213
392973
236591
119052
539645
459022
872645
9413
325039
424054
928127
527536
764257
679425
413487
337077
51857
454470
252953
96645
835922
889549
800541
909263
470622
187739
718712
57623
366439
367754
593641
979157
419893
594310
650296
329487
299462
15729
84568
162926
910914
901707
386924
39418
306480
120238
198510
178639
986702
304932
849582
794486
854341
561346
191674
816670
584583
790465
501093
95415
297307
266540
390682
357081
49306
1255
608806
807467
165919
932870
229390
758786
387998
827248
404433
403583
497713
893045
220501
31818
477061
643121
894294
940213
469779
159642
947705
205254
143522
687828
958246
76667
178814
671488
100483
527689
359260
414303
913395
324579
595266
420088
811439
541573
797409
913695
555671
490408
13648
74345
92527
700204
515933
193348
165241
873034
200850
820945
457926
530664
728212
916390
870408
894660
705990
643063
429784
899259
121846
94878
525521
620449
826834
223654
464507
936275
142357
549836
281350
756410
611213
513455
949409
403764
912606
912301
380396
588012
267304
582431
274043
891943
536607
217066
831006
773214
29603
536774
138982
511958
173573
925939
764560
315153
342153
992377
265004
38300
903955
211007
156572
549086
870331
574943
998014
100656
684145
80551
385052
616064
903660
919989
93847
486421
993708
453114
17672
102372
302240
381711
506136
854416
249050
145488
598363
14339
241718
920398
156099
990986
587644
887280
300468
245912
544235
815310
734571
338122
538317
333799
526474
523170
979378
784498
332624
234598
44123
554663
444073
658131
47076
289098
299885
53425
989629
335865
816941
837304
513238
173527
150872
852068
542501
783694
967103
153251
796199
806112
662194
880823
260412
999393
668425
811699
645844
132774
532307
472848
579603
427554
133895
20273
634805
909316
180602
931675
794509
22221
947058
827768
635511
520392
223461
999640
92094
309194
353108
393378
477006
327188
162402
98164
204352
279843
581213
831395
758272
991726
761757
53041
928729
759250
538626
307889
847782
128551
811942
469939
144378
662069
529754
317452
674893
620130
526582
399080
538653
480961
799036
101635
21385
136544
392559
55252
436085
100096
600329
924721
540881
451678
564342
424173
641981
948380
514913
660800
544258
30976
438335
759718
821770
129422
992700
215681
172091
413633
48520
820972
805906
794902
682451
137747
633115
795034
607079
837628
559463
902993
477696
842114
390198
859244
399699
49604
41324
191242
580773
716038
837119
991778
844144
420654
630725
208386
620375
671760
239929
853551
370531
477232
699355
733486
73893
252369
591319
423165
291558
738064
270194
220644
19500
394975
468018
918883
162482
854290
727474
763574
24418
179174
575462
17296
759089
802279
936312
131103
505846
289024
272293
10277
457892
355251
535375
875583
672986
503388
918059
416549
130398
758825
544543
732271
812664
856257
842737
967429
846349
92475
902487
938363
83774
916727
330655
692725
697451
496536
562573
230413
966955
371758
227382
75928
943799
658955
25446
820588
842530
771640
154045
583202
206472
743570
143606
729494
76569
193171
590624
219696
694607
531432
991644
927224
567139
492701
129047
342198
954684
727762
752768
422703
110611
706636
825818
34377
748966
169052
772431
24176
560723
577298
411482
76955
728548
767503
772599
772006
115600
704505
888023
255435
494617
898485
427633
844376
42660
601837
511182
751378
237690
993575
741496
166004
827889
869436
451400
807152
891908
911031
911879
463631
866176
338914
679113
737975
38978
418136
905068
338419
366423
356610
456153
325024
957846
917289
872992
700576
633887
160077
517134
130352
21777
234796
936337
354097
651255
992538
152110
588329
58775
58891
19900
688959
641317
16044
876131
101395
188639
42643
790807
525425
579507
660597
550605
642349
401107
519699
164289
748240
813152
624005
291242
902082
958707
944689
350320
252938
767990
943802
605784
353564
443776
80195
127912
501496
244570
157516
92355
431784
468406
281814
157330
585423
302314
697739
279506
364022
47279
337202
24735
197114
315011
384843
229065
462916
354336
774072
259125
404535
706888
468461
683396
75471
174509
876977
783561
940908
638862
78606
965579
140717
971101
946619
271204
859831
954543
114195
875430
720609
749912
975948
696540
202823
247073
495033
661599
825018
970554
402234
357441
856441
487536
680425
890840
948369
227957
914962
133919
493181
109685
725673
118181
108385
260669
380340
336290
920086
109000
669941
397274
282929
928333
127111
267526
467656
511009
982330
33062
636174
508972
785814
870698
335287
624169
364559
757663
485251
236353
105420
684422
563351
757057
906528
184186
746479
842572
472107
282643
713393
851147
393459
73979
370746
352489
7061
141702
837096
371388
671259
389807
775557
766579
713851
12108
280266
763030
823204
984216
798845
733075
992216
991079
824201
985114
229096
188477
809436
950530
492897
812480
966651
747057
245458
613224
945838
91476
231358
769063
145422
989600
922936
712947
198270
369422
20555
510021
664367
188353
515060
843380
263203
169142
16695
387946
394740
648327
40564
805784
831628
905217
591718
778022
465249
655060
523347
669449
352562
656730
187148
895703
214022
637078
637128
48937
59986
474300
957287
394727
177698
956476
526225
708114
374495
198693
850178
493506
715118
579754
609659
593214
963352
835559
551194
138556
755750
854882
282829
917259
714916
517706
584857
495742
304054
357319
594824
233639
151846
202754
484481
988688
805172
63348
565199
600096
776252
746322
326536
708593
222997
848817
377505
577621
211098
47836
612775
921547
360743
412817
865286
719403
435415
692945
766151
602536
774285
465014
704579
170903
931670
292186
984031
326159
59220
488254
671859
684952
909080
758608
445463
559213
539258
581089
600637
531779
608101
329940
960449
877076
608558
198381
78113
272571
961558
941500
580620
72208
922594
2505
689031
43190
303158
919383
216834
950332
601245
515524
211311
434775
827227
606065
40907
290840
80558
991628
60598
557600
548276
649764
569737
193388
141438
540843
503004
879938
299363
934442
846317
228688
504495
469201
403366
503747
329091
449426
751204
173386
99472
274045
226862
816018
555820
132507
180742
964853
959759
454383
850038
705541
979387
988286
965088
224651
897978
267352
64948
952692
811693
75499
462721
456508
274820
715295
597090
905679
760470
756563
502768
329293
713422
114320
931978
330908
382534
857397
231489
305092
656100
183168
182087
411702
680449
940665
166920
290331
78976
519323
990818
11988
251635
371920
315976
41065
533211
718673
947722
854280
451130
43119
636554
874662
560455
974972
488432
436008
293257
722142
818925
78017
551752
892293
755818
853043
797317
440555
668812
976301
258544
772141
649640
39206
112238
483816
322119
221992
389083
109325
554988
220461
679558
587363
209554
409892
737897
127824
515184
813291
705453
847318
883039
253815
92808
505993
327439
354444
41052
204707
450537
578564
788388
987880
174634
955538
798871
134424
377542
639126
644881
482898
931012
385470
304982
673232
323349
380460
365945
642161
101441
734347
183063
66862
119635
503386
499142
699301
947071
756471
803931
493910
357062
225588
179080
322055
739805
279011
631613
744236
723340
521297
867912
572648
980110
501590
778443
572127
609234
613531
460134
221446
937070
576461
425139
856898
482329
2802
590285
231021
611817
221741
694723
289470
644117
730083
972334
765023
547735
587177
156261
553138
188958
928116
895742
584664
301522
900854
320500
32239
289382
987314
974816
876415
436378
646618
929144
638779
923962
6234
960379
847806
545689
103074
524836
230585
846020
517562
994868
712276
847180
231390
545172
112986
804190
123940
257021
845398
890227
211726
139191
580800
249039
920045
155326
439742
899097
947771
765232
396737
275615
40344
386818
148964
971802
727428
63135
723302
27399
780989
708105
842349
575330
190094
858411
219557
550183
943191
280687
245013
292161
48349
930913
652401
477660
343772
946209
205212
693993
726510
249502
757113
358725
180967
71309
562698
367457
946501
406976
460079
497666
721094
532335
751305
551476
788691
451600
69764
69293
401438
255868
764847
399711
82651
500253
973119
251441
979216
293751
790770
500355
327889
848191
312396
183558
714818
105799
270395
864476
53867
77797
561769
508564
18218
277236
12885
349849
928774
558780
952352
216473
543600
741105
671497
448380
131243
744605
974866
519899
936832
887682
606133
526951
45178
498475
11379
432258
727357
348057
840404
221426
812790
29546
355548
226351
909401
155020
767167
633127
998967
340464
831413
518238
800476
916352
503384
27272
865734
923140
979358
962957
874868
575426
47498
99336
246245
124682
87991
200690
557397
751453
309777
262977
452017
70668
127668
234591
479522
603493
335504
639386
473106
61048
221779
180179
173375
763468
111605
641096
478142
816874
428684
193342
78432
908072
549862
405944
625350
910801
122951
311141
617384
471602
886984
238216
93947
439798
495635
752960
937993
370497
131441
61247
387465
922236
402107
512234
603401
213274
133382
133090
718596
836511
368875
103581
557036
792170
769081
823032
806793
581572
994537
118472
804266
630853
337317
405125
934710
775780
826235
413458
270136
914728
639252
919341
875221
603252
705034
639086
433204
412197
865255
396015
790788
300469
286958
999195
942860
487603
354844
896830
978669
782786
332186
597621
960349
194601
916114
240291
187685
709583
429406
571908
639315
616
683663
911846
855199
805137
918450
516672
102039
565194
936259
857694
538465
35147
134790
293062
762371
262787
993959
926761
891017
606868
406877
584428
691080
670717
95497
265778
170544
40963
49554
838993
646873
53362
528711
694721
292998
441033
437010
292702
320536
979832
371525
40607
529697
302652
382064
455905
704836
422158
429495
250992
506816
352307
402740
389247
619960
196987
798156
864056
561894
639321
411215
844069
548875
489942
896256
814672
820877
308469
779884
24975
509415
152711
317588
700340
568909
359722
369597
85766
188004
150608
229798
113566
503505
601365
72435
117405
596836
158705
858748
834733
874617
338087
421457
782765
498647
767720
406592
453109
131889
644490
711720
998699
466119
457406
617693
999350
186177
160278
785994
347973
551467
842333
21708
155657
326934
887046
919780
92221
411061
383397
433206
443650
974442
555369
937269
719789
521006
850131
872988
189464
244307
488022
740612
345185
107054
184709
978132
698157
91201
44288
671803
738740
617983
680003
236892
933966
538754
534877
565369
713352
323782
507027
712008
581604
211655
658936
168423
781657
732195
103096
55025
802104
898814
679877
985492
946595
929003
316787
759000
871368
655404
120825
247748
377435
786961
226887
254369
86832
820309
183979
915168
389687
161780
149329
737121
105375
793265
743493
639203
136243
684110
946379
133626
839251
411804
487102
376848
51270
979041
691070
793333
703931
360033
933706
66582
488245
211252
28634
473767
679838
233069
151249
846229
769471
688094
772992
44263
76452
207457
591297
745483
887209
170420
536966
598158
925247
661728
336209
361456
718232
893906
940302
299852
727261
42804
34904
611836
50761
865692
546655
880841
747709
900121
16496
405963
148105
671290
37110
674863
154571
361788
262679
606715
226679
776
691613
971933
862929
792788
577311
991130
481391
204449
15678
7410
886706
681157
646403
283748
33712
959432
214836
247358
854450
313344
57198
273470
256792
707793
437236
967015
357363
298428
911599
834274
587177
183916
981896
543077
119859
601133
590585
454295
879257
928750
998480
108019
713703
338755
317174
800447
609330
942507
14012
23261
194779
66516
251359
11486
838108
493539
193716
154320
774152
505467
743056
535221
944340
552578
664179
438392
947160
788876
170827
725758
248729
722515
879231
799574
662274
124829
582927
60365
449931
241321
368364
3678
259308
107047
849702
677116
238173
259618
905970
89386
691155
137665
22129
200098
526944
512268
436144
762733
13977
971429
913951
118167
680652
48225
938463
249406
376387
520400
597610
554052
427381
373503
144125
916086
842776
270435
829006
781371
791330
514191
229028
121309
911439
238994
999746
962363
972473
996260
287946
512561
17571
719369
78047
563462
743245
41861
595737
772471
440500
253838
977190
588529
175504
819275
912591
886029
755868
922751
223882
580739
42651
374532
748495
246960
236721
784299
971826
986327
802769
659117
576410
524235
811437
292034
111310
314882
911038
825585
143345
575425
414629
90132
819741
398865
1330
272956
707578
165652
996139
771228
596715
903529
546800
252047
839010
251055
579392
75662
496507
508281
687062
383461
843221
552359
645763
46782
520935
581050
327499
132879
81723
231522
105308
759044
16859
857670
282522
993676
777985
517913
61547
496155
439759
92723
454980
834019
804872
150755
237874
481478
268067
529510
956827
199318
117003
638167
115311
552939
967973
495783
103378
963640
810394
893364
181683
496262
118156
884815
339537
359722
282745
866280
657995
193649
778329
818656
244004
761276
706830
803808
374072
798219
833996
763119
397608
695197
634944
936490
714146
797947
17114
460380
644616
890159
718233
953285
140833
665623
793628
964802
784813
347559
703570
42266
215382
886780
614147
143268
700581
822813
91953
116892
113237
329661
676886
744274
486659
210597
193894
110389
644802
87914
179547
911543
425842
738087
404257
667569
289241
313900
911298
80629
189365
798178
507914
963345
543357
225225
847238
371907
726633
584739
667291
769019
377589
65151
647960
907979
70114
965340
281
336585
163570
595522
290844
134168
980399
912892
723820
20515
974962
779099
531727
406059
502244
258787
172985
947101
25051
926991
743559
363000
678968
816892
775912
746796
389230
945295
96339
332198
735849
951193
739151
951373
839108
869577
805046
125680
700155
261111
584746
497168
610575
412440
910697
649755
103405
303710
361122
65660
599122
601592
402129
471891
965242
153040
498366
469817
221349
782844
440343
165662
783428
378847
834044
392373
751593
551060
953882
978793
760091
775782
659524
125329
503362
144440
934763
228777
692002
736388
451109
947061
879245
468924
723367
430891
844158
572844
243557
859132
878818
942373
999954
473425
705514
181847
429822
911882
851933
264167
176227
170599
551130
582863
787887
450460
908198
603496
67797
936722
187771
966156
797614
297211
879829
658724
216305
519121
486301
103244
829143
908225
201817
129917
521189
874663
24729
489446
22598
436033
469892
711970
626745
112473
507419
2959
456525
455161
270464
436121
432621
321330
566617
283771
520351
953629
646608
234251
594562
226245
444886
738383
52701
437325
425443
689637
43238
142661
511764
181184
121460
483496
943835
273847
276077
205553
822219
499977
863811
755917
620956
295818
170350
936535
255270
100386
562639
485458
588423
190399
333690
783093
546474
420873
9133
734878
29366
874048
89644
330068
80805
349640
220457
344487
779048
46339
25463
765548
744308
166003
970135
599782
670593
485897
442000
177031
508390
293245
174605
355364
92046
43500
467917
893855
368202
34826
439012
788174
206490
551741
196081
743251
436547
952103
55794
705312
330385
94508
528163
125770
503711
289245
470693
886955
407483
627391
853761
102865
405242
428423
902192
511256
747644
482953
31933
481918
653834
772983
656564
586380
164049
782357
59043
586425
766644
134596
925546
731275
338178
936696
394261
317896
416864
376930
376046
985481
542440
631433
330123
921383
268195
399133
954031
89131
671406
743198
572652
542778
34190
241858
748388
537777
166816
278366
439386
467818
587660
285664
102782
332742
552806
980805
870682
824299
948479
317703
966278
966677
545723
871799
250542
673963
495278
198506
238355
468304
602149
964737
452866
861452
674666
712651
841607
916792
226203
499232
303533
598319
768796
479607
39054
411573
538421
81072
542058
386219
953671
122584
954351
342292
451039
315099
409545
109497
328725
837528
730601
971245
27283
880732
881118
689101
897732
191831
629652
940670
492992
771827
632365
543078
45393
375620
572234
662915
519867
140872
52230
388283
183282
188304
481128
345382
877119
517474
170364
842769
801835
502365
215665
69935
846735
489575
148342
999789
773197
27442
250607
390348
901344
125524
161800
552468
707479
613610
833616
489088
27422
288517
742887
387288
628494
643123
485132
63970
912182
373378
629756
704604
783812
689491
102184
13318
627592
947378
213485
967766
655401
12985
548555
704814
624510
650510
903467
751318
832541
484151
282788
619029
987769
70018
950969
982203
967125
235879
33570
567065
368933
490046
808071
856600
745132
196500
280140
630082
579498
80253
551223
186976
172059
597591
785607
127127
506424
156751
347024
169679
526662
54831
491943
898192
146822
467341
482880
786829
529078
127882
616859
433728
777080
421592
735092
633686
374061
478644
760133
291413
247380
361574
110331
314742
496431
996341
95639
662365
425049
405056
909772
160611
522339
602396
171240
783861
489760
438695
373935
272890
805024
387930
734814
68449
717468
600718
63180
76775
461212
989296
858432
525251
465708
369159
788817
938543
785237
133471
484848
910701
165674
661035
747207
632367
459270
613989
594293
706763
296460
207119
758799
24973
350542
139760
619712
273583
660945
673226
560282
727377
155786
485878
59301
720082
794884
16409
248729
911968
724496
57438
745414
806991
117862
613030
565606
244401
221206
131835
88687
589764
269250
47984
348583
9275
480455
785605
491929
499538
965165
635964
63064
978485
272568
797138
945515
227522
441501
431887
386177
646472
217594
358052
231222
999761
514359
651571
880039
253882
468024
67249
424172
836825
116687
21086
586795
445296
664309
813864
641550
198545
276529
306322
741027
430386
240594
721984
132676
576660
934374
895282
118080
561472
829995
112571
333683
792987
185874
422705
267703
271171
197850
287601
184762
840429
98431
832623
152204
366905
589830
979942
813694
620343
787353
428762
158471
253632
722062
639229
333820
807453
388695
270172
788489
493186
779751
261017
823324
926928
958377
167778
998942
153420
550768
572451
802819
152652
237202
114567
674272
893436
881055
440069
678979
751903
966544
579273
659981
876821
572556
243693
831455
305935
589182
688680
906649
918662
802136
525796
570826
101174
999032
740171
4573
19482
692494
414734
864413
288147
255226
431498
454008
124121
500091
945652
740545
741095
501679
446211
940439
357115
506355
764632
872231
760133
756458
428542
270214
824035
855901
39648
146961
426004
160425
206606
828081
150778
488441
493893
791263
393084
836065
677577
694902
506586
854542
217940
839112
801269
165801
310177
26284
239986
897093
14821
704219
755996
64963
488546
457671
87430
710299
657522
249797
421403
200934
927703
485326
915212
910277
853016
286069
477063
220196
188097
830167
23521
538730
393862
77626
244164
836275
47341
333968
586053
794251
564753
388237
279275
584593
828540
404139
239478
592229
947680
526070
271312
432570
305081
556948
772367
907169
73174
273257
290165
174414
773498
477528
754762
275879
524131
532149
650335
360852
786609
413523
536389
776833
980002
443775
434666
215902
924824
616568
963099
840501
264726
174022
220312
481511
18668
572335
511671
174143
37682
252168
50876
642389
546965
908903
890615
849442
501389
696848
916450
833288
161155
511982
967150
55414
680714
351392
425535
683163
673925
895137
25206
700507
570112
489455
658055
28951
734836
21717
940331
351966
343420
551694
574999
383995
797215
164930
334065
764499
405599
873376
121608
540637
172429
488754
417426
148575
652417
119592
427542
32484
148318
256152
485219
285393
270541
879643
710662
683507
595074
201946
424730
666607
68055
904831
721519
685413
290703
759069
593483
244442
784905
811621
707620
945764
778013
221633
419247
168394
332541
890887
226079
66547
97393
410175
98564
69636
371744
100875
604224
807536
478782
578012
927712
233008
987351
19672
419832
547946
304765
481620
320961
77408
500184
33091
440822
80454
178313
661178
82960
293630
580941
529460
982780
173487
889749
915374
615179
931246
480711
398567
779407
52820
555619
838369
791524
901876
700470
414156
391973
313378
745450
686985
424384
764273
247543
747565
930171
117132
992526
860173
596459
24346
965570
662796
787304
128672
74716
217345
835177
228042
446672
230478
436404
163318
898556
354435
599013
237978
55995
349980
132182
429318
149051
683224
567349
237790
597049
138081
489865
858362
903042
130136
943842
173106
441935
903781
74232
223756
929739
747988
504939
292677
977826
599473
569537
291388
871040
716435
553098
702557
728648
389606
396571
944906
876280
336667
571412
787694
294791
604173
140099
273036
335192
182570
610931
107645
611253
420205
587634
672751
317068
321920
857794
664461
91876
161919
840399
385121
925079
893172
820699
763569
513125
251727
187383
837431
756681
328418
161776
96650
431873
379869
220019
358727
908230
940006
954077
204650
362297
357651
401847
181833
304835
322196
245031
646923
562487
669408
489346
163157
400898
929462
78245
195777
164917
40187
31817
265568
98189
415963
518311
676439
708595
437762
441298
866724
92347
289716
974681
988508
454921
931810
276380
179918
988744
465428
198457
599332
746091
176772
575127
921855
283526
614980
188303
87890
563700
734549
504919
839782
176720
194668
210397
792007
68517
287751
585698
467623
668666
389606
846475
8139
480429
406286
828047
108114
869528
998421
252283
320088
901713
697730
291784
995861
350451
946581
933420
641272
773731
496313
747448
407177
355865
624747
400770
381635
58644
236631
56317
595616
658871
568122
41315
903816
463081
815980
457825
812562
837026
867137
131599
644923
775392
145390
212384
277217
156935
713011
478565
751969
599828
857884
93518
823559
960071
313984
117751
777946
462219
349149
687027
222168
971624
758575
184976
611023
718205
230232
575334
642604
842479
346028
934871
181753
426166
406173
576535
560704
925771
719814
630881
746204
721971
362960
983443
258927
979179
91657
777024
334039
332435
169830
264638
962848
284218
295697
547233
771384
637749
685171
733722
935084
692978
164862
159303
415701
773587
808798
254777
813235
567169
722379
425273
160016
406465
408052
562370
203456
948693
483426
854744
751917
822971
942807
128728
460479
288074
811302
752156
710584
67248
873644
445164
967687
264515
769911
668798
164749
337486
680366
773213
677730
618366
444513
88663
291690
875068
484126
934732
294019
806511
268273
118360
149484
744374
910812
619287
936853
555350
456427
82228
130402
102365
961070
90852
86891
34263
383952
980096
754858
213901
955158
645377
703040
809208
405847
10869
365378
691531
996343
397391
750825
110398
477199
430961
745459
983545
989231
34295
788043
570023
614164
90464
59558
725509
970060
2638
168246
69798
469993
523839
746657
530480
892478
905210
350261
42830
593268
480655
755994
942762
366442
974750
493625
905755
912338
460274
760057
301562
610255
954196
766086
811277
988419
302605
357525
693280
310009
859835
548112
490751
152009
324702
29403
373449
730582
642603
202472
967984
943846
86520
373552
731616
549931
350200
258915
860948
913340
435278
767815
461078
340665
852701
406300
374003
218273
860260
750688
218863
129883
984224
831594
618891
114345
855337
18450
567405
598723
308553
981977
648871
999466
626914
827076
615496
586545
67827
506179
133991
582782
943917
450544
448513
761272
439433
841800
944538
125582
185924
594086
62898
171256
471004
560265
480540
135393
783837
900668
275961
647908
148669
855057
837054
593312
760176
705524
535171
966833
836043
323600
851219
421249
339225
746215
546375
201728
101810
630801
315007
430491
982621
230660
894122
578083
71782
914054
582973
855825
658379
399960
186272
307694
247032
190427
250540
921423
557696
275277
240921
709121
690586
292600
565424
27225
855821
711001
322724
976725
948623
429168
581298
616153
193016
332738
373586
185357
160199
345259
92852
635439
871688
883824
813243
597621
975773
134506
960754
890458
975075
54761
841356
661999
627724
490776
736160
801986
424592
913491
230701
127714
76202
471491
216127
246080
1332
603281
334354
142886
688745
39624
636665
590341
553750
536839
294015
338692
458759
821027
521876
947618
494384
307733
142852
275999
695198
7564
985434
704553
891214
349213
996695
817403
395085
207072
282476
835070
880735
973849
650657
724878
707402
51853
192191
743622
538816
382111
330290
444969
485432
573322
334089
929191
986012
957507
844577
951463
854621
219719
242852
442454
254878
945854
744330
144864
839548
136543
976046
187719
567339
263431
922935
823806
645722
141117
556837
851328
501084
38518
341669
336807
987212
430065
509994
845422
120816
614290
407134
371706
878680
691988
118898
677559
407604
162290
248744
322438
726790
653794
191546
945331
198103
540623
698726
880697
448217
786859
677535
969256
135931
115837
735824
942609
576541
756262
987538
789741
169722
115465
932326
111886
487486
983714
333183
599954
854487
245633
611225
15423
614863
374468
639761
228941
704466
846784
358377
166154
433193
879525
100939
528781
720398
719811
873357
894659
895926
942199
241209
740902
555040
351771
735135
217374
756533
559678
607820
131192
93756
18740
18445
665647
122405
511137
481430
193315
813349
990277
367014
84033
967862
777594
617509
823247
931655
58756
868705
709191
240232
57477
181759
193810
457569
556351
929261
655923
463320
246409
856692
759752
920087
837391
784392
479786
417772
979627
114747
401540
161920
9944
728027
363827
454029
128066
282665
571389
128656
52312
14858
773810
509658
59894
106606
617099
70362
147401
227744
12830
439706
78433
644548
118512
472134
978007
183718
192984
631684
14578
635704
715974
812812
885175
703959
49079
686577
899245
649469
601248
182294
136812
584056
171529
547058
952011
401286
297145
899208
409962
702803
922045
663340
462344
336788
668984
654144
948540
692214
728763
840717
730469
264546
319703
287295
544107
664573
749175
592973
331911
496696
882916
161847
276227
189384
706468
499991
790000
652031
11616
536521
875074
798331
385083
643534
570312
377703
32286
720296
503250
790590
197466
371586
977339
783790
500392
271965
28167
983143
323296
312631
280797
703222
189162
582141
797376
354437
103553
241901
898050
953818
384366
210409
841168
99386
557637
280287
623505
355217
664938
341719
989675
432030
917031
101894
42601
32451
930728
866788
400788
165296
120636
398069
403630
316942
949372
237646
266587
57368
668387
376624
62682
733162
237773
199767
260007
97482
187874
678470
797472
711902
332086
599020
780291
252835
556424
482692
644530
305467
19757
188633
595355
628401
624627
449933
490480
303481
417651
19807
428726
212195
20161
24984
551754
572052
665362
957498
994744
269202
175222
517373
756544
668428
332478
36631
490523
937041
735577
885869
233827
710309
964174
352097
269553
781312
532017
421156
401361
385814
673645
339652
619152
294801
929404
686400
171884
881303
670561
200739
871003
612988
928325
434603
586522
444532
525969
36488
697347
794033
279778
900020
793168
942315
931621
998293
920714
572028
919730
267955
541186
588301
540798
337734
944333
786616
11333
557730
629885
32419
178917
217923
37474
180867
946401
562542
795805
629628
373814
245038
304615
927093
934539
390791
78548
119676
839277
264343
132093
641238
592209
505168
603160
896105
321215
60868
379949
663074
394922
203262
124078
63856
519759
794274
984871
550090
199683
409676
268927
12396
842536
101547
770733
901788
828555
369402
439533
788153
707774
66439
987907
990721
555644
911722
193528
835383
525227
548718
297963
800175
207689
552299
640211
10495
27744
58074
33173
927748
408558
553635
878030
392543
737874
313059
961414
52473
295709
389884
406942
984187
441714
566867
397587
324687
552617
431816
396833
347721
537937
665474
235529
759195
852970
646929
862376
919340
935296
705970
822352
24879
577691
492474
445597
127914
339421
239150
323198
99040
682570
281726
321768
438274
630368
80279
574326
878132
166883
227708
837905
320356
855488
486945
402025
907339
790180
927449
877384
604385
52879
44063
126653
447222
855586
509532
802425
581497
422078
844481
194337
263557
824732
695921
856783
309642
133423
503153
593090
275515
217300
795714
793241
551249
114911
818983
364979
304406
36186
536912
993600
814898
947726
332643
691188
991762
684129
993127
417545
22698
85320
433560
605125
980034
882743
799597
829530
585576
101292
750671
836625
179385
806198
306507
260611
21051
422547
825726
135063
713040
670001
190520
391754
277458
470296
641613
991806
76819
966616
384070
467057
448839
775425
150625
544586
305144
525589
93911
519590
474884
562286
931588
540297
979327
159443
903234
718330
706465
553823
964203
59304
762267
185713
556146
192105
741106
152645
456016
526809
915459
585409
515833
384144
437142
547559
811081
44325
565339
869318
619278
422122
849854
213518
655652
732790
467071
130527
995352
349131
619677
738598
186939
765356
799545
372410
639398
980562
411174
237944
771869
495804
443579
729591
907494
853434
260881
827327
433488
824666
799127
666193
306091
714766
642751
948615
451819
149334
394352
175459
372076
429200
932774
953328
506949
834958
798969
114037
900734
75412
143568
887790
304128
950613
203393
168794
977080
727606
101011
721274
114598
546691
703760
252004
308844
57912
190922
754387
899044
829769
277440
430667
95705
156963
789025
363983
761190
877063
967560
953990
264193
817188
138864
136002
636377
984668
884753
758926
925447
70004
806364
279365
304602
790340
478017
189948
893721
635890
960831
963114
392378
339019
455847
398123
708295
787808
612257
917160
259093
528864
434007
285864
927395
489358
292633
572430
165125
2668
969308
822711
606864
258486
105398
174131
952275
59152
448118
658704
929825
178492
381610
572351
866006
375747
635023
10670
482901
449658
171125
769616
858321
195565
913455
932879
411038
68437
82324
661472
149347
589233
653414
336578
681676
231283
359439
452936
919747
126906
875904
724860
678103
274959
563728
172883
199303
174127
68865
104409
60176
940354
657265
193985
121351
627021
31534
603985
475407
3787
203810
835652
202966
573027
700876
966844
395613
549862
395669
170714
152216
825199
132987
554441
602775
867680
441819
399134
387753
666581
739214
335735
460386
998906
924206
279463
245201
633760
218017
740953
858934
329730
882528
98656
95725
269066
932527
617229
956391
141897
285777
325028
553374
121261
938281
25782
591171
299036
464890
700905
928505
101032
642435
198970
551345
131934
254946
531404
464933
568459
314262
541886
433139
260184
383154
50573
623524
795980
811216
111437
177789
189365
487762
957745
993292
188342
877431
165557
390275
166452
60726
303950
269688
970405
179950
209716
545644
497998
414615
541057
235699
574589
586157
683243
765976
955340
254950
643456
18494
19070
962831
87343
266517
415073
73432
137177
364507
467833
744327
665144
23945
160605
194785
276634
516330
875811
977958
995956
591610
99650
213393
916602
873094
987644
816572
289499
455540
84202
454436
477759
389996
35772
172236
215627
639874
231779
777690
39303
858531
403879
947910
569134
226637
27322
128176
107649
224494
240291
894686
960346
260626
583537
160584
486581
240096
391044
896848
307627
142663
119692
927250
664266
859719
479039
259437
805610
591199
572459
802523
973979
599377
250305
542364
590159
268387
449087
987027
136628
735769
663233
777607
734119
450847
609478
996676
678043
336109
804903
242417
349467
81258
842940
900139
157753
582071
447401
640194
690016
653160
983179
891310
298731
243274
291717
469363
98727
133239
184055
169639
532687
240291
532230
233780
653037
988729
581562
638676
76386
954357
953617
424705
272103
112878
281728
933965
977812
956145
604718
310591
54246
678626
768102
27835
593673
158909
44663
284149
246964
55466
435231
234883
39055
508629
767204
747231
726498
557183
157776
491575
718089
15681
306717
79924
375254
360673
42999
642493
862513
273621
394469
650291
751880
946597
744312
313151
66945
345300
542486
143981
457009
214719
218302
891132
592957
632513
480093
378656
649163
959907
881935
324419
678017
687
47761
605344
73239
297753
920579
835874
696864
59316
366658
638079
391645
432325
408207
988438
112205
883789
511991
642232
562503
397618
251879
205787
5500
13812
565496
585188
878613
607525
233318
303443
568848
864591
725849
206697
477709
60975
799941
100735
966135
671768
499978
628236
786857
732800
59166
46687
750694
605912
784239
914843
26487
542913
970106
42368
38663
259523
831791
485943
324731
773860
54325
681867
209940
488638
639398
742978
107002
910368
1421
306767
404475
412335
753243
389616
68947
964451
853781
333488
208754
949301
638429
48375
959396
126162
401919
589403
3899
30263
573014
871402
532340
806377
888775
407133
426879
57398
129760
303043
183391
395402
473944
45497
916033
442040
378846
178364
562107
931729
718148
942343
489073
106265
401265
630252
353134
725162
68655
481974
421408
386436
837840
975035
548048
515086
834945
209056
839753
147919
560984
323231
539300
577029
213751
4150
425593
414836
479283
209287
857036
430714
777770
507685
842299
621548
447035
493085
862522
528345
66806
960402
910085
684078
713322
595596
798776
660598
159569
762140
855180
323734
26198
780509
659764
80861
112592
706412
666838
186235
390671
943374
2750
340551
140937
430928
253832
478813
596140
891091
323059
659219
657502
548117
402882
436564
366140
364832
727819
957234
242873
930607
457064
596965
972941
26867
349521
81644
87169
902426
586935
461232
775439
222117
553913
728532
963539
901037
705454
774710
449726
722914
108622
243231
417425
836067
836732
968621
149898
946320
978863
139190
140754
408777
668871
260682
236938
924849
881776
751468
676829
191263
675784
608939
653715
637341
139885
182986
230356
658835
30944
27806
845985
758201
967933
115500
706151
805477
754302
587858
873262
294488
447118
513688
764981
363395
630440
290733
230557
860791
513636
931781
62464
305152
674996
944817
38566
803613
491416
824037
674442
450277
96176
729548
304391
10419
295011
190432
117268
878148
596301
859990
719067
760626
337995
956245
248340
105086
817205
420215
108967
936321
399890
55999
74545
964757
86866
21986
232120
507571
169304
884123
655848
650302
887754
281968
392616
398633
409785
584284
833453
676338
819232
273045
10889
341967
981700
663728
594435
377654
248840
9456
91781
791698
455078
93823
221170
626845
73618
341553
75465
376687
679918
8038
730688
803048
8683
222432
987033
75498
659310
237093
108397
840443
58164
740056
665817
780905
155220
849600
175831
938042
932667
158863
667581
259733
316755
231757
618695
162819
647658
722209
846976
246728
793674
392005
994749
413516
109066
757572
930516
284425
872038
930012
560335
245185
684524
562585
135199
321197
953568
997085
490158
390137
818426
838465
337232
324255
311165
357955
872784
153050
606002
879917
186599
488125
360982
753184
365234
336410
400954
542275
222772
311576
561
363373
219826
779609
931321
117601
221504
977815
659476
230155
991840
573571
992362
799941
529543
314522
176588
254917
597997
234528
736073
763637
294024
544463
499390
746097
393183
532807
622058
486454
36766
288956
306913
626198
487460
643295
115130
774954
480491
93630
501262
800809
674276
445128
139420
876618
688577
966593
22833
75610
72390
207055
496613
554152
96668
12483
939348
909121
799706
554868
488677
452151
558699
498285
279555
531101
294968
53291
691192
394020
852395
469274
94007
913929
370267
407164
912465
270693
129387
715844
375637
975452
3953
664242
506221
785760
890190
198157
737300
461828
209832
500952
710270
886705
420816
344543
854058
947451
712800
905904
435588
617117
992898
132629
728850
394272
854085
804433
637002
617831
748775
976819
948442
934452
353673
834058
385876
103625
236896
793081
375931
443623
455817
989300
287324
768198
798856
919355
984262
968539
42291
991764
620846
398237
985176
103240
730564
576633
419658
428289
42977
466168
709980
67645
607765
7896
416271
849882
244500
944645
578316
297328
643861
639146
148684
789182
712172
679093
506192
475984
798082
124049
249577
604218
962833
988835
358353
770381
556755
661532
985884
314102
197886
180643
10519
766600
968241
128547
180585
645278
109602
648792
505310
178236
470891
421085
621128
965433
248192
663546
909818
992455
915165
38460
866142
873226
693701
49091
58271
606657
566688
39436
772058
537387
484349
589982
295741
833568
369361
865729
167525
935667
98081
441785
73508
622418
149737
885920
971552
828860
542563
559872
441429
766071
720162
691998
514362
344547
832761
571133
201079
103169
280170
245832
886436
146916
356872
811841
936448
83737
23949
696013
304999
557093
181210
900439
840418
969461
814413
78744
387300
502657
256698
879687
187060
855086
158105
608054
457201
79514
781228
561891
959568
477943
813814
571805
904732
116954
748037
473095
970649
428988
822714
139311
222248
48467
732766
176515
197275
535722
967969
76394
943225
599255
583470
239343
591963
40708
937070
788631
14221
90271
704015
532347
103574
2070
393665
831132
659046
193749
487780
970026
373080
661891
329508
581614
464092
414902
216786
518874
38772
237851
36226
46656
199653
820
756822
42858
879299
986770
828008
925121
89603
707965
355192
248183
992856
524497
537709
411626
128217
695535
525265
396150
398665
572469
308044
58775
722785
132762
330981
783772
223287
187592
322240
751759
429559
269008
192963
888342
379849
257205
216479
580032
824444
219402
305608
990318
537581
314379
857131
486834
961728
819911
152739
56610
930463
65332
391698
259661
246133
705226
375922
842433
665206
16464
642057
84594
511861
473257
352111
921371
80317
961190
132774
797072
791237
30833
960830
715906
761839
841625
140086
133296
918425
326071
569488
949668
195636
329086
117931
957162
906646
802427
321955
142468
629151
609499
260457
912390
328600
653511
51721
91425
904207
283655
784112
80068
726536
440588
777196
180569
78089
323628
919994
55954
12293
521426
502706
44471
261291
852406
7403
994712
826485
10647
835547
671992
987791
177825
142429
947328
3194
148930
308296
502657
195500
814596
160390
635527
103861
361762
42418
419633
855078
635294
221919
971032
156478
411888
471308
994287
773362
679988
405023
876580
81628
753010
930688
253647
453511
512013
340422
934030
48595
875357
938252
437080
252524
275983
340882
399841
294827
643740
505482
921812
816047
612744
160488
285853
477012
382801
239937
173254
840966
333213
363847
667081
896681
785017
946029
916712
78276
506394
525497
812082
201318
196809
496243
852859
852384
24739
425706
679750
191171
242209
294758
942048
791562
354766
57379
252790
418707
9216
636427
786003
523505
877820
915664
654817
379477
451049
813880
566221
293013
105791
452767
566899
825442
18255
716521
785783
943454
157186
271431
745724
289402
777692
971569
285025
928572
912542
283403
965016
874362
747938
899410
957563
120191
691539
323097
262121
932842
143245
157116
290143
41169
741212
797111
141702
646916
915828
735997
921199
555217
236163
802729
460536
759265
698683
280072
219805
319509
573653
157747
533313
868848
108074
480332
137143
313286
659781
399131
357145
63113
332169
586981
582224
383153
428854
314138
36388
952670
364570
542407
828856
705477
653641
797127
382188
739514
586114
674738
502760
162822
586706
773335
230519
600577
644297
883942
546312
550630
966109
791011
406882
734374
888545
619030
542826
525761
593158
401888
795528
824503
67743
227284
114646
328661
752764
937222
816634
495916
970431
985820
633466
402309
188856
296206
820519
891811
788175
669030
857841
985936
250690
182152
479111
455479
887916
344243
623932
348418
343618
884341
227345
149729
538177
511142
838229
858763
525746
453071
741482
879446
858946
108696
185061
941459
506973
606603
307574
433077
975437
491461
661305
657529
988121
713924
687728
994830
733074
419590
654578
559996
73710
153108
397136
346748
30715
82667
336372
420522
515381
862971
335582
958043
165610
184704
471838
750265
795049
323962
971598
191694
216504
700508
208075
405466
146441
125950
233450
703607
89145
746062
438223
907909
675862
348816
419458
853977
530670
41087
101606
487345
263069
991833
312063
838434
776506
167484
479995
101561
343571
417555
412528
244865
741534
103594
366489
498517
368101
156499
571127
923679
999910
377739
515818
838893
297979
267098
599374
924605
116431
6938
708776
985572
123251
732160
829669
147266
728299
681915
577710
377615
641592
932911
752825
162900
498697
280251
648446
436107
589329
391694
888317
564321
292981
505059
565968
482595
468826
474951
886812
186572
618682
984646
757372
198711
170509
763536
934478
967952
498185
466759
993818
886928
971497
399026
624739
803385
782871
557327
968798
618504
707909
829716
18646
671294
827599
154304
919628
34735
443083
361658
472664
528849
587227
108834
64030
443820
842445
296016
156212
252235
960112
101232
225417
418110
748654
479677
61476
579963
5407
589383
263154
512979
128314
14717
594022
392739
543482
596787
345582
27694
65731
272096
478148
947700
792527
822784
113717
763135
144085
522204
692056
967096
136252
617143
805843
263005
998534
490340
777804
750535
623658
296192
526232
184147
870874
131023
483088
697720
508234
67160
633580
948688
527426
481026
794607
612035
442595
710126
888708
202288
74987
2611
221844
994639
305066
920684
596265
519068
294312
383473
366866
446918
98055
803320
823345
688359
361213
675162
888161
500409
693709
317135
184835
478089
215050
217000
18891
876654
740024
500793
481240
741744
963100
980977
820018
795697
382562
857321
638463
359609
191373
864070
250500
237253
754422
35369
888033
661091
518990
116669
298139
395125
669247
600513
669329
802571
936116
271836
958356
105306
972821
664764
657973
232263
551757
936538
784782
38251
650744
819523
387628
858595
657659
695116
296745
420098
610114
419029
203883
286496
424127
450262
234697
483023
325118
77053
459415
455142
163416
658015
661131
377543
156664
650536
694959
333566
327241
820915
923502
146953
29905
201534
36199
877267
28738
518335
473316
587928
386795
148915
971382
532301
924156
973548
53726
170624
890981
97201
217948
329993
979028
909723
67598
894130
944152
503047
129401
930455
698348
421260
777392
543938
426021
743203
345013
164623
187171
222728
757668
161264
663130
208417
352361
17865
388780
199669
115610
298067
935593
55258
294737
19673
683322
35856
297604
295836
367987
423630
289444
322826
531622
444753
742292
663502
392409
921831
815839
400746
512162
841526
557855
344898
9140
124059
149491
596014
493262
209984
206257
152732
213858
191190
605221
747854
980177
884996
686834
638620
23867
895608
965994
952163
546671
274679
929932
119821
137639
964772
484251
569874
280626
505819
419770
947506
573571
47059
241147
606993
909434
380387
707703
945554
638495
291777
618833
223383
271217
139661
597467
528092
651335
4663
418387
795551
94471
5206
963233
764421
436535
468646
199977
326825
375964
247547
933158
349661
166904
864375
553944
494964
196363
105531
665365
145406
46359
471638
737485
154901
891627
765915
580490
521117
629712
107212
453251
431580
266104
482679
410413
875491
899309
703217
687113
111369
378529
427838
287383
885520
13530
710266
692241
830416
381341
886271
367957
230167
147980
238241
282107
618197
263213
882779
522935
358946
510440
44920
963438
683363
955191
487202
834731
30668
452033
540730
524483
132526
105682
990198
453080
385148
597509
491867
226796
212726
358540
134697
69339
263916
950673
720130
952517
317545
669342
622177
97867
240985
385391
184379
979694
611413
369667
747066
275065
324263
954565
4533
690432
660068
298024
612575
543595
638202
194817
600265
291673
155026
130482
281601
736585
203939
204051
979591
851191
321520
765305
418363
517589
207457
929835
530556
979565
300125
681985
943980
430339
388019
548958
206852
546280
828867
428636
288218
428167
41229
133960
169777
576940
629314
659901
815231
780878
348930
970936
702252
742120
80237
673683
86423
672904
849923
397331
847667
913276
757988
422118
332315
160181
436113
106978
268741
98184
563687
190460
577258
489928
156791
761920
963387
618321
785432
599376
724785
27535
47662
163389
467704
685491
1300
330574
520210
833678
113437
172910
934122
672189
16868
731499
221408
197968
707051
141800
697925
715209
52744
389661
416886
404191
344729
106978
191535
754244
213058
1587
836147
356623
840686
440907
757791
793392
461518
718571
242979
557060
375571
303561
540731
506082
371527
226650
54580
406585
408953
322526
409012
547580
725119
871221
671679
447023
575023
583116
962012
185877
108212
130255
195467
86624
728191
850736
346321
512156
461811
505117
730804
18600
619946
247791
486085
686518
146175
693499
623787
709633
368627
618871
639086
480102
814113
679706
53092
892373
163420
16233
56762
8173
40725
948789
91864
259229
861003
310855
620186
834154
895988
432389
281296
204794
123915
235389
491744
623040
933439
918264
360605
82390
398660
561185
665246
364519
89181
875880
445749
92038
523576
119642
559600
198197
346406
100644
724868
290839
181467
744136
623481
601683
49727
742821
715253
73978
582899
710555
987706
358193
149316
16963
962396
312160
658768
658974
743781
697344
464684
987574
86174
350810
738675
299495
213611
343144
637438
908678
796872
185006
344804
613326
908650
498727
985149
938280
193113
166158
128401
918799
742086
853269
549870
474075
97254
970182
117348
541060
550207
996504
379473
102292
534737
728428
739214
282960
527648
483469
89789
437878
311463
728292
72331
411288
974260
861453
778446
416638
976186
457185
957441
23574
145648
336485
531077
491815
827452
169099
135563
240078
308214
432567
585311
793628
903814
19756
698687
768877
850141
733779
624459
192613
677176
676762
387782
546643
404989
732699
403662
481196
888747
328206
787514
934827
808218
542591
83214
940659
651689
935467
131221
385140
674958
955435
137648
691800
567534
410206
254479
24803
194604
25481
650650
87641
62303
582025
813232
108296
802043
421601
766122
355195
37702
945687
477125
672246
832385
765625
490682
861447
13528
540125
282148
628885
381949
78454
200654
114
920964
27026
321691
550768
350275
947991
806349
119435
934976
740006
765059
505649
207248
155065
169367
121243
507933
182647
569064
392177
987392
967143
67777
792110
858221
607311
959280
266464
900896
17668
416768
629728
735441
593987
661948
329456
360265
367126
834952
491678
588631
49070
783135
616851
182866
723396
266038
196320
472205
869322
155880
324622
726703
327496
431700
134170
692869
864128
769937
889598
15863
28529
383871
565722
263552
266645
720710
363726
505794
498328
216133
846618
623827
824918
87243
181108
411183
154547
852456
482549
927658
863356
961508
734971
139246
827128
397631
610722
460213
646436
947380
342839
721593
578301
70012
845153
640538
946356
753202
545647
149365
278507
322525
271861
234417
992791
628804
802776
445174
479179
456745
532336
808121
700298
230379
287927
764518
351769
39253
801663
262589
477847
315198
473158
354851
419742
724666
614864
461332
486467
733861
347494
811596
82995
851394
135615
573553
353621
2220
879098
494037
716678
371576
594540
763869
659947
30342
419003
745382
960045
547896
674112
907739
22276
548398
410910
477936
360698
799444
524523
731641
720845
921302
904272
42107
430418
790364
367141
518149
359475
656391
190033
55763
736021
560867
125929
571030
516009
834667
58231
582528
409405
264982
167219
793851
490638
929183
405022
485953
415410
359212
440184
552756
916098
129977
192598
31292
74376
844779
509361
218355
253956
876651
418087
641707
926055
673695
98653
574663
798345
994916
565182
389690
728584
501747
999185
776971
631432
790891
243436
523111
64917
268259
394716
47437
450354
315212
480196
341320
218835
41205
598995
255527
642590
952957
269657
730509
482906
720560
963836
530385
944992
236233
198747
17001
169848
837297
471270
755593
677416
498198
452322
659168
490887
996549
831874
981341
95918
174158
515182
458670
35419
249500
688436
272349
553600
812502
512907
989127
903600
530036
416995
45956
917829
551675
956384
71947
48910
702503
565573
731011
466386
527403
643948
703818
726990
943669
897340
381680
712228
670732
505388
944601
214275
926587
214619
885065
161703
657613
279295
382094
902370
704559
626103
32921
909276
209333
244643
455183
724613
641610
766181
156600
427049
658040
370534
995960
653814
508016
668632
121197
854060
444078
263764
509216
742375
2872
528069
453378
890836
787515
393018
48943
892226
221764
20735
794404
578297
262999
778575
20626
216917
405128
517617
57143
413642
15878
744425
894893
833278
451710
358650
355607
153446
115635
901003
234029
61621
209837
362568
772420
798733
166278
820429
997286
766025
398613
529421
790973
932358
87532
49210
667048
616352
676643
608503
412188
425035
190522
162217
403099
727859
433858
102371
118398
579503
546163
821152
872320
142957
72387
392339
55799
793588
860372
170084
396061
404481
820099
200683
793877
40636
555017
690045
712923
794388
186347
3393
217791
515836
175976
662809
31779
625079
616496
344336
805837
316632
974009
319646
363132
155402
214516
393492
282283
154697
464972
795453
592067
760442
218838
129959
419580
755701
854698
533109
27367
54316
951374
233832
891870
556881
153931
646573
515682
935456
67811
69984
414369
729568
43317
540543
128623
573423
764902
105814
332229
971717
345866
786578
464340
618643
380296
178555
463464
806090
10217
281503
810911
78885
84336
46218
981268
626016
334956
936319
575843
647999
19469
674513
928594
954635
76267
934671
472760
776628
244093
650725
400283
433502
842455
609657
524304
248023
261809
235835
169873
351749
832983
677056
601583
186123
937223
244224
956870
749091
749689
380436
382542
394629
398722
814259
2642
740461
301636
835609
1949
985250
554733
322433
389010
300454
772687
504352
513792
894376
767414
446588
374787
484741
85577
850416
46898
449416
62012
302123
376800
376678
653391
233971
181185
402276
202745
783622
769474
102777
785457
865051
425457
172530
767235
900500
693814
805039
191409
282505
808700
107797
71706
215294
477666
521770
927086
443213
288430
152930
678430
329084
905230
285125
476686
677846
631339
167372
274572
653445
468167
267879
871172
437576
263364
359349
745061
274963
856758
294613
748828
892031
345470
43234
206434
72289
17072
888842
726705
266219
52004
106205
416715
271914
648073
810794
280087
106082
625121
556317
25900
564036
128244
780566
518168
178835
562910
36402
122760
333398
93763
927471
835337
640321
751591
629723
205496
106115
974991
225297
236657
972936
452325
269639
757954
834725
35031
963383
86232
889335
888438
246156
23655
203952
82544
881373
128792
54089
32486
777777
845612
842279
255246
513586
395623
954348
364727
646108
590221
893055
783671
71509
152921
697858
869617
352418
336509
932004
576127
957426
939910
586320
413218
36492
919824
298226
939682
657227
697250
612262
704382
331838
288551
99573
888971
476891
139221
729216
981878
422016
928895
370283
920913
624412
87960
99518
31671
172090
739712
459359
638524
44139
73531
622564
895595
46672
515558
876784
797784
99445
471764
538618
937750
943232
340105
309614
316427
244501
10944
5430
453576
3701
271709
204329
483136
891037
231677
775684
701468
590427
924834
766069
236310
266632
986752
76723
943042
727501
338696
894948
457433
346500
782740
672720
832819
879040
1557
274877
804655
409326
320933
642497
213262
127834
41745
9794
392858
785122
823043
415452
167220
174053
997598
380483
365137
17252
645556
241425
98359
706330
838164
564255
515968
896379
664979
355999
64216
469592
121726
638889
281193
59228
829918
302559
241446
413212
169210
118889
20041
767504
730936
589319
58658
632727
683547
863807
570148
935173
773157
236407
301545
284528
563179
108838
166287
667160
927303
371330
27524
410970
659335
239376
661947
53006
278882
840084
764250
567127
701698
143129
379305
859029
669168
962182
889106
884348
102461
598136
617501
824567
516676
530652
591873
804018
364333
208400
528099
922156
694735
892340
341949
874010
13764
802292
895351
846567
65750
363803
667519
138917
32181
461648
232200
826201
234200
87641
878332
799341
828332
978695
626946
871013
134336
90998
619751
57469
348311
264135
300707
298650
281858
25841
168554
868496
482476
398386
302291
684578
669027
61875
109908
82301
696485
409309
707542
610025
241502
928223
860319
304153
162938
416591
426007
181539
753596
139716
511580
830070
895206
769088
64991
751417
363464
400477
425578
728090
256389
159394
1290
913525
240214
898035
45558
401885
840878
361501
873963
174225
890191
210166
151247
884917
890385
660126
361411
290617
301323
719563
645824
392205
981608
421170
806183
625473
373253
675056
499420
604187
94215
771725
239667
77483
349491
882795
932688
184291
692673
644769
300949
753125
693026
99446
506944
446017
375483
76236
263627
25907
915392
624314
984325
72699
354443
700052
959030
499683
346704
46127
960871
367366
41586
444228
371434
308743
979267
451300
382474
973856
372643
179569
811894
724264
678756
917954
233182
552264
495120
8377
872283
788702
28027
32195
702917
88161
592544
74141
189039
807123
352970
263296
385736
54437
699371
551002
64322
843101
612635
636564
134820
477530
85235
123038
171628
73523
754871
239738
893143
103117
49114
46489
836272
803356
648470
197021
718974
31755
457054
636835
574799
236862
509120
645589
501268
560305
362232
418450
836436
342500
388333
392184
987272
693812
887100
971179
845692
950946
175116
758499
962172
164298
903868
808578
239086
337219
857485
152843
994015
511747
305767
438740
785358
173060
769599
922191
776073
610510
606720
864571
414881
834987
113936
200571
823630
483014
808137
598064
388549
614276
405553
177935
949361
806441
490289
451475
10878
816333
871045
753853
913696
573996
447962
777350
685071
673549
456240
191136
154260
666742
577320
362140
819637
12275
410597
780586
472737
542567
864861
804032
766433
182848
892623
452331
593095
290359
65999
761775
635178
22192
938070
931712
131822
780247
458893
351999
438400
458409
447699
576563
202235
234801
725766
192369
863637
426470
516061
429112
518075
718967
809165
378785
184147
81817
574485
703545
358846
321388
575102
987950
987977
336815
907983
933625
836159
478555
779108
214029
268890
974437
172250
655374
299966
363891
423280
952905
632356
577638
132206
337704
696870
130288
472552
451751
633775
431723
547993
303642
725532
689583
75281
126884
363456
260651
530669
717326
146655
412990
944629
354689
662322
912156
523970
806383
604536
997712
13937
535389
73863
225996
53715
443106
840546
599816
795123
27181
918352
740642
893240
247689
651923
720739
543695
159948
289135
591331
770954
673069
591275
541464
485132
433919
284906
154413
900823
547370
458414
490520
14654
251109
419276
778801
784829
870287
860130
788042
337480
711802
749136
775623
376386
852809
723794
701425
170782
667193
836479
643198
557219
452714
752306
579152
852433
918183
422037
752721
965673
894335
480166
499578
885218
168758
380304
843169
784373
727243
497321
808898
83026
367883
404444
719524
860733
68812
384651
877581
467760
557824
919463
447779
9313
109153
293570
187887
40256
310330
283354
535611
894493
512999
901059
357477
99578
9427
989551
154008
160787
235898
219001
708425
872317
461025
740021
367082
797124
666041
719981
885779
412094
220626
107857
1965
433158
914735
819805
582673
770543
940795
42172
323733
437965
344212
766345
848657
486417
426291
92905
117619
57261
479309
151146
858787
469005
398401
629305
450335
510560
769167
346004
441449
534421
766818
708945
615101
433884
775288
665740
524528
199800
276085
445556
609414
879225
659073
155936
373076
168579
501526
416948
376381
295734
194617
666785
719792
228015
906396
178411
524581
804015
967889
549651
950841
35350
587721
255821
144259
196128
145258
258995
92366
195055
716515
168954
925980
321102
3553
758416
950658
629584
341098
764209
512415
36537
962025
965388
495344
631004
726086
298885
661451
334206
171064
566342
745534
322392
835279
213924
748362
321340
395521
383782
16750
331469
572284
115210
381260
25677
20528
331539
650321
625060
458205
678333
414524
126986
97717
625724
476904
925880
844523
102146
935527
316932
885131
496790
977716
316830
577630
990626
125525
813905
715827
101953
437124
20990
335491
387505
575775
274203
482351
684578
908692
397465
131282
252428
357314
967611
71069
234400
203348
352213
926996
296560
979654
456559
384139
312773
671670
620012
699035
200620
434848
766608
989140
7331
434833
967852
508577
497092
54396
163670
261137
444334
653380
69482
302945
282273
998061
199178
198365
612465
121611
564108
913825
385034
907300
236509
904442
403201
140958
605431
38190
200842
168719
318363
310156
763691
162987
461338
556455
871356
839978
823919
849911
740634
714346
394479
648222
606803
258240
712423
143107
602370
903487
876728
681650
100725
560403
374435
447379
108575
376387
191227
880349
802414
838256
566636
611714
500724
349483
472608
338090
777527
301770
380964
28509
331791
151165
635335
695488
12892
211909
572605
94037
84317
238057
993309
4073
934869
420940
827497
212222
763136
86957
566415
992175
21105
137538
798821
516610
695945
355319
657608
251942
897423
230237
724306
556268
261483
545555
570488
577896
582082
493396
46695
461271
641847
665551
336916
201059
379713
610116
862358
197214
246932
630575
373671
56172
352012
144392
747388
993827
459837
493684
905016
784319
897843
821287
787660
785513
713576
585496
904608
736090
863412
49368
957
755399
395285
642349
688501
9285
669107
38515
879662
333230
373107
121149
109505
378237
802590
939676
826654
639172
708380
607330
450942
185144
377901
129557
789962
699948
430488
943011
746817
881324
510393
591819
265362
955430
92323
913970
33133
947892
832006
104720
866882
85289
211504
713989
589003
49950
366243
983157
881764
282799
179483
42148
489770
311162
280783
806113
433054
67574
926918
930417
17748
651452
208634
765854
891006
261614
763932
368942
365469
74084
842689
370904
386167
25504
58913
215428
526112
650415
127463
433269
144424
628246
81420
381660
153206
315925
803758
271248
586840
112742
470153
713735
491144
488884
577482
847039
481606
324076
762893
866157
33602
698455
640949
532700
34219
532332
493455
630062
544289
552115
942802
523175
664948
744974
496192
767615
170616
479739
317342
836367
15334
551002
180161
592727
282489
248179
303416
31686
9391
492922
77642
778171
913581
39185
408603
408695
732366
940936
623704
705669
941830
238792
406256
121450
419913
580543
943952
642628
516406
570648
816993
637739
617539
120315
593849
546166
964090
667260
93887
630100
287919
3366
852357
852645
473700
222709
884020
846848
640754
324834
551037
51839
815790
164250
510842
804904
845075
881719
757858
544127
969272
968542
592701
662948
554590
135670
259636
732739
972623
985517
437644
793160
564306
402160
167380
49822
422638
489302
938515
254512
866675
555219
176709
697616
685367
72664
852199
290800
606064
575086
810044
148176
90254
999627
590692
417120
595905
919859
424667
932062
380525
934668
677417
624782
345781
846775
951677
923073
297507
939251
25503
946769
720451
666419
123875
114897
582342
161910
565587
297509
197324
926894
573744
134732
451794
246219
293377
331907
669681
519116
889110
478387
90970
654138
777060
758472
849393
437580
282500
264384
235637
434924
950401
234707
438124
287468
977692
378824
35557
359649
703321
819621
320959
635760
830607
400413
720420
113997
489586
763637
766009
356999
433104
421811
973440
440119
503343
323275
267413
825210
154778
177041
588337
977021
985947
927678
280913
434897
80910
28870
274419
943097
194401
813996
435450
498270
497668
251318
332105
735227
568550
553197
134154
144194
142111
838439
309636
79850
917754
758875
195765
39888
624930
313538
819929
901480
132862
216396
586620
809488
17764
364881
219637
895432
446207
922763
303253
900784
176237
839314
165210
773690
928277
159003
520088
122995
931099
434714
675084
886630
935515
598103
955162
14529
730588
497825
566062
468371
315521
712134
7714
800069
140279
446063
286007
473455
383905
50427
699735
302649
616412
628929
832804
890471
223240
823986
365924
787470
515683
352668
894523
201368
150290
185690
527618
564428
337360
836483
614231
195392
364284
702741
481151
834368
241797
772760
812159
36056
29774
991410
674956
716061
52545
790790
765670
340208
505061
178162
238031
782489
611066
403537
438843
295327
699254
45133
445624
317418
156063
528051
684732
14655
221881
260945
36856
254771
759396
252460
417712
2885
549259
624832
184486
324928
452811
284991
290347
742623
170151
958423
992064
613902
499391
255563
365980
358478
957847
939542
39524
90234
697524
11055
553954
299687
487946
111680
755816
995949
621035
976905
15488
253328
378999
953725
549621
569620
943206
220187
488164
80776
983078
78840
408686
741637
37006
934944
62946
173677
261180
150389
703354
527549
604618
573812
604521
699416
74269
537931
866214
193137
122007
844710
926766
411278
739187
860737
454002
308525
628151
312998
195950
504045
855194
185475
822973
832485
293301
680794
272475
832065
757321
791967
243665
716549
429135
975326
305251
928363
524733
41472
584363
617185
623274
409191
38273
632556
751862
134168
5446
9403
544224
994281
632267
207153
719697
204800
998809
631380
447002
644243
500110
136250
796288
144075
88951
751876
546338
557633
202346
618019
947634
27003
350187
102014
686498
475202
480616
787010
50937
321170
136875
935874
254370
521059
863070
411838
992447
956061
927878
492721
301169
951258
423500
893928
645596
212506
814099
908777
795423
751857
957151
365664
562311
916744
884751
135033
965762
923980
321271
10567
501045
773538
549842
787067
907560
859912
239202
102244
43271
178412
808807
194767
499618
645966
175469
58667
123319
485919
4590
661077
361323
339619
25094
79476
47033
274689
96118
656780
342616
70467
504971
993440
887072
413768
638032
746818
260998
401836
571812
774166
910169
502542
127604
520962
363648
314125
674986
373215
611930
409407
651802
72725
217886
131247
763175
335091
511447
640855
745179
201401
885583
294046
402159
965861
539630
739229
57387
148991
625009
130898
741445
54544
60515
419541
528550
402851
894867
74886
220962
49503
350273
308428
386209
288642
374105
399922
451616
620589
679710
823166
422412
173970
32458
462237
433926
566341
706130
173609
775192
474766
348463
260183
175692
648285
871550
974047
158167
52497
122848
253325
915409
215528
461130
835834
169598
456742
374861
348941
536833
858976
103453
431791
870080
357953
871590
169310
153781
959252
869268
936443
639242
681395
173817
164584
193093
738371
73717
330429
948940
968670
868677
250234
349972
902471
888239
949503
660074
789331
996461
719794
118190
322158
7453
797254
658321
764199
278840
918565
86329
814911
501852
535650
705947
296617
655578
375213
264590
885193
749883
46166
407386
78278
500945
801435
624509
872996
494726
971635
203491
367834
55061
90464
71898
267575
412430
657839
871752
719801
126456
233574
836670
518112
976954
69702
134746
551669
940585
542812
813410
280779
590287
992385
601652
632834
536427
429462
60864
993369
855098
150819
673482
709577
321111
872254
246627
408921
790796
495006
464800
275459
547096
260011
407077
425757
459995
602878
830588
75710
656103
926548
160740
53567
579534
305263
381980
27523
189385
382652
712833
695484
799431
229101
228251
405384
283742
790934
145980
236596
561801
842987
129909
785913
182988
384310
799279
116331
946279
160023
824819
233567
558138
738042
882020
703393
191240
525547
841810
692679
769133
390715
845947
47943
48518
123051
185794
31834
581303
792134
586549
152058
513934
903585
678312
837088
723844
55758
811806
119359
260303
698302
723592
706228
668588
391416
129675
561416
540153
512503
45030
192334
19007
446082
999773
370716
571558
772969
360852
157782
815487
565511
520012
294337
241773
344164
355771
659455
128457
481476
730747
965835
312504
89036
124614
495731
979421
484515
123055
620998
188400
216921
963053
376139
304601
598495
465028
633197
667492
169185
755122
885533
62114
793598
374097
528183
991015
301161
297601
152565
559753
928602
6382
688913
834020
116198
893887
652406
837012
464352
336539
851335
653569
330644
750176
646323
526828
995821
541378
453773
93869
371740
666753
516224
178220
673587
600808
260081
150402
671827
850468
321327
366904
346109
571192
331101
183883
2843
811402
35646
377315
383597
294380
29169
725304
391530
50873
937713
475442
388897
580630
384022
964110
832630
203593
905099
231723
910184
186489
175135
835899
854506
541243
683165
511029
740120
451381
839258
739253
234037
676126
82133
372489
247169
520415
572490
978163
956531
687041
518688
974521
745402
151374
204308
246517
429791
282093
879837
467410
601226
529450
158483
761498
713720
418959
814363
583480
364527
497701
859532
498874
69525
709102
335131
336505
727726
718123
64692
247469
601294
864719
882670
238286
682583
739216
194901
884395
479926
40995
607617
171455
405450
1123
805345
457568
83368
362694
803582
223909
3967
212308
881408
664334
769900
997678
512138
925943
441192
10908
350383
909680
143226
978875
613699
148924
689616
591629
459194
568297
822132
20856
451246
943634
67892
576468
663364
143855
592570
467395
539416
244783
769134
952310
281142
897297
792272
415477
894548
69342
564884
13932
693280
344793
807599
280362
541386
508118
189111
265662
924403
866993
322117
518468
30063
184245
787890
933614
46175
597437
63385
814832
472199
999771
27031
983959
655367
933816
420967
945337
983359
503160
237178
689621
80869
732428
8324
828181
940635
904267
821320
302372
221310
120045
804411
180327
298528
816709
858891
816976
707672
715322
203841
114104
284558
521461
886075
829075
872010
316492
293820
17972
141083
654955
800180
638407
524842
430621
245175
457358
213484
400507
756137
779
485495
216543
528602
542373
517402
556457
237343
794147
290047
999475
549131
964185
264367
502936
953608
902504
25443
600729
924444
246983
980439
445790
100810
63325
501589
460409
574763
745059
236754
555235
637317
613118
871872
320292
32985
147184
891939
963071
119610
128891
22243
653491
532671
272266
516163
116304
995465
381801
989628
412867
778719
28801
45196
955346
833969
650310
109872
611781
452010
9288
746028
676485
919027
740235
142943
77529
450510
617123
173168
992880
616711
393362
707056
272353
127193
745479
48847
396036
759395
554198
867335
573390
45864
518356
978451
491822
57699
993381
28453
889001
180146
371946
626755
365181
603697
225279
523234
710960
90292
623298
333549
641436
927872
336686
905387
750910
183418
366604
380802
276014
791665
495940
143817
169303
196252
553853
905093
219308
648527
642647
216872
687326
926391
292311
594516
781566
847600
682360
105171
113493
504513
139684
151108
218539
698276
736023
875868
979890
894660
682923
675702
757434
7217
896774
501809
269755
54718
252334
26378
922530
500271
893610
539197
49657
431074
590688
281986
81632
945259
723234
439915
186009
855941
759305
596316
926096
765591
728910
444186
135530
710990
485491
525771
315346
114552
103206
515142
65097
172514
236517
127179
745623
573973
670348
970372
933176
832694
827434
362367
412433
967077
400620
730421
85397
486701
552445
607816
973373
250043
985634
65192
942578
316465
668482
924804
527484
778520
112068
212706
964907
925564
660207
265612
327272
360199
299092
867390
540877
623178
557281
593810
888035
731205
382352
283253
441642
89186
166354
743341
915508
464763
250995
167461
869481
477681
878492
479655
902854
183311
898837
544291
82339
727838
277304
864588
892455
829385
740115
794851
511123
701632
709136
359987
390315
236601
516697
130733
151934
926457
878775
653912
891885
640337
883810
539052
876570
248252
209382
291279
288492
751780
565666
620762
132331
692508
110424
197447
395782
831524
14198
201161
725196
82089
743800
298902
631331
765315
177462
646899
436429
157177
222380
536287
908046
693838
563564
507344
393943
198663
675916
289945
217632
89236
836083
204472
726191
300337
923878
857339
401989
819992
478284
708927
216160
141070
36419
491236
826976
592313
553586
707707
755673
712806
516388
450549
195288
578263
945926
350209
291169
137137
139734
912771
780039
997501
204590
7112
49576
615442
113060
227805
202638
508007
394800
51885
950688
545736
665333
255455
579568
680225
815720
692068
835774
647305
529925
478830
555531
886597
186012
875146
620030
381878
748016
13076
630301
431833
62841
56129
261929
78470
350514
629267
337049
422802
118072
932935
641979
785115
207961
358311
188259
529574
481183
90314
263767
736661
881497
957483
451822
485034
86512
484650
259570
5662
568432
524370
675997
347661
694659
457108
752284
885481
687884
814615
83679
820814
484155
665549
514227
49566
830459
284349
905757
8261
784527
10898
961434
469600
84705
122366
455556
317126
891076
99891
283712
486171
874946
659730
186018
780957
718659
861340
973363
505640
94085
663103
367059
750615
138602
591398
867144
173070
249474
394576
301643
448802
29482
190153
790071
476815
904585
501325
937629
530641
567302
855261
756025
438686
163434
920953
630110
179337
810401
205400
444724
576497
700135
175367
170392
82652
833599
759998
565118
565844
760827
961758
11967
510227
770600
1492
170285
457536
616389
606154
149618
511178
170836
526378
811897
832968
237312
888904
927392
587858
276286
244183
756694
670558
978675
935084
700031
162212
979806
938292
778572
789478
378416
64372
454361
989213
86102
813053
415590
733811
535151
298717
351506
783584
315295
149924
422985
937259
523566
514713
983945
76526
341705
362024
225640
81552
567692
388122
301404
556040
69988
491339
818298
789061
959039
29546
284453
53985
968709
162961
912782
252468
328424
355647
370239
29695
357025
676864
639208
204595
72168
835641
967836
829385
311034
332740
77149
666807
96530
681077
29082
564945
351500
81329
832891
246518
644467
453446
514210
775719
917431
586430
451854
615647
646062
570774
684721
531861
152569
726286
451563
813566
988648
597795
111331
767577
849998
958625
948996
825000
46781
512759
519890
407446
646689
250542
173100
240278
944599
664549
975788
2030
433822
453954
731760
888102
399510
467536
104848
287879
165455
776601
916654
62502
740570
218071
612576
783949
5780
875372
944496
562107
861626
665716
118801
747566
34190
833569
916766
563753
408765
899010
971381
764686
85245
962030
461336
197482
424088
839190
466
155860
144923
266174
539349
808993
616645
896137
772468
376134
931426
589460
185835
99087
179203
140294
853722
476742
701347
695981
802108
548081
32911
277928
290410
834764
8631
243495
173096
258031
822671
493682
471687
250552
675801
186763
873793
578760
911549
364697
949129
976513
957300
634886
978154
50882
871594
275126
587712
888796
30397
357641
648096
363821
300166
469179
365893
656738
482142
516788
87690
705900
64583
341438
322008
536799
778857
540197
268639
299815
174105
551465
133526
361199
576197
377804
591397
875742
294540
754328
443885
302739
963563
655484
440249
974238
668929
524959
714587
364218
67893
815926
971004
491765
584911
999866
287411
665285
936435
220427
988320
761427
509257
83665
596114
141686
890910
2478
693108
599417
637843
160545
968592
555278
546350
958397
704605
836532
714618
888946
917839
652361
920496
757634
964338
973489
520680
860356
217575
842037
75714
988789
149013
156490
711414
383595
597297
372086
243950
238775
429459
158737
922754
82399
464207
436747
395620
931875
211455
289926
258142
306142
510786
152469
70488
636974
884366
892055
965789
360248
976741
127741
692071
143945
91568
346837
985753
923281
965963
532702
983954
353656
337358
812277
349440
780388
990328
753316
938326
537117
126692
448278
568182
81167
997239
869661
537754
585984
325089
246811
290438
327596
445747
404313
423968
520204
305439
120346
755503
133603
690860
296533
639960
738550
51929
33827
992479
89973
414731
291199
479137
19994
47987
991518
195011
93802
849257
983904
431335
381605
200772
85498
478685
244427
328724
271051
739286
228235
373382
860999
50148
258990
186007
767919
912321
85012
863488
879147
475517
95198
646383
895355
7246
690612
28305
424567
572001
848196
846155
562207
262873
438347
145839
650806
632191
889384
685661
132423
708606
910182
372354
625463
467670
53950
383453
889694
127260
713881
29520
461067
775527
526587
109671
375723
107783
745958
918729
514265
740823
489997
733944
400767
326197
369070
935022
911569
652205
173627
703791
9925
959486
602975
438593
302734
487848
293666
91060
373052
870173
821200
626138
637566
983876
866397
443721
645542
899211
828359
391268
753320
549791
978478
587077
553962
565993
604610
824808
115787
218197
420101
954168
396480
382877
267063
94540
577719
786195
635954
85269
219830
368002
228717
120020
292570
175002
307460
362944
386381
77591
524700
86836
221360
815834
482249
843305
531295
711667
957518
660173
46141
914040
66889
871007
944978
561733
204001
401975
983846
61467
526576
604929
814465
536532
326657
101836
209493
548658
480652
474204
754055
853564
773305
89092
37501
425286
13957
547279
466676
698770
638126
946189
31504
160362
578833
519642
173127
613879
142362
292384
564786
851437
288269
165837
443371
790613
829844
390460
477699
496067
226159
968326
555235
130683
52216
750468
183777
457801
993183
278321
30544
445173
699964
27287
882031
619555
201281
54261
659671
789664
733864
73091
845262
179812
448688
678805
770566
618587
790269
447478
67460
769828
543192
552043
622318
74767
857767
529299
509141
82778
627808
46933
402716
450126
178373
791122
741631
676716
113187
724479
518665
131264
493626
321943
621472
583216
134288
993544
704823
220700
73427
243065
179191
844320
510075
500610
730569
971441
829899
326606
794257
468864
23722
187252
620442
343268
785719
953231
937209
769696
887560
188376
509743
330615
624939
500409
543914
952564
792091
483954
420043
513739
74643
979462
581602
631282
596350
73386
26063
163496
55115
236602
163267
613840
43883
590038
352750
37667
94102
396405
955019
785311
510713
105618
893985
349349
37223
305569
741679
853259
129104
601563
388374
695791
928316
633164
345269
171675
802559
774318
14990
776302
163832
917622
952508
813921
825871
554353
490469
194014
27060
324712
753721
14181
71416
789686
994730
904871
662394
91589
392912
883999
330494
77605
341159
640475
638557
532479
939183
235696
242406
193737
460893
720291
870333
355016
446233
509113
554744
242190
939935
661627
46407
18970
710288
676023
929537
268953
383096
60756
347356
935521
920565
237712
284306
343910
441248
663664
707143
633853
113014
738691
525006
400027
89566
391825
752816
131216
128150
281363
665363
453744
463367
202688
586509
399105
163233
742673
126646
815312
578597
467740
487550
451080
673686
719557
997937
930592
768930
663615
287535
197103
873839
615686
396398
526078
790459
698491
863572
318032
69309
51026
982237
851708
367987
554110
361518
198932
707738
329122
344792
498813
296170
947726
58528
245413
832313
22506
233236
870646
572563
27152
16340
779455
9744
741327
471637
592772
422078
6666
915036
261638
641711
975380
847852
812851
258813
726943
424099
480512
442209
210954
776803
570711
564990
979676
278803
807373
945956
147595
552502
908159
404762
410523
503461
346763
960069
848638
48826
809259
652840
522114
328312
819561
953182
337721
191960
370283
537709
31762
764959
62508
858032
837517
29209
717185
855894
544040
9201
737815
622982
817495
964964
847151
909160
488909
426080
71147
775280
458987
151028
235919
789730
840370
582113
226757
140118
354173
267311
23352
681892
6159
969815
550666
675222
686540
973934
528377
78665
968819
922558
72970
407057
629022
226608
709353
721139
351442
136558
64095
40320
200140
779111
89143
497715
702033
386762
417301
4751
177228
370407
905084
818153
690096
558707
432370
597043
855156
589012
38735
217293
61031
94328
232712
139320
195350
858104
441000
179770
499091
337520
661280
57788
549742
844727
380401
233795
793759
127432
584005
489285
250427
46976
971242
593602
66004
201646
309091
37266
798816
592154
182273
937283
276310
447418
947139
436315
785400
581883
137153
748802
453227
737386
820542
556224
872813
389826
836672
815067
869723
554068
379745
151252
307107
795406
995775
653101
460829
152630
627895
388126
701713
119198
81167
459909
975167
808396
679752
461267
417519
319141
365227
77996
843521
433343
559289
205478
480165
156652
801403
621748
513459
814726
652401
945330
34567
832678
821538
364478
422387
238951
286366
143302
405229
809014
748456
816744
919240
680180
935985
226683
112571
351055
593553
125816
292488
655791
703192
253447
753479
469317
450960
864544
451177
478262
225904
26638
250021
597774
572487
789049
807012
844252
26164
863856
2881
830390
214242
33067
697520
721099
368568
304328
344160
584463
577854
680069
964092
997933
519584
12570
805429
789243
286170
464140
426405
644034
373118
905085
738638
409792
259936
910377
761296
614043
568964
730902
929219
956017
143062
404374
804138
760261
888829
645406
48856
34918
919928
32838
271946
188164
140823
236952
512026
437462
34404
727066
150710
249491
365829
865208
323253
644350
155396
569466
520104
166760
574583
392222
397287
711121
103711
85854
85185
116061
687223
331613
813919
23117
892265
902358
516286
426564
916986
930118
812659
221043
419996
266557
393931
106526
751712
268640
907331
884978
867102
55831
43258
12752
286093
680603
265265
8319
79451
167406
452198
387324
545308
910782
227685
302333
57795
922491
797237
893534
763015
120189
395767
516781
276831
300761
872930
282138
850913
999166
826255
140373
776620
81023
259929
42135
761371
828384
825586
140829
903639
342463
132983
75243
293070
269813
70397
848261
563328
795562
881170
585482
686185
820690
268251
273430
260523
857238
969583
261242
845483
884984
235651
977044
260810
355285
893851
140872
445864
90300
158809
414758
596579
929678
578134
716698
915204
148136
763029
715713
149021
433121
911838
659601
484502
96281
811570
239689
269743
562022
789513
248327
7869
132792
566524
258024
511721
780635
95289
272886
240256
548215
87927
131030
903214
311670
880423
48231
332988
752972
405180
668641
181570
775640
218213
667477
284503
866366
126751
80467
359768
903011
773387
355162
680652
73487
620912
175419
702931
916856
782776
482688
329316
711839
797510
863212
163704
753593
282986
495743
85494
769802
190612
37895
394849
688585
826999
288718
165888
776827
668410
361609
475074
589541
962123
703671
782284
975592
667707
734520
563277
259102
271961
87860
725065
549930
810059
607777
539175
759435
246515
716778
920857
623556
253831
536481
686448
124294
538655
544275
686923
754248
346361
867452
477131
202525
74793
526920
786222
5922
507096
334250
793942
631578
636026
258333
821250
59997
100298
321202
201454
548763
1877
478201
198922
726172
991680
281933
952098
503278
972299
706000
885253
387404
153836
885517
159981
87456
536950
251307
386581
476534
841008
891434
172584
249412
434768
279332
998477
874618
577366
279575
630769
432622
126131
836197
615761
473552
706784
272242
769800
434420
967227
422873
44369
49644
730071
746641
807261
509322
868819
817220
379033
243150
953905
573200
605309
878146
787456
180468
399768
949126
355115
132390
123161
472542
616093
640293
841545
846397
46500
921505
323289
555286
48075
516875
932983
164136
886662
18286
851775
358526
235501
856455
482404
731049
563320
662285
858693
420644
561465
150387
179118
688024
449565
92697
596672
515596
130037
377606
52578
266973
343952
766124
964351
125687
993041
199782
667441
411338
877033
183436
689159
10225
831666
78059
657969
714107
362982
955430
489883
107100
21218
517436
977360
466520
391423
814293
470484
835687
347205
98072
613288
54489
170610
87376
51237
436439
763767
22819
5872
446822
534936
633614
105509
159921
660894
837026
117384
278523
929442
343857
937192
838363
112091
149792
273745
477256
98311
797501
692187
525288
754422
258799
822271
16721
898595
450962
203817
988203
906495
159378
955099
176750
185742
605214
961377
722307
941216
980645
595409
204595
161781
392204
461302
321643
824026
180811
205627
882999
450112
682535
870228
987011
230640
545674
405833
847526
497493
660553
802475
49629
897978
655431
32945
91317
571610
365147
932692
896681
18358
54929
126294
709441
121787
992703
988157
232316
232974
409016
465770
987184
163410
966301
135483
686604
752161
319197
316999
982939
861532
710488
364494
401262
134953
628039
193731
744567
877689
501796
212486
330994
874115
92404
134075
861314
663169
909239
858958
311290
488358
621151
571823
696292
344073
146868
316485
979826
204544
847740
103422
980222
324792
549388
280574
38228
905925
823142
261988
880355
159563
98745
989540
642228
576112
240798
74686
475861
204988
990781
488253
971596
929539
387266
196415
783601
789980
684690
52228
332268
28046
617172
778998
956166
176498
254991
358232
89832
660714
808527
159718
418957
225232
471715
383193
419446
817965
611639
388046
511867
264242
998823
940945
588230
872266
279656
760739
16021
825247
6471
850050
234818
467980
145934
139766
772706
386033
289909
155838
102475
676360
163799
102723
770668
553856
839351
535053
887604
551853
731476
593352
947348
467199
701538
635492
76607
545705
397372
198694
919050
544013
601200
952764
47670
23745
468950
604672
877466
70219
161663
583383
434233
575323
757106
343869
203781
225287
256596
828828
825547
84983
610661
747512
387779
710385
971789
116034
26988
891421
840837
351440
558026
584942
773948
595169
127004
356062
860313
115455
192920
521075
555129
255277
365952
943125
907336
337099
124903
800154
654788
344602
297079
568864
263242
560319
862159
232060
467079
582285
48728
712353
102964
290011
582691
823259
170764
814446
621268
436347
69642
302687
252750
454281
845560
593144
438928
194599
80567
618352
327374
249055
155778
953012
57624
16191
881145
247305
958819
340018
797863
792365
416520
688733
472998
562163
442874
385555
485381
375581
473741
132455
926904
937338
829929
231053
763913
408463
98543
717168
213765
381423
58942
895231
5670
703846
684190
843139
3168
590515
503303
475217
463157
531353
44180
635898
675163
740175
170801
340426
881361
293092
908746
674638
404242
48345
845503
816862
16899
983218
820621
630457
933307
94359
732674
163004
580937
842738
331655
863539
366519
103959
595465
998774
522315
505456
641470
479119
278360
694000
670378
980804
227717
160177
171352
9401
350895
206994
745275
752396
379425
471288
309681
158941
365438
634326
441279
225555
725029
114402
890272
147441
388005
163284
478652
855840
160764
237404
914254
577665
827071
799715
217151
989768
848846
524658
11553
151706
455991
748842
632378
261668
38892
916012
178780
425160
912803
741845
117412
265324
65218
549855
310649
875201
202283
269766
327482
140905
642720
786353
847697
944993
525941
360223
981759
861302
77983
216648
308804
404399
211054
946090
519436
683618
421375
576827
341976
67755
471545
224851
450400
232174
14237
653780
602048
872566
30414
72668
961886
247612
139384
538955
392211
84452
249775
592279
957219
949934
275916
838756
958334
990405
961867
399394
572439
915789
379765
713265
274630
131096
183595
981791
379176
958378
649633
193884
456633
713287
929365
128678
754896
782832
812746
449652
599836
158442
119813
601512
59763
205847
365619
731345
539378
298900
144672
995228
748104
669071
200825
584917
85184
691973
180355
40286
839410
605885
589563
452213
198620
713805
615043
198516
182413
678504
647171
820650
106964
21966
397407
440281
287812
539508
612218
321066
353679
461850
512646
947007
423800
264737
998335
345673
84603
150303
7910
965029
595128
937883
620256
200210
975002
595333
349544
490298
372191
879301
309427
194850
211690
73361
225189
162056
631515
739289
552926
951938
779884
900456
36632
857952
845591
283167
623758
606126
477623
61933
286743
519763
124421
323433
351270
655037
362287
738843
931858
961173
491402
32489
653297
749821
278253
581654
127892
252946
721506
919495
201413
150529
132651
785682
571771
42898
921066
925280
117396
530438
303796
382043
977534
318808
666220
442818
21401
956936
563091
846882
989341
977428
22430
513625
639219
708042
238273
848866
324097
563204
217363
23816
382894
995349
280383
241519
416383
267658
393488
175834
994764
950718
430809
473072
920452
105460
306443
508532
313717
298127
568631
85358
634846
378212
749762
338243
817551
517640
254511
897759
290254
574635
35441
537576
53272
830230
382508
157135
271113
836318
500453
876616
144012
16847
894367
324424
551901
879710
274717
289304
471384
59485
415850
262263
868920
3041
985152
917660
461106
835335
281808
176608
367210
527982
510249
911758
359653
73038
822133
959864
393404
736693
54136
103169
824689
43192
304052
515410
939425
235018
672795
139666
963590
719744
764822
267102
50625
144484
495299
45774
982899
615700
609732
387103
657206
682661
380136
440673
566250
14540
726168
947156
330366
371852
509382
24950
376502
104335
711048
915127
823862
41934
275578
745390
211228
914111
267630
428459
956544
409745
282282
351347
395336
637815
756428
398081
437284
175999
930209
4223
184504
429906
903459
351204
208562
470147
611315
129086
529162
346711
68141
897400
294591
132597
909786
924158
632461
774367
688159
901027
511304
520952
789600
102978
365776
362040
229272
340194
574091
328493
652731
778012
920678
98038
386564
574202
809130
203427
372720
591829
484880
82782
31733
902906
772527
734307
303322
533684
616686
726661
247035
639184
9790
543458
561519
859290
101049
643828
437008
202603
261001
362882
413767
117780
146141
318066
733221
890791
733523
293537
765300
279641
629625
740253
196404
280186
981905
540251
751703
19417
913418
585438
245957
276519
618422
641794
326329
447500
517755
419109
839325
794353
17272
246438
946762
23770
14430
419876
445937
946721
932678
433306
908529
103058
746631
678384
387550
9539
641351
272547
599060
554785
590493
978312
904849
314914
235487
339286
801858
923361
72917
15668
591890
362326
652785
568008
745408
719956
341644
443361
925191
375799
428165
960951
840489
703596
183273
816488
357504
195455
153886
78316
318771
3302
37444
36463
196727
73140
104593
547372
658741
997119
678010
398289
559693
929683
966625
917372
550316
124329
135413
657570
21521
250138
470481
134467
399044
737323
96402
347233
656222
515754
854705
247217
164008
647250
645255
691796
715873
322577
110368
575265
414047
247130
156711
84059
22587
854569
876306
570509
868003
475023
570503
395594
715045
485891
84891
114910
368772
515147
780555
561135
932570
169653
437345
910377
467822
241925
988619
413718
705764
554343
221523
487490
478824
832790
38554
788712
771985
271613
567022
56167
430472
399958
973566
500603
225035
504438
4786
488989
283624
530490
97089
613430
217058
176395
193082
387309
41590
993826
378952
57591
671867
186943
857422
625023
234325
827878
521434
196841
122158
955268
860107
688364
251451
508889
99623
821799
972979
712676
637483
456377
904213
21458
847409
972676
278050
421843
358866
49113
797891
214988
491836
734837
962568
709816
877807
271861
413972
903844
44405
856488
543645
543139
816714
786727
847823
818393
443698
859914
72288
45531
616659
363645
700250
247046
975708
938458
517462
107292
351209
727793
484715
685794
705471
542282
121434
312086
200951
93085
780309
857036
338786
376147
361063
742816
48047
644960
832351
754300
275944
112666
407478
401619
886440
583851
35403
625427
252661
120960
10272
176902
218366
361323
368865
606729
60148
998099
318186
367954
286729
281220
973371
808703
674519
101341
437131
144038
675020
366307
279014
283941
612467
848370
657397
593660
186847
692175
313641
333541
683630
483190
738673
263299
741957
223982
534103
682818
567035
538458
765628
2390
135809
748154
405661
8029
192658
261448
897674
390295
970073
263853
886762
546209
112578
717308
864345
629290
721926
62475
317648
782741
934680
503071
578816
890996
604716
703011
535589
614833
427489
449875
941724
550297
695126
716290
465498
381891
223280
662633
398612
710569
318899
64567
511524
512184
514389
213245
679563
704527
88456
80404
647857
913392
91767
96904
659472
480420
662295
977162
33096
632493
105836
472236
911749
460953
138151
134835
759821
420850
232587
906280
201293
457429
33345
667204
44658
700262
945288
140250
466325
106038
336937
840317
179398
576898
682945
349517
281341
401370
94180
542690
90258
63525
52819
631847
197910
559607
971155
477225
485630
813108
543599
952171
868532
875256
998738
8005
818665
76684
763136
197178
762491
835448
281226
652507
927109
923947
623759
163700
231773
159632
364655
67421
554530
313047
816081
413874
564835
853201
649174
503345
308690
169055
153828
488057
986557
68148
280
265299
545868
679947
7754
357726
830972
864485
645283
926457
845177
83160
329541
473406
817383
873520
903625
178876
769715
10433
694910
897104
251317
35118
73328
814451
137437
158017
254023
426632
579692
185300
880890
187623
408697
350239
977806
527645
934964
554054
686565
426875
485981
196741
987566
113716
70278
51088
35083
639695
722191
266429
246175
717537
223911
82384
170185
985669
239620
638375
388054
210415
998413
530339
441353
243521
564322
877955
47313
164014
502472
473287
465483
771272
888337
532568
549406
694328
640617
532054
117407
305221
17730
152704
293098
414048
668502
514412
916592
728422
615075
509672
582628
121357
204916
953008
96405
308038
122215
612157
988646
672683
768217
996927
954721
525139
644269
656001
491250
975646
454361
679623
448386
517296
574585
969063
538338
842648
417750
712396
693239
602347
691009
238723
264218
458509
48186
446271
530811
310929
241869
518895
457751
305589
725396
414745
945696
22127
942426
737086
84026
774076
987396
421902
487041
340139
483306
210584
886624
787090
189092
609701
209920
380290
70083
100991
918486
254238
279291
139010
187233
334127
335941
59144
102113
531761
443145
820923
459713
193146
329259
522470
752001
982298
194187
180825
678914
389438
270895
556911
730889
273172
644506
783204
572494
943610
648769
988299
10731
254483
375610
287007
674881
552044
301666
8716
352790
397853
784832
666787
156348
240069
924629
322101
497671
479811
232649
209862
329210
848442
653999
888780
66613
261777
818734
780139
178859
267804
935969
87200
869553
750744
781848
648099
412302
467669
33872
102948
776469
408360
908718
554088
355862
259251
441545
345362
936620
83422
204700
420078
134838
97446
351283
738389
767466
117651
328938
207001
57775
122121
441912
398927
713230
444375
471661
129698
843453
116399
796365
836954
14092
200528
761974
434442
494278
89814
163357
887241
638421
204729
104077
250481
247887
500183
257861
814203
487240
877322
844395
338405
709923
917638
682843
75461
374438
730441
109226
122794
910274
722737
684818
285791
72271
470096
920202
941780
623303
44541
213957
378356
808848
459000
328627
318396
134924
393065
676631
423785
187088
143350
465199
211637
622728
243506
1307
384010
76723
833328
781055
770099
211682
243359
940636
986675
473168
402137
159445
487288
781746
719687
104128
242587
893061
354903
929335
154815
826491
321309
185711
147005
554878
246397
273859
888221
33989
484246
751306
554395
183379
768986
689128
655759
49535
828197
805164
367321
521994
838373
806268
186882
276552
413772
168013
31995
272620
144456
511007
334779
658336
690205
145816
218696
255264
826628
774685
631670
186040
568777
668474
701822
384687
225404
185222
978284
126873
940508
270986
406207
903021
280108
789047
983101
375058
467831
125578
239741
384526
294839
976810
581115
204913
263018
678100
226021
115157
413078
936868
192692
482083
152395
489584
264156
910629
683793
776584
553829
860850
131505
898801
714798
658853
285640
6279
64135
783965
856098
662494
493144
374937
438612
709115
745877
871948
103887
378098
6008
339687
667296
180883
217680
227212
437747
504658
124525
923402
650357
176824
432607
392723
637677
222486
102823
527512
703892
904326
641579
552175
428225
381080
687662
823230
241692
13568
271290
348085
104846
709892
260381
399933
873601
102402
420938
685074
23521
827251
808903
636745
687936
781533
294602
295572
877277
621492
157373
586152
854333
845799
354242
143180
53792
939851
351739
230068
216372
181872
596308
291636
965511
8613
361027
525377
720663
89183
353677
317718
757500
57643
431480
353693
718805
821390
834415
729243
208340
456938
245556
518221
462436
725089
104214
834238
491077
83264
565682
387391
827214
449956
165013
282699
838677
722774
471920
438212
911730
101979
276113
106768
237091
954963
637108
211188
944547
662448
325295
10498
208930
929041
283855
363176
919946
727373
457805
938548
677362
151527
30879
925519
279201
541887
844368
998326
298688
219010
454587
706123
5065
199870
937675
224795
651663
851306
389511
986110
99162
879248
862567
352764
199538
648487
30127
376736
721681
539527
878601
167555
348922
512979
715371
9152
514702
357411
636172
888419
570096
860496
209164
546866
285454
724314
630373
4328
792312
163838
204425
508888
663411
503722
954715
438372
291376
440308
685717
407192
4654
136699
199705
540497
989537
94452
584680
114339
770422
380445
701228
561884
827119
751723
129089
620433
689990
235313
728851
712788
596761
31299
35664
262962
501488
374186
128269
869591
994780
404179
335344
71695
838703
636727
490017
109439
534117
329047
439707
629650
282722
57494
52810
690412
161795
258943
920779
571983
231750
828815
112761
221146
509772
825855
628046
840800
857251
643320
911185
715245
859761
735007
381328
935441
750921
923953
546540
277688
236905
310662
96697
392131
446145
1419
247321
29576
540376
442606
700660
521246
110132
169276
403459
972811
351795
488035
564175
52646
882202
18026
976508
829509
757638
616660
909184
47347
512010
458283
947519
947644
625341
808980
833502
219755
564713
244568
177285
260845
315228
211714
596051
689745
24837
283068
933655
910792
854592
969612
7575
287260
716315
581138
401476
188247
111181
397101
259315
150353
250304
778956
594568
274341
341192
279185
148558
231806
515131
167149
343892
711435
916581
194085
63190
514290
462411
697259
965716
138105
87169
447624
652494
42350
600706
175570
115130
769388
281253
369497
524495
407576
684810
79485
619746
834358
563160
577013
652865
735413
336838
971657
337884
939234
81370
921645
636295
881964
735942
741298
662146
899235
176465
413458
900613
498878
540241
134085
17772
747702
439135
689370
696918
60105
777946
583584
730184
690891
242060
818230
948414
273284
808030
7390
205369
606503
890335
201331
416532
745605
475720
791213
987317
432932
571013
578865
830149
522597
513608
800749
275026
792766
954688
442924
836966
681416
641959
425052
212680
196840
619640
276553
497312
200781
289424
528133
23603
447046
868106
335517
685816
957103
729536
228015
13044
636069
542153
281472
666153
699270
179979
820323
558133
213987
905961
324880
648297
643495
877379
710017
123565
185769
497480
992480
785579
357169
723131
902311
197111
163645
718820
142478
464363
308238
166605
404325
242773
964534
727876
736806
958886
572010
764357
324856
949988
81218
152140
627179
987623
812090
918668
748923
538240
679691
879984
351106
197868
915534
694199
622118
559445
275196
113454
894897
700428
641239
250008
97821
896813
892931
266848
976481
774536
321818
943948
978552
97901
821998
895122
845225
328585
113244
358693
754617
706662
182866
724515
124040
135052
769770
922084
741813
315866
496856
491897
115466
896508
640768
192065
369686
220283
660419
64029
77904
758357
515415
737438
114657
457815
808892
985091
401128
142641
452246
25792
711709
646312
102623
169959
847009
727982
243658
57670
247108
565656
7025
38528
729329
589786
224966
5661
701130
895139
925095
27183
610955
970610
762455
995109
47152
323216
44494
860778
718305
464320
498108
113523
440893
490658
125793
616949
232267
358069
657470
756242
212835
629171
950726
912512
687312
39615
182784
428617
551072
50344
475544
399255
321572
725109
61131
761598
850368
424911
996829
901966
117995
637954
469164
285329
550740
320037
320854
419032
439392
351384
864557
217990
811961
124447
522157
505859
506023
823829
912119
248334
703527
56573
165726
257504
123449
929322
601698
770860
298768
997132
279753
713144
36760
173293
570536
757567
555293
648210
190251
325972
285343
176782
35105
746359
543732
795785
477348
782904
509392
920125
801343
713419
512568
272329
263727
553413
455113
883177
340354
272688
753574
128811
229973
876877
596351
494650
350035
296755
267315
159572
535339
683742
542730
169826
353625
897164
174188
628546
149113
832368
209617
363831
535812
572607
593540
240460
301943
189404
706622
110722
879181
528940
856570
215395
678470
159985
912622
259606
281405
128429
85090
961990
966956
407488
644349
27363
621117
416085
457391
235694
27994
674214
869895
92511
9080
823403
409123
25546
56109
640934
591003
626664
258125
48463
395681
213107
905197
538498
861712
434293
754892
133902
46874
732449
316832
608857
2757
373145
311184
940155
70511
374058
55418
689029
769759
430581
963984
827178
550462
584891
422586
910408
132657
181512
198961
636652
274960
11423
182063
82707
931578
360574
173406
114922
698685
169265
184282
556870
563660
442244
941092
825929
722125
346382
813306
256034
345651
418268
271419
900524
985002
526565
765415
994090
521670
52859
310552
101722
142998
446503
685642
613152
631022
432445
951264
130603
330925
796531
887270
843657
495173
838598
797491
786895
858561
410054
895086
191802
64724
353930
770183
152492
799431
360854
196707
73143
50152
288354
82199
101347
479767
192263
986015
941734
756926
112958
629807
780985
534965
461971
255563
531530
64744
305469
317689
710991
778447
661532
74074
966724
458492
58354
857666
346378
199419
918201
240502
800765
900578
427726
184664
622832
70187
114600
442069
207976
716692
305834
285637
934899
918996
489551
252996
397357
849432
729699
517587
829969
73484
798920
363903
83397
847396
549224
365265
497184
102421
997258
464092
185096
872209
25532
871005
974461
166287
725138
928012
613085
268609
456449
963428
666603
749763
541727
86897
868905
134075
384348
472647
669023
282022
161986
488120
414375
938908
978859
745493
776600
503790
885649
118758
814226
255158
105900
268826
287132
744778
484973
82119
778916
336150
167541
504234
805282
300987
680052
519129
534798
932084
954679
626222
816914
238706
158381
984174
284411
111222
739466
869476
746437
502074
112695
822121
474810
623966
714111
442490
647124
472107
759449
404393
563077
251255
973159
421333
317417
650143
226960
639298
32088
335226
188790
842670
265105
350043
685121
179600
432433
221620
476994
669936
861654
874214
887531
561025
808694
864937
718562
781611
820836
682275
386337
31609
922642
565362
806432
434546
377221
261068
698625
5882
517127
228933
13738
606581
281689
242505
751681
676388
633665
134100
79369
478872
847200
193911
62776
173320
115663
848432
520759
511736
256607
118155
573260
907517
855343
39179
450953
330647
326956
363602
596850
978384
945079
500448
731435
196105
784718
220644
715122
360614
9947
143973
436124
57849
304604
408453
757519
600847
264622
761522
947946
276673
128240
306221
979670
177666
127864
873771
236205
418040
126908
226394
778471
56215
107039
815860
642914
105441
645835
454646
944132
910598
601786
879543
376841
630178
982828
387280
822276
694813
224828
64269
83585
716134
926514
295147
901624
626547
175838
766992
325779
352303
107710
797528
997887
28917
832773
671283
897456
923204
633653
963941
411648
888157
966739
728489
809731
118031
23088
310005
379914
725772
21836
888201
264363
29188
640756
271529
714307
73804
458058
989422
305374
83620
931001
715129
437416
978418
940580
533875
834081
617819
845964
641520
449214
282725
474925
436691
543252
356581
837827
114990
671195
44859
133214
953460
275006
901818
962327
784975
541964
718557
632526
701510
493874
381632
267788
910551
619721
80124
235320
341598
415021
199067
847877
991210
514413
327777
368323
291688
683805
645225
903181
609273
159700
377014
134298
484969
736649
568184
474126
668701
1910
591860
865850
273577
128435
190870
609838
553906
545119
978747
611896
774819
129291
802985
143665
188304
138355
803810
775146
873568
890847
931459
697726
852325
727225
954826
707986
197380
267800
782394
693852
917758
409654
954144
354800
879941
661833
52586
920232
593558
665596
531366
668582
488994
795885
874746
826226
400252
585396
240272
431142
934496
717
52096
42795
569919
743162
987438
347613
117328
202999
471346
143138
512448
582949
169612
190493
388418
915162
365143
916413
855525
615557
839905
721508
288916
567196
118178
14915
860519
232191
186317
603349
107889
589098
988693
698689
99839
600716
209597
334026
310587
466159
177214
681286
595264
375447
428745
258619
222111
873374
925940
299263
310252
315302
298394
347586
453752
481570
673528
237279
105299
917961
749112
24372
918297
482022
59350
611506
927407
293305
962587
599523
826933
777238
836241
190865
53459
400839
699116
782724
199105
999236
64017
136692
858073
92047
603892
920557
25465
479803
985335
487863
612383
548050
769773
837604
550027
924518
425870
140556
620664
705275
468599
287234
926955
687253
763445
198516
881617
895438
283702
831798
11901
342341
652749
631224
596051
911496
814217
814631
224555
939460
280899
797350
641559
885217
202554
267230
808648
261312
687737
572959
654204
272989
489485
736934
534867
794944
631108
366918
773191
645695
517345
284222
479668
536568
81853
329808
250202
47821
17895
725148
825254
642801
17003
319590
952062
395781
281975
862625
774454
848612
707562
937846
58567
907625
253520
652599
969818
604662
41682
576618
388445
695286
556789
357834
145766
187911
427941
981504
793932
173469
274969
732331
719849
465228
832399
311328
865151
721751
503091
949493
406833
312672
11
227596
414147
42591
831083
90267
870386
441879
360636
506666
931417
507474
951687
42186
382208
95543
791151
980671
393507
885204
677905
122039
271271
698750
193932
279305
424680
16601
384534
591986
809367
515183
250468
209967
886866
781270
170872
735886
291127
247759
319682
842847
843557
58743
580644
741124
796070
581630
449531
561646
93392
349480
264751
621981
497281
227143
798477
716068
391197
284339
145055
476668
354336
231488
645690
235186
133705
881001
652667
142387
295123
680691
325391
446290
80739
55326
457485
516501
224893
315091
343337
824025
424781
484203
727506
634086
909182
885062
671778
564512
459659
216418
565700
194737
812370
808754
721387
61087
771548
58269
793927
938991
630743
370090
970851
381726
514412
396233
369250
58217
911333
243041
499209
155880
683815
507891
571579
370566
409818
121612
352348
109365
775486
983304
225118
366766
195307
963093
727041
890983
798146
871284
62568
727900
671796
215594
444797
596397
872865
217532
863622
826909
996479
554907
749463
798772
723811
925316
396876
538824
23828
880353
779942
987306
502312
241282
895882
622687
828935
760759
735773
647043
193761
469587
460416
588484
33361
438051
375232
845351
758765
661583
308509
361647
907634
797289
847188
620567
92900
72138
992194
902098
583226
849155
21371
89675
698469
463914
754133
797701
992636
802830
627346
18760
130058
469689
91158
154999
37404
780461
585789
55515
71557
577213
870521
339871
532810
172411
210699
734704
598026
732516
637589
806228
860636
393925
825399
758585
387574
132784
991021
581628
728939
499972
71045
440749
965135
933851
416197
856188
999642
984603
708965
934213
817453
290838
260943
539378
81898
80131
53315
620422
863016
782744
898533
383725
745788
26265
553568
196513
624108
564500
140235
874762
687820
728739
115405
645477
99814
509047
10696
870711
597314
975448
887512
27092
240489
664622
741514
376666
66566
394985
881100
861487
790941
170914
624736
737487
835469
195976
57734
326946
101362
799013
931550
249401
457387
63647
950131
653812
824589
14872
886632
179094
608116
673943
267729
89761
872579
784365
949251
370506
752563
854818
688545
200318
379473
676421
123221
465900
122166
391719
843169
837052
7829
931896
561426
393501
27670
245021
687540
809480
600199
984799
903033
994921
895624
480775
989161
247159
139517
782920
42465
880896
317489
152018
316644
182088
782154
59363
675565
968335
722079
789424
298395
452208
631179
199618
983482
766594
233805
454928
875137
102217
645792
6783
170696
447654
890355
719623
768796
109273
399970
147760
953864
748767
978208
98202
281801
620909
656236
795719
398987
369010
219333
814591
163943
888777
652247
165494
595024
879643
635003
27078
226309
336156
392255
118396
33205
708982
526926
905057
18937
908282
121428
58981
558500
443598
73632
713668
76058
78601
619883
694410
514425
916708
685419
2450
165894
45067
189861
482678
428949
523991
241997
15048
967453
618344
757955
750022
789363
186509
433205
879282
84337
349526
849478
227350
414611
380558
958838
867035
944807
193973
102214
742338
618809
152115
79494
439731
772699
587589
671268
70210
884945
315419
725486
596253
813396
943879
884753
716660
463301
397289
422844
811656
345132
529355
954577
360953
268877
830566
652523
843851
186689
145844
536194
606026
787631
732027
461160
860407
185097
142357
646493
145812
320576
86959
328821
267551
763135
659118
913968
972832
94837
542729
542155
36541
180220
118212
790063
624728
26997
127533
1278
242207
783280
778142
953079
474596
448814
171297
373274
613292
99418
904865
421471
951909
607490
822916
324835
820286
948704
433418
134509
955614
96183
730072
483253
968763
189714
696702
967018
672660
955901
38498
617964
886377
856179
575967
417262
779235
954711
961522
848154
964830
471908
747157
175911
677706
247353
232590
611873
705350
501300
700765
160072
768664
759312
268874
27926
76823
913239
771972
460162
300540
883568
591723
514717
416033
434956
742949
68256
106224
342738
48023
211862
62956
131705
584343
951527
194817
552937
230639
564009
112886
407054
89317
872283
503860
299754
122577
481161
659923
794978
740622
42118
907268
917654
801570
179234
164116
815678
899901
765787
597904
800861
102335
684451
306636
241186
153901
210142
907374
443621
818830
410791
352109
367302
230740
194245
414906
307313
338649
952744
980510
699983
647635
652632
542707
172800
660238
982549
60127
165419
427007
203210
522984
639419
547350
925066
874296
534209
439271
50523
62520
509530
206566
580600
692894
125250
786551
934575
416459
6342
604828
739265
134681
69146
928858
829172
922188
171030
355928
301165
596225
457216
922996
882229
353084
868262
409757
522513
935991
93075
836302
554947
466874
23160
328534
366155
976665
898552
893006
498823
32827
710625
700902
659550
284646
999890
618735
703978
138764
441889
59023
671757
645205
194653
143921
157615
796987
872797
649515
527321
874735
417460
293018
618480
922602
594419
773212
511234
93421
267324
18928
812931
339813
684657
764381
394071
347908
463591
871499
336145
535772
626709
874659
935530
215558
280933
657327
743748
686113
193396
648786
996333
487547
421961
634525
535883
972460
662627
910471
133285
639357
171377
729789
392556
351678
476327
500484
627189
74636
738983
978108
243802
660378
768352
202099
751955
243648
48590
30366
828859
192123
100799
700226
282779
632222
92779
565131
829372
437639
538752
675695
802392
462865
329155
110433
724468
847857
469548
286007
197268
965971
347329
158638
759635
637668
857536
921333
404235
400083
159099
350530
729598
179041
653689
833374
166888
197647
173791
369432
891328
354601
600237
563972
791024
985974
566781
744606
469251
34493
896102
546591
677170
933159
371450
317171
353207
243455
804628
948878
512137
506683
727846
298967
589718
961471
899141
91692
497427
320568
579757
346755
101955
431829
383940
848602
828106
301275
695722
754728
498809
211914
405417
867840
213585
377021
217084
38610
611195
689591
391995
991953
728929
200968
607528
160334
441066
5738
265819
6527
981732
182461
391881
325512
988159
167530
535181
870878
786482
640270
664700
536515
516392
72188
642342
658922
949186
200821
570851
210773
224075
330456
455544
460767
15666
255790
990531
418116
964145
830129
706908
625818
804976
811947
21287
516838
910422
110280
628970
730206
818187
673949
554300
552389
142392
9770
568548
630542
830237
253095
526213
621935
856084
468192
529060
284305
195773
381209
545438
28226
985320
850196
751370
57217
369208
397890
359099
377960
275432
580122
241607
618292
403360
332936
121885
577262
765991
272762
96890
354652
771804
474330
770755
495103
637021
12114
819560
250199
796989
718198
974111
509919
740428
115580
379290
789922
761024
310324
903769
945280
241354
771471
583497
458921
210520
330964
661160
144756
843328
494730
627738
105857
39282
172103
854711
427270
283228
80021
590445
659952
263797
881668
530068
938598
835796
459398
851027
966725
81514
211743
254101
625750
123928
767141
907071
359231
881476
841973
431413
696394
425795
74017
808448
615669
350518
554609
772106
520578
607213
945855
536206
387919
660513
493160
997712
35637
146039
918817
190326
780477
675851
159803
142565
251062
851853
536521
267455
930668
433753
700597
874384
134022
961634
237799
241384
48999
479424
811734
184408
156732
279132
255267
123404
40160
902039
202676
356404
567647
893943
72749
469598
214599
150700
771289
279551
156590
175756
507152
759365
118080
347799
838693
277036
817328
410587
915065
178087
100208
782601
781592
385835
478848
812735
91946
703298
268586
20846
290390
801339
91534
498658
490378
129551
874471
471690
620411
685396
54470
111833
735317
515062
382109
770379
520759
724555
787646
555636
224488
630270
408556
581149
486575
275177
522412
501131
315402
642437
494212
244073
43563
804973
209598
525945
935166
249704
295443
635575
596912
934431
311739
527359
278816
231853
405022
601685
435627
783105
850012
703074
391277
439194
687168
330630
183697
495688
839170
471977
513871
929077
780872
398456
386382
279690
623446
570885
172796
259128
866919
933894
849126
996092
803869
828825
506927
9158
677945
435556
813844
922709
458789
532650
162507
260964
55388
888704
457871
293918
68469
441632
428205
296464
58882
840063
868980
453028
654366
52199
282027
208139
810438
877020
51678
989930
599149
569447
747577
263902
704198
999268
448960
55871
527265
926660
331070
287324
607230
948831
962884
159182
599457
966046
698858
581024
932975
224306
451411
807036
349636
725590
799790
369064
853846
984702
176534
267910
970273
219313
659455
758355
721128
842170
468518
252763
827756
424936
468754
769554
396139
771790
57514
571797
251971
537842
835219
713688
227015
590026
726250
737079
766477
699950
696333
97434
773798
635476
332086
222471
664343
629082
912161
191539
546726
268507
681067
483662
994840
230631
398742
311855
497382
364186
527823
586494
738714
100685
87185
149147
510595
544793
969651
131431
679154
895496
495135
972893
951165
29684
277010
505456
725266
92614
6413
558387
996303
111567
389243
500214
120705
976628
388602
904471
802186
112674
276576
491968
512699
443154
263269
198186
193042
3192
697380
787560
234900
872454
405905
450558
256111
503499
840863
735258
319149
876033
238020
267799
113448
522712
277031
272776
422653
857874
318282
984093
932429
810598
523049
877052
883626
206537
831978
46911
997647
788825
424988
172388
938887
379758
567983
479312
781370
476579
822588
54440
873377
232965
664653
819942
426593
932046
866240
794417
577488
438611
923588
730364
209033
408640
944443
425939
460261
165754
932321
402738
891362
372169
838148
619950
243937
82275
897752
138163
884733
905180
626409
932019
565138
728162
49377
276116
18018
469530
287417
450853
435193
325304
657993
120514
546696
810230
28038
524784
17021
389291
631773
754035
667754
168481
438386
183028
599111
920549
509254
652913
44929
910605
139960
675548
453764
544957
100909
830115
562581
797293
941901
305778
237948
440743
400847
824702
148131
574422
629736
209463
178039
20639
774292
602743
437058
984759
157488
112964
394008
743826
195234
391361
840346
347462
676875
126358
69643
332859
293440
696858
535555
570329
500537
383671
284471
482119
844951
972275
111295
434349
118770
750052
568833
94183
615089
567657
572721
3182
363067
599593
689274
100813
299057
237878
677274
718747
933037
866459
299097
938687
824201
619405
915324
47191
780138
601479
36431
52771
189052
89602
601473
933741
424349
46718
578801
975953
193672
199587
400547
743749
576394
581665
516916
265759
470693
473884
453900
365190
480649
829401
356699
610647
29062
904708
752128
887117
695856
367380
658048
644080
230223
604129
568673
507910
521878
562908
651557
392924
412077
868205
50580
392819
766169
612496
69646
205467
85340
30595
193602
121344
573821
565996
896392
164784
388149
359777
318732
949186
523933
466245
940773
214635
101241
566483
822352
101587
15833
304562
562896
138306
933809
878376
66039
946232
948117
623155
60797
129810
999573
401980
865961
246928
835318
405140
353294
664453
272897
779897
709876
679580
446798
808171
238766
262496
454509
391738
214568
236220
335044
44515
735083
507096
669189
638078
158321
158136
379061
806233
53091
740962
592752
868707
735966
590806
409118
577887
757431
688677
134201
728692
684745
37731
697827
233510
2609
781979
106749
410899
141325
262156
181726
206608
826282
977890
462306
919538
824369
136312
42545
206008
275697
755585
720952
67210
739009
460273
722628
678032
782493
566965
579095
176853
238897
196369
35789
594001
289573
162294
865316
450946
356358
5912
379438
240424
911545
993805
716386
72516
225147
449736
632229
201092
137297
123664
859264
184727
710445
982376
238197
196015
928128
509786
703207
397145
13047
811470
229380
771192
785716
668237
949198
453869
265366
679722
713305
969531
688520
113970
917003
454175
624673
693858
823438
67898
683749
657421
415818
121515
481696
353218
297438
180476
14438
203739
492857
602720
395884
36859
763851
594655
851464
17742
704485
582979
812359
100344
498488
677591
882958
384430
700913
987184
185738
812879
325844
626711
811089
434082
661159
873170
134079
631582
896199
894410
593834
154298
94091
699067
82117
100340
837495
323783
344380
225253
221052
922447
963136
585052
341766
183592
452140
828148
743617
688770
592731
59745
684959
502046
707111
485309
229075
590616
805229
81896
392173
133662
42950
810452
811766
198028
829737
28172
648047
724693
271729
83939
992387
342233
968293
764013
837885
556723
408349
865331
640208
509695
65178
830431
288491
285609
661500
433300
567616
141941
214063
732299
693476
9416
814251
792017
382061
437472
923630
33672
227711
872635
803060
694449
957786
663314
227261
738868
438172
389453
192214
550381
786077
143287
728179
774634
350816
768658
325912
969842
430761
679937
476748
57338
347254
532229
366227
388306
403373
180341
738026
554106
36879
831721
205614
471368
524578
671989
626719
864923
429161
622130
944253
581507
793192
508809
714985
57934
676577
871162
494524
446037
890925
141320
142387
47826
916238
611311
484977
590558
23698
517784
966477
601291
728299
550912
62019
838231
157710
746707
323872
280182
366549
518559
344928
944400
944337
734156
116333
135294
956890
378613
188063
868185
311358
531897
754696
307002
772813
524876
58816
82906
80624
966512
159950
131325
156078
220256
485651
331582
244954
580519
596398
57153
87047
21053
181051
747104
307877
933634
314356
863207
199313
774401
846971
203892
4045
493972
951654
512347
603925
240037
532752
852425
812674
474309
288749
987646
542316
867895
340169
4627
506067
723983
25305
635924
159465
108470
156094
704655
521756
509346
349216
728648
374046
136959
736899
575458
860695
532039
860136
757083
446901
104114
935811
781018
571005
264090
936466
912972
967491
431960
822422
660148
794967
160443
778657
97622
383982
459141
851707
789198
567231
761880
315080
501753
861791
360374
209959
474155
639455
467102
368194
273310
862320
518355
505991
295848
440226
800273
122142
849504
339532
168269
25782
129089
341819
244214
742605
698499
118189
760275
210788
82884
502799
11956
951098
611999
743309
916616
221190
357256
592926
63223
124383
186339
70865
667843
985644
122788
423799
983394
587867
660725
709001
133084
167945
189685
635590
622049
252896
549746
626700
409191
293956
427282
160208
164828
224322
385858
9589
249967
829925
661548
663054
911892
417957
885864
633307
867665
356698
288564
642896
39312
208289
556134
501828
277613
218825
509746
174616
579865
721575
351861
540459
761579
462103
768851
927261
627464
214579
364966
213978
890411
562730
976785
602703
935899
787895
566584
881098
99076
780883
650943
877033
528084
652604
898923
691353
602366
394804
435309
773240
63026
74633
591317
89924
829725
508282
112607
555674
549228
849343
507395
230408
677906
979743
864905
881132
806693
401637
152199
309255
197631
920756
611631
1368
890427
651345
110785
403081
490802
910308
583434
729881
981557
919290
341921
571996
372647
762164
845875
835488
114708
326916
823275
901511
517064
540039
275953
838537
471714
970770
50316
8757
760706
477814
72298
710868
192147
992443
690372
625991
721672
528815
512640
731197
278859
895082
341668
106915
304452
884733
849632
513522
384285
115000
94667
55815
427181
896793
7484
350700
921112
761135
940055
549101
939809
653251
304250
16194
613270
562917
303762
216978
45012
791078
628480
900853
498196
586608
273084
277588
673140
788863
393493
591646
76215
77694
160748
604176
798638
266451
26406
693726
942197
543487
684304
985886
596397
278622
150216
401499
405664
331443
933579
598784
854267
18778
153178
599164
538181
77659
109583
284890
97204
555835
848177
709193
266642
910891
704218
881548
275688
234881
940449
577916
927853
684589
457920
686633
176495
155990
562915
651971
30736
870610
299702
431198
887811
518456
318257
149864
932968
266221
789207
140688
99553
49354
409283
730176
800897
408996
83330
994417
856885
682505
807575
834420
431830
148023
271118
144843
779210
989636
216947
862582
287890
69064
235270
489811
870766
859769
629756
203338
584284
47470
79948
279261
494847
722171
66870
742697
739533
239477
785587
963311
369454
655034
104058
277837
959637
776021
243777
886016
599536
518680
365050
723465
263580
837455
51593
581503
980257
124546
886120
383344
193114
947897
318210
114890
672442
545551
163704
79275
551127
293062
99890
157313
204030
181893
856806
458296
581458
435075
740998
442225
834880
691136
718969
870222
741311
884789
146555
175295
325193
136609
929710
771223
93838
443836
118153
239476
907496
816715
252737
808018
673894
442809
121727
378975
811592
752041
949048
340398
131763
864160
876729
686685
689630
276607
172849
921813
80718
369549
191950
423973
447686
952127
78073
330608
547835
678385
770032
859077
947282
175212
471811
792468
664660
150409
133718
163139
51479
548078
396024
462543
96488
606840
196546
332422
762282
430345
404756
495673
357956
796559
296155
835730
397401
773605
504235
266298
381341
895399
901401
517441
734581
676584
376926
350701
561941
453989
59948
146725
628886
341148
706487
875979
319812
247017
623047
648101
939789
626703
224691
731155
315102
573641
326268
942661
557709
730368
389322
753623
112022
91181
163716
7325
126542
389836
437628
463101
627742
734111
681542
57156
813586
48043
863350
842773
303714
441457
524618
438743
882415
549234
365956
435002
651427
662166
304093
192936
61960
318820
631311
801279
930504
938385
284105
960222
253641
627360
774643
774638
566872
801646
878342
599033
910596
350483
294344
983542
863508
265160
33148
107711
805928
571675
167711
893286
625077
735350
924808
880575
87009
264446
31177
854304
504301
637071
531172
263619
818368
875032
462872
583579
671545
661365
885436
692504
570823
955781
332887
493912
671990
423386
674137
305107
739943
435784
314978
217651
964591
445030
606553
74760
564168
633007
114890
970347
443012
219448
543027
385548
715399
60192
112641
831360
577555
253296
209955
220527
805527
926298
675362
834108
654534
169388
786588
633495
582037
459815
134090
762503
786984
43623
252275
572970
94337
653758
811229
231668
532700
479780
76918
349478
400309
12198
733310
38116
564223
156014
965240
728026
470554
823730
380744
135218
477404
18307
687104
779802
136084
359091
924842
842188
303270
221160
123815
846428
64021
206959
667866
349397
312804
666181
121342
1210
620469
854620
799047
820778
416224
396107
25439
990529
911809
117659
154086
327754
272081
206669
505542
840149
609016
517893
829542
307600
185548
192821
756722
9659
675827
245523
876851
113168
456717
968607
932089
211851
552931
91509
146737
73744
201609
993406
772560
345974
908696
186238
622571
620912
25510
407084
219582
151771
538977
153478
451180
897700
784349
703128
570604
495728
417261
639584
240944
334534
174486
56115
576077
477598
342790
166986
186202
5397
542409
885778
210228
101602
526236
658437
335172
918527
814721
863430
456978
422962
395528
946054
423121
19946
82687
843135
71357
480528
394996
218140
718933
664865
701408
775247
944268
319044
351527
122845
299205
620542
729318
173880
346957
401122
75954
765936
704676
224594
265842
451859
963556
106106
423602
543301
324991
242674
29606
997598
6496
40512
14488
567449
944449
454351
558602
156416
781026
996748
535970
723497
248133
114912
624830
984487
641484
940068
91151
766116
962747
210811
227222
243456
46588
747013
861009
369663
307643
617287
234301
263870
366079
148796
478361
560352
286305
812044
173396
484186
599842
31765
336045
86370
289012
129757
763277
871852
141366
904161
212491
406697
999016
931479
541583
770413
841362
981889
353915
116994
802401
223629
440985
603719
169593
151183
81391
287191
818244
47434
732985
848083
445070
417785
690621
607762
490659
24738
709734
639693
282462
772158
969297
833929
865065
756116
983752
786737
976166
37682
38947
94896
225824
193094
913992
839982
583358
928097
119704
370274
833579
794380
881035
7419
886156
964118
329108
317442
24015
9866
626189
20342
870085
423919
269860
929272
661117
733557
608668
62932
165776
77883
134141
399559
698552
218311
229750
402451
259881
846669
30597
629626
523335
440009
293295
526610
738951
390087
420676
170142
199300
173056
878998
332468
970055
677610
352984
938376
211190
330164
913643
815642
749469
756361
740986
707563
321744
305996
681277
91488
489195
960191
158329
4030
962640
316918
191161
740089
992071
41328
79625
869508
400838
709442
960480
680663
554553
851450
984552
912216
888880
638778
239187
789021
652020
750087
709753
393955
204916
82054
261211
936255
127822
133836
764916
710634
347055
990855
500786
894448
310821
322761
657999
985046
573198
743770
463173
308657
819489
542867
430699
699403
908306
534582
441071
561188
636040
958391
462162
562856
63776
999491
38961
835919
587464
575109
75632
886397
100929
871275
265831
101535
385896
694262
655141
356286
886358
243713
413385
384734
690498
96521
529537
213293
123964
840694
948075
256947
42522
17603
708827
649764
915408
433388
311841
975542
433084
929632
817106
311480
875804
812627
102137
421968
723088
804640
220353
732188
169594
374138
885162
748096
602869
892340
30451
947592
537304
242223
341002
71227
22815
814736
501720
754730
461628
294269
116603
32636
877099
537906
656649
572329
618028
581607
105788
574974
576397
541331
970650
89741
535775
47381
354593
184149
956411
371244
152581
236555
771202
698541
770226
811379
730637
537430
907541
337278
137037
320247
674871
195979
618641
879641
75972
465853
916357
967473
865201
524145
486589
886603
490655
519530
737283
15031
808032
279457
186847
142354
109571
182998
250631
858289
154831
394040
348332
22653
589302
854050
942298
341628
868240
228525
619367
488128
975081
524924
931689
817590
15372
469552
588738
395347
143272
170155
861398
86764
238658
925707
287373
917183
430939
19095
551297
302333
214923
489879
716238
771947
412541
462591
396555
473814
93410
61635
260321
217496
522827
412723
733299
65998
795795
11281
331769
474909
649298
118769
649414
44356
367131
369281
327166
803931
239650
558889
467581
425477
770922
124154
207254
850179
925262
159843
490182
535202
195546
701797
118330
4582
547381
627982
185279
638996
53025
734680
860342
370263
710586
798594
523231
40862
928036
61436
719941
601649
186111
947436
761403
153032
309942
978021
5933
149945
959800
682991
578561
650790
919658
150974
400615
991144
915759
553268
173531
588228
366003
956880
428029
333545
833097
921644
264499
806987
890780
333002
223275
186776
666002
670031
256664
157055
16866
177677
735355
671348
908857
497083
3152
9249
593965
793882
213841
195171
660388
373201
941375
490120
238726
729617
744924
271262
669458
651672
77341
869881
565705
307618
485372
244974
690236
113576
229783
284645
146382
301960
29941
804282
605862
921592
533974
637299
521047
988189
928657
496544
885594
205732
527718
325965
192996
563730
915945
934125
960132
395956
679793
240078
973625
605438
620582
286030
25645
408208
783191
238792
700571
544338
71283
755386
660601
688544
929469
801233
910665
28662
686737
582396
480753
32499
371488
918014
917739
707611
775238
541684
847573
105271
239577
420081
542248
638944
808502
275456
661103
108441
768384
199760
533938
613211
154994
868
255070
893671
224034
825609
635118
388534
319232
110877
393164
798286
950441
513905
590684
681914
561205
668919
252065
802514
416816
70157
139552
661535
828012
988047
611874
808664
301420
908668
868568
942023
399051
917733
693366
963518
148186
838463
262953
269981
553745
666883
420211
397034
783455
952995
218338
877763
848734
901749
200732
756972
141283
951922
184713
232137
280508
532235
757781
660160
581426
134269
246446
598415
192095
685659
665505
221458
112668
857428
935526
530555
689494
749718
478597
472645
408414
438428
420307
805985
268679
721740
692688
725410
635409
128217
470995
509221
195052
6569
984864
579234
348788
551391
231675
12063
620137
754068
348203
536179
666933
170459
682448
459914
897901
229027
460597
181771
476193
975767
465545
831036
162277
866264
300167
395918
223712
542301
10916
98988
554473
558885
821189
825497
234615
97938
644255
479291
78042
578623
424567
755268
263577
67025
78835
954478
937792
205257
219136
445611
885039
392461
326203
557330
586970
933373
390428
744070
668009
670416
867122
867780
23577
576905
409305
270226
485541
744944
192904
881518
925274
492069
207104
823333
788188
736931
806580
97222
824741
215670
354612
23188
822633
940301
540149
375809
943569
976729
926895
178433
677182
144254
680173
104394
914732
31642
847515
691477
907069
674555
758340
497838
549662
64954
988274
49588
34722
274864
951120
420348
994059
913572
802701
318563
138869
652471
832748
412249
241520
24673
737582
932497
723970
748366
799490
227343
560949
633936
67331
215897
593998
289329
189324
408700
363448
570070
714331
511589
936244
193574
56826
926932
392405
492467
984813
733603
208065
758069
428283
762174
182530
136943
12668
371202
103129
277756
916159
676989
173951
763345
505137
477194
452729
222392
757337
626427
14946
787976
183852
804344
311193
554081
743458
133268
386104
803286
527537
363104
378187
116029
642918
419429
998392
479018
82919
210760
219247
169190
503175
827401
604161
808264
155097
400239
298486
287168
483967
42903
147148
37338
383705
558693
326559
513827
558527
786497
29305
607996
767939
957604
780345
849870
763971
197865
385662
889434
961171
503268
98219
326217
546855
603161
820680
124129
564300
630883
596369
620734
701043
287407
624479
95530
99235
111111
343256
889599
100851
232421
735014
134359
712995
931080
299991
172659
126112
442055
208400
621474
993637
241831
774432
797701
477023
212036
12336
254905
637304
941507
542377
373190
9544
880839
744405
255208
815272
775916
40481
880468
714261
79304
177340
379551
30935
120721
853197
661420
977052
910100
411992
72622
863077
332045
105154
663938
862608
176370
487326
928415
433868
489992
722502
25775
858750
788491
82629
873085
118132
619464
472497
864267
261225
847522
141000
737107
827952
774346
83697
420004
732175
140189
946100
35528
994961
472362
960165
413756
183927
514925
662614
727612
356978
964942
148132
121694
635084
138489
147968
378745
399674
839885
97446
401192
311738
928123
708178
978014
477394
960922
193903
344435
735211
466830
445318
978556
643197
305023
213986
473276
664111
692174
784349
514222
161598
728573
466227
824600
663610
966421
753143
924427
710675
113364
63851
383289
534561
252831
476936
549816
378422
260403
666267
86753
413548
493350
346502
454271
241358
690362
295637
17052
886760
619085
77090
547333
870354
440560
757131
994291
57345
840829
514044
284648
63545
494957
663057
766797
551023
876831
992802
30949
643063
985040
78330
872115
765399
760446
704523
791942
312464
669224
456122
805899
536873
391311
411997
988883
824880
759884
842619
540361
893869
478625
356694
573788
917068
515571
757130
226125
849725
312612
368804
706404
273511
265619
717782
159128
841936
594318
71413
348824
847977
307836
78154
913809
452210
158300
856782
126015
485291
652102
298554
209201
634803
19196
884887
797722
188110
150565
128881
157473
766613
206757
384680
951724
651471
699457
359742
521428
945934
679892
605587
631676
641559
372845
172537
680236
878220
624546
171200
225121
871535
322214
188964
888573
220095
118746
942641
426868
995922
182922
718245
513829
409693
994414
950262
113440
23155
842621
731082
879663
905937
280797
426233
235290
850570
69262
402541
994094
535754
24124
520563
7012
210489
867018
310107
492411
36872
926731
913008
84623
92310
430909
396539
697953
696237
148077
214325
730164
653961
515406
608717
725204
130954
299268
57895
77120
184008
303124
715641
765130
41616
428883
112886
938484
326368
168317
980570
108549
819887
714224
529877
233465
862762
695470
860731
930427
696987
38254
601562
86725
225616
757799
710040
656909
772468
186902
353442
85421
673113
435851
407333
388262
844685
847950
542502
983985
99917
872815
237636
797655
604645
71784
631112
79111
862937
840849
317073
408823
207931
309257
378139
664459
342363
173500
879919
816874
514254
765262
673979
592709
189357
348268
690620
402312
48980
995090
248558
298002
401837
267995
419401
303964
292208
565435
472453
392026
915981
158496
368556
572794
710644
561357
658123
884197
565471
314437
903231
656593
181786
924819
731163
303704
483965
695060
592829
486441
846908
410833
378290
190401
67488
76634
997429
105630
86766
569622
488968
969463
361523
730120
542549
278893
828286
518134
974972
469790
800865
913080
596397
347705
921779
425414
519384
311922
36061
84928
755027
133572
512796
875178
290313
770902
827419
173864
674230
265169
764643
634228
590232
47917
17554
241326
495997
890044
328557
968785
528479
165800
230801
987491
964395
802289
64425
512581
460078
836494
278296
254831
977627
58756
586707
602105
155458
243844
259150
534763
620324
561136
869868
379182
657677
949445
785981
371514
112868
589786
444895
720467
714005
360813
191487
105735
202064
756140
858259
57492
621320
980221
850863
508859
247214
258013
647380
305180
515177
653569
24461
817590
335316
315363
913312
215114
684070
92408
917538
397183
291997
502516
807006
282864
504125
323932
549524
844789
966598
930751
3639
206175
964615
466
476957
381230
550509
28944
748037
155986
689103
242373
470642
310335
97308
747048
888625
477961
39210
808158
284615
256077
580963
128540
222596
879198
196628
545777
79752
85656
533161
190721
51192
916406
179247
477751
13928
548800
973249
12811
536411
587698
902894
13618
790051
670281
543733
571150
603108
192347
545960
627172
569207
132219
301671
411249
693749
588158
568097
698369
801740
143854
17589
223012
371804
56382
885154
687712
509143
278200
614062
88187
889063
213103
848280
205181
415528
102714
864469
584380
190934
596441
257185
621609
170558
56347
70182
648801
3399
591746
135670
427237
451156
138706
308129
867964
842291
685456
956236
415912
250219
698580
923976
22254
521728
921773
608765
104207
566738
651307
200324
723540
612302
928548
597369
319612
449813
603463
864547
110321
922674
992410
187684
416765
625612
404307
274462
574813
406897
304705
269787
989873
156816
870962
588665
972439
448951
507449
309376
225369
947448
259305
304849
70732
688501
919240
898830
453503
835198
585993
537202
304317
539439
580428
672074
724993
157775
242365
251849
744880
481530
716530
824491
374311
723650
744622
243668
11046
331970
541931
154911
379211
252488
647852
694909
921444
723752
661282
888334
941772
847376
624350
949106
792335
351210
2187
847409
348375
105526
631857
756093
920921
847090
668909
197451
178731
251005
870755
485452
476446
666680
746189
212380
240931
479832
184338
923017
8466
311881
906904
523822
57403
289285
488157
899485
390899
342829
140564
561379
517730
290601
496574
291320
182961
331539
832882
297910
600907
361117
64501
876439
511612
395626
195362
250955
672406
850001
251936
860925
37096
396692
198835
445248
531009
78842
772671
594207
225906
215778
517271
335848
44990
175095
216229
12482
749215
565553
919281
440663
417170
986796
972089
340670
597553
74502
193815
365461
877194
202332
784610
499535
32808
333388
554099
269967
336457
18263
250532
780297
256725
426731
478552
63048
971559
67070
951263
900174
891550
505131
171838
973684
858577
748592
942355
806418
640408
400915
329401
839163
890412
676366
105172
190630
670722
259847
763922
211051
348960
343417
578482
79800
966531
168602
742915
558208
29548
799668
413389
216816
278142
567626
390209
694584
728649
788593
251581
522505
792611
64645
690936
761135
436879
769946
996135
439838
701159
723424
196393
374284
813923
568225
510092
894678
544562
704297
227145
287766
664716
869314
86908
404939
494693
776373
154677
603702
476473
373885
52387
166248
914266
271779
280891
662773
92996
968027
2003
45049
1088
595942
990626
713551
805432
591881
196345
888367
591383
952893
93799
604036
306676
495364
269605
846731
167402
998878
382290
886577
530394
302003
464244
533672
891974
77622
955324
867089
471560
495463
994585
844932
903799
430501
67821
369292
557173
119809
20421
600032
324520
266927
633901
756804
995675
63993
877232
210472
732150
596995
322655
185368
325869
68583
258733
168603
559550
626543
620061
620416
165353
577095
48850
971066
522529
508218
952322
843211
517561
275970
305078
623686
318294
861418
87020
955406
114422
617609
514579
888205
351733
265413
832606
98438
697358
655527
352292
45555
820989
105318
688686
865158
328868
46370
958569
360791
85213
65715
549682
861840
731071
540235
377463
288800
602755
857330
314521
335678
970795
360116
461262
773599
52536
283651
116709
576116
782090
636897
235897
699121
690165
196218
849444
422111
273892
531640
966008
59934
730378
91794
664249
206270
841998
645647
344672
306860
805261
406439
646353
885082
854871
201743
425470
186017
92636
599677
667116
591308
866840
483862
40946
146032
825461
913702
404100
141252
982436
819752
372958
42024
209212
499972
838290
608733
663941
776091
418483
778706
144521
585413
303633
200601
538846
769184
400858
150163
529567
975956
109196
750631
496321
982893
53606
138072
432676
378118
38325
878110
93355
770708
676822
312730
472027
999268
212114
906831
716177
721422
666093
426176
26175
414569
674606
113529
892593
88717
710264
423253
13937
450837
658053
77731
689337
564830
699970
684807
407049
791397
557716
409552
500358
123671
667011
222373
649411
9875
498730
424577
667465
990232
742495
335541
5170
59847
810602
388376
544939
961282
278459
667458
710045
418129
89378
459740
964246
43216
198031
693953
301039
930671
460443
1125
65848
860752
274134
906242
269873
135071
870116
973324
630590
290199
164674
171202
323619
262541
145584
610580
329045
216323
542865
768918
653576
946830
463574
947237
631526
432289
815323
906563
71910
207712
148713
955889
957892
949921
568613
398701
561137
24809
444339
443948
229191
80798
438119
128204
80774
752040
55663
317938
133015
927343
670310
389187
574003
706575
51141
864533
956868
863645
883361
683269
653613
798315
855038
814034
647353
834780
733932
986585
151914
188640
742718
565641
83249
949243
943804
837133
984986
868090
745199
275253
210163
583072
127419
152223
339086
799277
406050
690414
392177
986955
352316
510195
784538
412118
431432
695102
776987
198305
252266
96418
350612
932871
663693
489293
898253
602157
523846
311909
649472
329239
114305
380528
561934
209189
108108
400505
708005
393279
441316
321377
739184
323275
149473
542793
451367
620809
539
835968
513430
84317
37048
689075
76756
898836
787048
551647
976232
512310
53855
948222
583394
826934
294443
174482
188664
957961
550967
361584
974070
219043
566202
891174
93619
113950
35327
829627
459698
264387
486590
767453
416067
733626
352388
222860
635267
23034
398978
529615
289031
396252
573336
466009
601325
853227
839383
438047
778233
577375
420451
154082
978598
243447
840510
914740
654043
208378
355054
177528
741413
553483
424615
994934
620124
732383
469476
769245
943207
639163
24336
733296
638687
941508
913156
829926
388280
183211
821204
491261
771975
318187
734994
15445
682636
279593
694007
274051
330133
323869
891311
13446
880674
830587
582287
732065
197292
333660
195584
297425
993990
538194
744501
214586
647117
329279
964365
473195
253295
796232
882471
696547
396498
284630
568925
391798
617453
767912
135790
499427
617916
966958
974122
170886
829735
269374
806521
850939
544599
704700
875355
957250
596530
73760
90453
304722
837257
386468
60912
794896
731966
285427
958367
114410
38105
903188
696086
565108
454396
876158
433020
113503
806692
874514
714441
263009
595745
664041
512760
744017
903046
184808
463716
372708
76012
239998
513685
979038
724858
699316
723000
882723
310291
697739
511223
115438
110691
745572
817287
424402
434072
969759
712904
155468
974329
371623
299376
479407
392211
571488
249576
454044
205746
464634
710590
560755
478884
850923
570998
660572
776422
276248
655489
851345
598353
647555
958151
758688
598626
842511
546270
714671
982810
38238
403460
494153
739430
475118
457117
162991
582758
874043
568632
548496
581259
838897
330239
494701
212004
913958
777559
835191
452101
546850
723682
229035
711275
988808
196169
823651
939524
292074
27991
711899
879679
244180
995672
977127
140806
151823
373425
646438
682177
242557
976329
352365
490924
702098
738552
207305
686663
583692
90647
574121
118011
754291
386366
600846
604669
316925
963315
80104
465082
126696
69903
436670
501712
286424
962043
500620
833326
832526
28936
357769
177932
129225
661621
473350
997914
859942
665201
598428
177538
592735
954332
372226
867112
920600
670787
335570
325907
254854
457571
77843
646602
437692
517925
513543
460337
969073
909012
698675
751041
830241
117059
309988
873142
273262
418969
128668
35157
41541
523825
430928
960729
759462
21205
462516
508391
928628
70533
355204
842659
156971
256648
791991
418168
718652
440585
940295
968650
632000
646846
780496
701170
257280
897933
683250
202545
855881
520796
324684
735046
420028
881493
810268
749100
159432
469093
97234
341508
624869
261435
215930
282242
359753
897059
78502
27673
191862
150404
469105
273432
54556
390440
627258
34488
783095
82966
224649
555369
816521
828093
118125
428873
230250
942510
402254
564705
315530
611906
518086
235485
699064
396337
841715
747233
189824
331802
488197
607204
803737
902706
271930
637773
676355
85725
955693
293812
776620
301262
866978
997411
135833
558921
517198
526574
412387
800427
347283
155247
701940
310202
146580
560545
53725
889912
386247
72879
480774
170525
66649
550760
512592
458139
277690
258539
652847
642108
276814
754613
25432
743877
372937
16546
610181
85001
105664
885754
208013
258363
605707
586161
949666
308854
277415
791390
149871
638209
664540
256473
398074
14532
538465
37400
931574
58125
766061
447399
863611
231820
573134
960392
43142
720201
597083
803672
514020
291797
980980
151640
733769
445319
709104
750378
926734
406023
199826
324537
398884
589020
866927
287779
671517
53157
578983
48194
110736
680762
937633
815051
620940
342347
547744
842189
806768
394403
649957
489815
125924
873772
753973
893807
710306
240039
636826
983215
669585
484359
932393
624480
550792
569106
445145
591805
338365
644983
414559
250134
349499
376305
811573
459995
773958
200665
407001
152582
689540
42482
341178
1728
11467
387688
529331
74971
160127
862527
479221
409759
17628
608804
171438
951387
620955
49244
772548
795574
21733
249215
950859
619299
473159
206146
919310
332987
985715
5753
832247
18363
166439
450478
38715
759109
813642
335225
297402
219894
734577
564555
877420
263589
84283
94438
506085
427033
638226
863826
54770
708804
780712
752355
286103
211461
333861
328267
683526
982905
623043
185396
648281
389191
385317
441365
192190
855843
611521
578797
342970
464777
904182
340800
254851
98977
112832
296094
969496
418273
104276
412866
274621
326752
679309
825422
84636
398866
401954
592157
138389
715549
909377
539384
378624
330030
959844
804628
337499
840584
245844
95800
20055
177986
736116
767010
990797
120468
403432
554386
610686
815276
735629
72239
908236
967337
904074
921785
223805
323771
171060
613162
917400
236451
598343
86805
180982
756123
905043
484289
331459
234890
341618
670591
661248
452924
827596
745179
420198
122325
483976
550888
597976
890356
749452
785212
174020
955130
10905
627898
358302
395955
928703
275400
398110
100043
401886
331875
526629
994378
413422
341838
575111
217014
112612
249860
951123
886919
613046
36186
127639
718889
636774
850795
631686
654370
235435
225754
907853
107608
124207
141013
837130
5946
144148
220585
957511
150420
458519
83943
387374
998470
134780
704891
554093
542274
698338
258735
542334
34000
871360
5237
299706
386070
907206
90231
546273
146654
119172
749863
891914
910773
155870
329534
837621
730497
185365
687484
654663
695491
4745
7804
987461
223636
814783
310984
560391
370720
388950
101849
423865
491961
930165
57694
763236
435485
761632
720178
77251
476226
614835
377839
239118
755244
14443
156920
617606
919593
219682
298725
930720
152467
846296
755214
178936
518115
481730
949077
619258
836535
908587
514115
137458
436923
248075
384380
699162
437140
867731
188341
237567
129838
849773
307975
26761
992568
717500
769713
882582
46313
699121
770347
945743
432546
982142
864668
806189
401056
225842
913212
440526
140459
689287
834714
967603
581677
634902
358659
251431
123344
389419
118065
40813
316709
806380
682902
721266
27404
708949
961691
457449
400232
953826
125008
925036
52888
201754
622311
836400
592934
815676
234557
45353
188226
213442
865207
571231
647065
28670
782886
991934
61272
723468
163910
588710
697529
479755
631070
334167
861071
407718
133979
954858
282783
425017
519234
10646
527077
184098
960062
634
241795
932419
501299
700875
117663
215846
465094
467941
960678
651474
192958
491353
355219
55309
589598
879977
48221
43576
607952
12571
773117
889265
300471
310345
28182
783023
935127
142116
313752
948960
556424
774138
578397
951289
550555
192980
104865
943154
534848
701173
894209
842756
569120
547592
357199
696430
312922
339010
918019
796081
974427
544096
60403
539327
56829
42908
421579
399045
264261
460881
795598
966436
120215
616747
158698
970760
500291
873623
967091
663736
144206
559810
117039
787817
38513
945986
31172
482001
905103
220733
42306
37083
236649
458487
666894
243995
906107
21826
384855
404746
979243
588245
702986
394780
954383
428696
984923
821894
615855
339733
865043
769285
678945
193172
947494
505664
728936
128639
1125
317431
640697
54309
179548
928430
652308
564934
428986
538756
504279
331135
169756
14795
610940
396472
858012
890572
980712
914015
591716
545733
675077
362195
264701
376754
930324
559994
999091
175311
433942
38990
357302
220349
392406
207002
961750
765344
611313
598485
753084
182604
101019
196267
327101
534382
306681
618713
741729
439806
41388
163937
568817
797466
355627
239694
149642
383815
616471
795331
729175
272093
320410
836465
722821
269919
177180
426412
561232
800496
531847
253382
985635
319121
463421
350076
182312
561530
143099
548274
665431
606577
931455
955423
872063
939887
153839
584077
434495
405065
248676
460133
351232
819150
828410
143728
41819
674055
634033
762774
105239
897870
410278
361958
114963
14631
627699
631058
473409
775049
230881
852540
849239
489934
586862
747231
856473
471072
993279
456330
52633
484142
460122
486258
988116
670633
900944
70496
968787
57183
327305
349126
667392
618390
698264
717770
981263
330872
559779
630512
72844
706202
905722
165003
528485
472686
743979
146077
984759
52166
541878
250229
185897
657048
73682
976456
779306
590144
36555
888685
443922
101590
156215
107951
474742
119698
718257
721653
393751
765490
435909
563605
174644
670330
396325
737186
184320
819392
272118
221308
401526
849529
376517
963694
177966
384766
862733
122720
394206
428172
392044
489026
133821
58482
333748
61410
345732
701551
929739
808133
760854
561416
469265
43876
660614
883752
853191
108449
551401
928564
55071
750061
76818
901042
307390
937886
410546
70370
772787
594068
119988
961061
184988
5437
322903
304750
816001
848868
944942
778767
767796
528734
603950
737115
454724
26916
212452
168061
327929
772265
775077
809542
257733
206359
926999
299134
375634
213714
285985
683293
358
61725
292403
397847
647637
681921
465600
222940
679230
159331
463674
496120
904504
837474
899085
15732
968713
70057
62148
649120
881231
460552
214254
193431
651600
164988
721896
633299
564237
996365
109751
462088
969579
105143
303698
270103
298281
632028
274137
760732
85664
30140
240502
266716
122258
779547
226219
808186
969738
59691
78636
626199
303019
667437
855537
557068
837450
554138
805652
620153
516994
527478
927135
746304
582764
943265
366819
712357
67193
875155
236834
514818
113578
424648
253871
231793
805176
682548
647305
764783
316941
314280
149859
826228
129727
771730
321263
983360
820368
526677
18287
874674
653708
484361
621918
490858
448492
663669
551199
637727
938374
139478
454501
84477
783035
891728
174173
476823
340476
619000
129895
546346
355257
637356
477897
578234
561202
118166
682112
379977
14489
204952
539521
343361
625733
802439
224474
514483
180439
518844
344396
603242
59770
770582
587144
930869
369588
814386
935242
486443
424617
878754
497911
608699
170117
982966
947019
817989
259988
55818
91848
691278
308526
999492
811371
959539
412178
547144
148946
740811
948682
77591
539570
651646
909936
5969
947160
389225
549800
321613
395026
423839
121434
200540
335814
593833
18264
922365
140332
517937
67537
308321
273626
483443
940593
590841
616137
433402
87322
152197
909447
494278
466212
166771
44673
895555
377825
655281
114837
92677
677327
27848
300377
833383
218723
158171
584339
529197
431235
767079
73949
436825
977657
554287
593106
382070
370765
786518
495273
821351
845276
578941
85260
640449
876088
794050
989369
816328
529354
591932
781906
538273
79137
652156
604477
33998
483772
163764
705059
726696
63570
197811
734538
842436
134037
550722
217296
370666
419173
687004
659683
528727
202282
780071
739904
779559
597518
776906
431335
58389
249735
10925
907798
442666
749016
733396
924089
345542
964355
941081
631370
86001
770635
917253
558434
274340
535149
130303
760911
809177
766957
327163
565795
777923
285846
970798
310217
535849
346020
398516
634957
302508
244612
496760
497466
667723
638886
674966
772849
794382
813697
875170
548988
55055
606842
343302
867148
473368
960914
763267
366416
580780
143714
151436
81550
355538
540707
370614
278167
642590
541219
462616
155867
299452
323165
686165
952714
668364
637007
178141
758334
433526
238951
406404
352291
597077
615462
711575
122363
593233
207877
102658
561616
417296
274831
422954
734533
589378
747084
63739
220563
461759
207382
677004
392790
634569
92196
594319
465165
199615
760243
185818
446300
798789
355774
42205
710609
956188
515115
226679
866613
403341
750895
165167
567571
463147
173871
841634
292721
616718
738214
723035
983014
212881
372559
326190
633611
33328
494935
633729
194081
208009
628566
551973
641845
975166
334605
7110
568357
795814
723074
819338
840372
676853
700313
222533
699682
209363
259069
103246
58871
646278
892094
684805
51341
325935
863306
34490
142892
417070
383105
449705
925312
615464
856190
933533
897630
864336
900716
557295
42824
126938
103164
181439
283641
64749
818727
467311
583685
656643
953590
560436
69036
436957
879213
56790
524843
762308
676877
848079
321668
341497
355519
778085
227154
234713
294595
760484
742194
655746
32030
200969
410640
711758
316848
839641
810720
198181
196432
500876
957525
890192
868763
485853
338539
378464
620457
797987
610268
608378
712201
312521
57312
650193
665003
116210
520947
969513
921395
149825
240376
846357
540315
916842
114664
195492
781946
911126
972025
14791
892191
548385
848953
563738
913537
461328
636797
301734
393779
248315
559644
900422
572565
254508
738159
470041
9994
220930
683783
83366
889354
172249
2758
217804
800683
869990
445933
380731
5144
651089
712007
8341
593304
823089
250935
822899
143318
273134
231953
354098
942095
913272
598901
44528
154425
797085
857702
557174
309433
211344
506987
548538
742941
901971
472469
651487
201025
997741
667876
569882
356302
47712
151169
665320
267067
841351
480413
810320
577933
465418
242235
126773
632487
283770
819547
507828
964765
336635
540502
291978
706092
756384
911631
281074
104389
808003
733233
724955
428869
534979
948144
320753
171289
778631
356875
213426
586053
504351
647415
440317
671334
311864
96959
142548
168664
686637
262755
38987
209979
32155
819753
133314
247204
693993
407716
432788
15211
332728
249293
953887
875313
148683
502497
272561
407269
873034
695104
5302
754527
551400
868889
324551
759177
297490
78249
795706
464892
963134
395044
135766
705040
456414
258383
396083
639010
932378
905237
521779
938858
496598
477940
188227
982844
255645
383792
151391
652355
64227
978265
989406
604637
763754
225096
190442
823252
849771
938859
570927
888703
595503
982054
562558
942132
554634
642049
198920
979167
609926
473909
7533
180418
234953
770468
446973
134768
203243
466854
136955
349618
361894
110394
224103
454640
404399
966176
646661
434044
274969
847224
244180
899784
759581
735295
306571
742746
122647
370157
451069
649825
717773
438728
964172
610157
364806
193414
304919
480192
33541
52472
909778
905702
570883
999298
721317
804151
489218
690020
886104
988141
622397
151843
357366
952701
970322
287309
822746
237891
389237
324801
677309
864549
414369
808945
513289
681411
60292
809050
476630
637586
959543
715179
212857
295835
142284
119153
544525
712626
901354
735810
987793
871671
474928
2698
51841
770628
309494
671479
691835
911925
128276
891556
576867
626231
442787
766135
479801
47663
988545
907504
133113
954416
517592
355204
144201
362331
817951
814314
299438
399585
157546
931656
360691
369634
722500
485072
506261
743708
948697
727308
705438
417848
851998
275432
943541
107571
810167
340833
871463
773890
544243
448258
476564
516897
394200
497305
905180
558855
699529
883404
223145
25809
371652
505009
622737
830778
58872
875286
412276
313480
470151
580125
195823
275553
36688
282381
734073
410142
381663
63792
323849
775681
506987
273424
637543
177218
948673
464844
463383
962101
935447
86772
340870
659448
134300
95889
564372
690793
958213
536795
100223
772228
517088
806439
375845
60802
58934
815552
838867
997910
122357
980993
632458
810533
192183
727377
959779
389066
694447
82054
132506
13304
550521
103425
363886
551052
922466
414296
946482
859612
850189
440993
97102
131801
807435
337235
751609
3320
328545
336293
384112
314
843686
122113
396018
550820
251995
812000
283170
181849
510707
686568
544474
695161
301693
438617
344954
403529
514482
549840
524675
588087
648072
346437
322221
43316
589700
626393
29344
676989
435778
356820
41246
122215
978091
523564
559049
670220
843192
892293
124340
994140
465240
889478
929953
186741
678944
236104
766930
692234
684876
99821
915722
821691
676027
210669
98697
705446
222580
636
379283
175054
193095
468117
785235
91864
751630
981892
892877
622500
610906
581087
739101
916930
35514
728031
283955
712404
78946
799121
131030
582380
690136
74282
308088
327138
657646
59611
115116
588183
954988
821250
369510
883057
139313
122831
121372
979368
506607
203311
828160
673652
106704
427452
251819
793742
130000
563762
901121
762966
929911
734586
918320
137242
806557
869181
467802
114721
746311
192225
379368
279220
869373
781345
722201
74769
455647
929710
571379
19177
127549
179038
185597
17434
436922
889576
682485
351332
131039
836546
122969
931926
620635
817205
606005
804570
599350
831317
485398
119398
663353
987609
289133
561902
194428
865854
926661
129038
926146
240987
653561
148507
369148
941018
331106
845711
6499
326081
84286
485070
798178
793143
32804
571996
25295
62903
446415
230430
403005
555063
343994
880356
642012
166010
229345
402804
621304
710034
94591
113462
211026
484752
724517
835069
144801
454265
658442
782109
282953
407109
796940
687803
76496
121021
619330
430207
777953
349752
648509
689151
90886
370846
453041
511971
229157
711310
134786
986930
470059
491496
875781
817732
139692
20475
316933
954720
379497
590566
450329
722067
324745
452280
710429
901343
538162
51118
260225
928796
122875
425590
794410
625413
143931
823425
567999
742353
192257
448867
590793
88062
672086
992034
659005
303385
220291
510431
296678
739566
432725
993139
827051
300772
958067
340280
145257
832651
933064
711246
35273
484699
197755
685174
208474
47218
504531
695668
545206
512152
666546
843056
651427
248849
23866
786032
750852
161509
178904
691395
464831
467808
218613
823464
998895
499046
682352
397392
460418
702410
97613
916140
645769
734824
457925
330680
604154
844746
801701
2227
524957
144061
869766
173004
817936
197155
660465
473493
896047
49908
355711
969480
362046
846447
869589
860072
641357
486692
109285
873571
374510
904242
996857
246048
552268
536656
445094
285006
620499
211415
423512
901045
935281
886142
385771
447344
230649
107422
633592
768560
113889
519346
173124
314134
427828
634768
887144
412262
841244
291535
391731
850930
411726
846657
838617
979021
889935
525975
890349
870239
362986
752250
788182
703957
120656
613252
852948
182420
643619
723209
686558
339869
831012
848899
869729
471526
910216
975909
92370
714404
48989
416300
948667
258355
465890
273323
543353
379096
2108
257697
208010
163627
81327
935182
541971
324039
475024
652020
663447
7446
186826
814566
845959
75386
605112
522218
671649
850732
846453
915277
149474
67781
762797
954508
563870
897544
529116
135691
470380
200032
768025
943706
490189
771951
281801
906154
804003
18304
572717
555087
728198
399257
407754
942710
230222
479843
316041
238180
436100
93184
278337
452367
52356
388342
289645
751797
527339
629374
448535
98903
366593
708635
924914
343166
348673
206819
996209
80900
91364
514515
842530
114425
575218
455379
628449
987591
465998
293977
859412
657031
513847
790938
845166
316610
675460
473756
587111
141982
587136
604138
37795
358201
918161
921994
553746
517752
497135
970754
768335
381464
880508
189003
812729
80150
751506
782283
81886
34656
425784
834729
575898
588617
494883
123565
983767
126422
233618
368069
175078
995256
661273
991788
69398
10170
813157
65234
431151
126664
436543
379429
654609
828365
645247
90041
358537
532406
322714
456018
594765
533311
969297
869737
357045
807522
898105
706437
643548
342140
277937
247047
810899
578035
710749
734580
495213
399707
273991
374706
838334
308442
670615
56577
348519
488326
543428
256197
426162
43164
357581
519714
343049
732619
517163
135277
236109
87937
461905
691909
729574
864258
684833
914225
291447
426481
461479
321083
254768
995694
374740
918468
218661
129417
439483
126143
611731
380732
702139
199512
492868
433127
607505
959647
465217
777030
243544
425516
656768
684992
253546
418711
472903
823742
736515
204488
826238
919451
661841
960648
463907
229578
285690
112159
857117
894349
758188
500536
943517
196965
621217
916974
773410
814420
661757
585729
12501
648981
639264
576010
495263
322374
865533
54709
7790
317054
462439
509590
75115
842740
687394
779772
908095
900436
626184
903804
628123
45583
340727
972526
583833
177488
774108
880797
920201
14617
942183
943060
868481
387607
285093
405957
164291
667772
303965
255701
737613
922230
805476
665457
757063
935752
749429
581227
236892
601338
983340
564758
516179
63726
14573
959272
895883
176580
339658
702973
434314
853586
62020
103796
44416
808007
988343
636525
994589
490511
540606
881537
50518
570469
795132
726949
943014
164468
736206
407400
814822
772849
730145
99657
218932
44709
475599
321035
880420
123238
831351
236590
407978
917463
398736
340006
847617
365242
672527
589399
581926
367726
610189
797784
33813
645786
845922
750337
446922
162471
322579
860855
243057
970872
329749
48591
898785
725593
764071
191267
84101
792145
978056
449370
366885
184779
663341
178748
490388
459701
828040
136316
902170
911802
128440
696473
761921
625325
158165
744037
196044
117494
359059
871448
576364
844965
284484
743171
502022
565235
720948
464658
430442
937253
894277
59456
195375
776648
274454
983822
652241
962451
129047
625239
560810
95089
460368
654281
783018
850110
531021
282218
171480
904923
973691
364256
940894
51541
485763
166509
94702
640281
46218
237773
537074
183649
180677
254942
554929
809925
316109
569319
222863
589341
647619
565705
182867
603134
898184
492336
866788
878923
186817
157070
532116
860593
37938
458403
289495
151495
826634
731937
44778
250961
530554
57196
458056
998511
599557
980879
335766
731190
705
373077
567724
704302
551201
321186
508283
994724
766578
842610
220577
317622
714003
937032
538059
733708
376390
531998
127336
738244
700158
864641
373552
197165
197094
485948
602552
402292
790748
55532
973606
158580
39558
480385
862717
43760
542482
531375
833215
752313
982060
95367
728863
412633
259008
602706
728749
548922
734526
101181
819657
803078
152513
98235
223867
51128
362970
935388
887313
366943
831474
928576
217679
629056
557112
505105
679858
399606
305085
817160
75679
378461
116530
282265
858770
580410
945278
839297
507185
233265
123488
518892
783599
40491
993097
111189
28525
920256
81063
699455
887902
104470
484980
612678
666865
662391
133351
971945
425533
374562
944895
642232
537493
491392
444416
152635
579702
15287
664184
231531
571797
750738
773370
694147
942171
470634
808765
980315
53970
864531
268095
973502
609684
268375
54112
82648
118055
186927
822663
807784
174942
58893
31145
117631
452760
270259
693190
511089
4831
937777
870766
301995
307006
30055
994079
380189
193073
981549
367370
918128
298840
788460
823845
234380
835197
180794
18681
753710
325445
911392
52607
416846
205769
312316
190227
381169
10612
445318
950658
777151
536948
53998
927835
183623
480963
399373
678406
21434
631896
919843
390217
941580
145724
213663
598473
661283
206099
270819
681809
820477
914536
129688
255747
573927
457978
685105
94029
280759
279581
838178
597138
656133
46369
521906
410285
931432
809719
969552
869304
837825
808576
429954
72513
719701
112536
696536
804369
806822
762770
812369
617019
92255
984425
717933
275902
927873
706353
702018
897904
775238
109745
76414
329379
849713
198213
813181
520984
587668
283838
609606
432955
223989
91258
675755
937082
706996
689538
534323
120337
126390
545253
541100
169085
686512
877474
8190
520748
43499
94555
388347
66646
782413
367852
211652
174152
543090
419438
109359
819504
514497
195254
94657
875681
963330
395096
982192
757413
36709
370571
996965
969826
139807
573678
954553
725379
815692
80416
759395
37522
547918
999225
181110
13987
121730
488439
649955
336716
255437
816276
673152
958693
430701
443102
375264
352168
490868
124651
675010
90554
643155
960008
286685
418042
495319
348070
284683
957302
236994
292781
968960
515603
949021
292308
742955
512543
339572
785771
343417
281560
752243
373099
100284
809837
991928
323216
768607
538623
445763
239255
666743
402654
67526
360946
620338
150386
496139
712170
832340
307058
811672
605026
457878
543216
424029
597738
41352
72828
536341
718989
341919
251165
347052
724936
533877
253916
106655
364123
434111
289358
151162
985747
881662
476745
887402
249442
564146
42380
87522
192248
269349
170108
306976
891856
692724
752741
25749
706174
817850
757137
59382
180527
972835
660623
250983
345319
897144
479651
746441
896461
111194
969934
136843
223581
562018
740394
268260
637632
772594
73547
232357
87195
614223
149033
898860
261720
950216
843549
453993
843698
968305
313913
40076
836273
451819
611302
320187
907444
954993
914895
386693
198936
104664
694957
857354
58218
276770
413334
873088
908970
326524
758578
839683
76939
169190
528576
36784
866775
817047
432138
123790
229275
374807
407866
235670
947763
560115
412364
174420
911901
996163
821657
355786
511104
695442
109627
742813
821277
10897
348557
63471
97618
232005
300484
316563
428384
751456
930697
388837
304959
216462
396845
665224
702155
957967
752635
112442
330411
476911
583767
296170
918551
821869
116406
653999
871633
430975
994585
872832
996043
521357
636767
322539
350245
49835
109
315676
690717
344714
491073
247111
977731
873499
622600
2305
793438
556605
252587
194596
53164
637325
890291
549481
557282
765762
703815
669818
969479
164139
359613
484572
867992
477150
424453
765169
412531
502261
735061
307441
483162
38244
824980
979265
193630
753165
527305
646827
804918
125690
242364
858603
428013
398856
669634
519526
371280
373552
683272
284952
183213
955758
373831
179807
304990
538978
899650
435919
431808
672965
308474
120456
892628
29617
909759
93439
779549
917809
883374
865608
771908
467793
444816
979504
277922
406440
274084
85516
569806
998301
499313
191552
414285
512825
386382
330991
583462
795393
204128
281273
691040
892147
133143
18091
542530
970794
396584
626275
907727
522930
723593
857553
953488
963851
942067
466878
368192
572678
241135
243234
519451
756918
377180
253319
626632
748634
305140
804297
199712
568444
871580
832635
368153
849826
69718
68080
533731
618621
953302
188458
673358
277379
237785
392544
10675
537870
681836
149823
825381
274379
915575
244718
289369
440214
197809
183606
894916
933625
215876
286399
290699
459711
673114
107124
51357
123866
932065
406345
393806
382351
253907
602084
511303
851457
846202
408636
132468
309626
850696
901555
881654
302682
291236
285578
558417
263337
854986
299378
276568
74761
713830
459247
250399
338738
400477
998077
745159
999788
138532
426038
383715
669432
228142
104978
319663
860186
327397
227544
658787
87533
153056
954649
811711
178011
988543
750207
955285
211547
60571
213824
30175
219704
252060
632981
258110
55277
592504
199745
761576
841187
984272
692444
628499
777382
768788
98642
696072
515339
264408
739695
728135
519135
681028
637852
543590
923342
298751
392230
640802
469578
119200
949134
66520
199315
100784
163963
812810
561339
642303
921092
273125
291620
737503
433523
183060
338718
803562
461668
762106
579120
82987
974244
796220
485111
223100
33745
250722
514540
247451
275922
735051
569535
502083
218051
75899
970651
156984
308195
666721
342483
549883
966680
325839
784644
585563
671829
6113
617381
353546
250324
777901
335745
188691
257201
974365
875418
277144
971364
956852
253349
443163
202595
431909
438487
42473
976009
53464
257261
752283
416780
425776
562593
312782
316719
412796
277793
689974
871215
559240
282789
854452
927432
28251
216987
382290
836164
714109
342057
152810
513978
228739
830728
490878
449279
952421
781568
417598
899901
789647
813624
833216
206415
152259
681431
166390
319390
443103
605551
708967
343436
377837
840202
213371
129088
776407
467111
682789
900165
293153
155900
540056
734970
955362
600111
288031
741907
368859
354676
879395
794515
528561
47310
869445
553216
835398
836622
189144
321187
901257
23523
730079
214350
66603
365355
896853
252041
190168
921651
376695
495325
121521
331314
128967
607325
73228
319497
607753
582941
489656
298652
55150
163116
560496
868043
436462
694247
531862
925850
703106
898652
604193
578467
510238
890269
719671
632910
140582
384789
503518
604266
12882
924027
347550
23540
40817
758865
230438
119798
955565
930067
850823
38569
971480
164182
124425
119941
771809
281276
698298
168088
316308
203345
415422
792696
829790
15585
489505
766201
160633
398218
173673
945905
727265
147231
517014
96876
821329
192659
983728
54985
777258
233367
989374
34000
223275
788897
110473
234256
928344
762824
279502
472759
690970
764595
886552
315179
851691
978373
131340
62061
412798
104112
316670
765535
388001
874229
197292
671294
175136
542665
252660
606041
513830
746028
900862
461886
69916
95688
65488
279103
425844
174881
100577
382827
776607
110011
771773
224294
265066
415959
323783
735595
434908
339551
972613
853372
126844
713979
710861
741049
379161
342218
840833
417491
916198
469129
481878
622945
944277
812491
359044
35551
6448
786940
932888
295726
581919
397635
78504
804306
646375
10076
446904
672754
630176
643933
396700
562686
822202
64741
754497
620593
614431
582704
101428
493
874577
180070
645790
489616
450127
801690
477367
699789
558055
381941
533322
131367
997290
949914
390845
908688
222104
678176
325510
787231
548105
48399
198202
547004
377266
5368
473020
674279
643786
928303
123099
538796
692267
433408
251445
431066
186031
895783
593042
935070
826673
149213
365955
56266
527193
398541
543370
94718
936233
828627
335550
4061
673578
417314
260629
3818
798414
808159
407750
411078
511753
584988
565366
994591
380470
417406
909082
941861
544835
355538
120960
980779
210497
736602
256965
810752
195016
317757
451628
778684
130945
202525
770835
105684
512784
918437
109526
176740
556032
686926
671889
375570
583958
380680
949303
652255
214532
690294
491289
497074
825050
786543
688030
980822
444694
251880
113990
420829
798534
53439
666600
518013
133249
767092
195265
61792
460593
805691
734085
992712
502860
721543
128538
721535
294667
224040
554030
711467
865874
814760
686321
852577
210319
15037
715204
90624
448473
661996
918558
756585
822972
281299
703120
636974
439349
572747
141299
422468
240214
606996
320038
130434
634266
666001
418157
912597
63402
941222
683088
604528
340674
122560
113308
350624
236762
322582
54151
563343
426822
373738
864364
941496
979616
511216
278003
983737
461508
483379
854045
945339
409545
391086
620520
326599
386048
581964
74234
702249
158311
621961
213411
849819
219262
106202
157167
781524
534569
722089
118401
452707
954460
70052
367770
58703
195144
516461
2850
869230
656788
853868
338493
136586
918093
860324
867364
557759
312837
163615
755761
79586
790458
644345
70659
644931
306732
591730
880347
567287
402411
930572
887438
63997
273840
192877
188454
661740
61445
53670
169656
530060
730899
10837
709615
163763
85228
894199
982623
540167
136368
114738
120141
185433
902428
69904
997989
356739
261429
178214
444461
283325
853394
301783
924743
244986
249595
294449
567472
686194
185658
78736
828118
155888
960916
118800
791977
2457
946329
679331
214449
478298
212287
355787
221197
248609
866064
681727
163586
837977
274076
814946
959232
77968
293962
131413
773720
976909
796779
273148
371617
482271
380119
980804
960095
26890
110405
46273
236416
635602
285995
534830
855663
954025
242729
655984
427934
882689
260819
83937
344370
681750
907490
227857
500430
239988
887690
779313
399082
456412
155339
450535
448112
224353
999001
837558
902064
610838
871831
670952
434323
249805
844427
966633
426987
403416
468570
280273
358112
64585
346663
818463
858522
537295
561197
625696
292770
347884
727176
597310
14485
546030
505566
924614
168632
716058
162793
133396
503032
446371
644962
827939
819721
770485
653702
720491
545112
858790
386247
765189
945167
167503
350827
184900
615621
77852
537203
853036
940765
424575
233358
653396
516591
868187
359083
983747
725541
593345
417579
868445
987816
182102
855621
439444
818798
636508
67653
899587
132389
533979
778330
725255
890821
548181
248619
431138
150384
425246
460192
212998
674817
800996
87219
229250
315624
265879
915094
505124
906756
794376
696960
578317
688777
188178
104644
85313
892940
760795
190755
110286
767083
794112
964274
45451
719127
581672
92424
866770
918346
27068
548501
614533
930834
885905
232653
199851
130058
743356
426992
195586
505772
194628
523353
108914
444860
745413
277774
572508
854741
510258
261439
708083
440696
103260
613884
43220
856926
482804
496398
957394
854423
788834
334087
437962
84644
17780
661165
897721
280372
921253
87205
165862
997130
346979
146457
411896
232933
273572
48159
313877
72333
412770
497111
605354
29207
720610
891926
560690
470975
642305
84610
662555
624928
148447
535140
924076
807242
834080
725221
273302
744014
965464
744795
671738
7119
894821
764827
423913
508319
89727
45956
147754
204238
995871
96040
594484
659859
213110
711684
453914
500897
660359
459924
465907
790348
788312
954416
722185
510207
782244
859499
179593
881311
569148
159957
561360
589776
131598
514232
173324
54565
939208
820654
44341
906497
948830
956262
570941
218283
392311
478553
413545
930701
244994
223684
713578
786892
39931
409644
765193
734206
611723
209446
515209
35308
770337
128360
679699
199791
633083
357440
873350
236940
551687
332546
224705
659546
239084
261533
533198
442992
719234
15102
787552
538248
477397
608884
663068
78690
851873
924274
140209
469292
731903
592646
575330
656336
426635
640190
678244
262973
373829
897467
803341
909264
561786
940384
388373
367455
545348
837169
226313
876705
972382
167060
766616
152645
924456
130853
734511
405268
626896
799750
965675
40099
550772
168463
669832
897021
657864
308642
185258
192866
601778
19575
244256
509653
818393
822950
168983
179498
317620
742059
942712
118419
417081
566546
475930
446364
54711
703683
439491
658532
874689
22378
624463
90978
333907
710830
651014
102792
349707
157189
68874
473116
125657
174128
860294
278657
990591
843368
718826
855830
156282
726902
972906
734162
755642
199005
977716
691072
385254
382330
216618
14957
461879
97907
853492
407194
406339
670488
218924
478809
302291
371468
22854
648177
199760
851260
309859
846476
440887
466580
58041
851707
908184
898158
482317
398793
506894
762589
217825
105328
82822
765855
742308
631824
844285
658756
231454
843288
925917
559511
681742
925459
731948
679900
191022
740889
600930
643784
779714
470022
8535
670076
793152
172152
670722
474408
435158
462368
89525
83058
913091
567921
435876
353136
938407
490000
370921
808412
659336
509143
525618
785220
837177
982341
12217
587888
234900
243976
245381
972125
950540
830881
187843
9618
315418
453576
621251
43898
307179
549507
407243
941948
764573
629895
585928
791811
899868
709413
417253
733452
933718
106246
959732
387625
379609
618005
592670
410328
247870
70606
937581
818758
422436
1508
627196
997722
695535
281543
467356
301925
727106
884379
220791
975934
884860
115760
436145
521399
257734
599849
329042
736636
664786
692399
488329
862330
299633
982255
856002
770208
537593
407721
635796
951248
768255
249097
295379
146028
503556
71208
347919
461198
701433
669869
965353
811969
613769
423424
399140
343404
521931
474406
960191
391568
305298
322923
483175
133932
662048
146531
371717
434972
141716
345752
663792
620760
348145
80301
561072
149348
293788
587280
851266
713100
15280
948119
42135
636879
514787
557539
758800
486844
645542
348400
113059
748706
741439
67616
845183
430793
833531
416382
50018
750080
475592
241121
386
357562
514132
911529
217079
413088
780085
594845
928834
105627
97944
426246
743767
380340
340993
367096
893001
496335
301574
5462
145632
854664
798539
434739
837139
594536
218653
631355
920050
621481
293150
738064
519560
754360
142138
81628
236934
903074
702716
525049
273954
241807
669252
444309
102129
630165
940205
68365
461319
776574
180181
275388
122825
695777
963648
240764
670209
911377
541190
944618
895885
179196
801623
402609
534460
974389
464972
231897
334999
256143
899205
643162
177977
495802
304181
496989
331725
151734
278681
476064
432137
421715
387860
55217
551674
658764
846596
989558
49008
246235
21432
877816
447644
131504
305158
749376
407513
2851
169461
770767
939488
147765
810567
732174
231652
666314
748332
927387
665286
666020
859885
499608
725346
805479
8460
779619
272525
824961
642439
9675
543347
411009
200879
652891
301825
329894
751514
752584
31294
263112
880471
856705
988035
805050
609567
322563
548006
568150
139392
978785
475462
591285
435688
581374
607659
627135
390256
789847
948494
191904
444470
697193
374116
840009
526652
572920
792978
515392
656661
957117
893867
958645
820740
714497
987581
918381
156360
861399
647095
812102
736992
829173
499892
109949
346506
93368
483836
318816
495055
234283
346686
301917
159975
633466
488745
592976
114426
861434
132447
213518
618568
401743
542442
767290
130378
223278
498075
900485
33741
706243
824952
813316
726451
972619
302906
148300
409061
364404
422999
278554
993113
333566
656747
801198
546936
16702
530232
654550
68025
425247
263549
999991
637203
789939
616540
782345
254068
481087
526825
121569
183801
218451
918983
853265
497485
832686
583150
47880
510991
570642
606203
327812
336850
870963
407580
867125
618156
445707
896479
913576
982448
401782
795468
63073
62830
177339
995133
602984
78818
805435
392792
724840
681359
459815
37105
971553
709754
853200
285429
356062
1575
350484
626313
947398
435826
192116
932669
557030
534711
940687
972952
950976
333245
824043
915635
320365
288395
758374
423119
25642
711276
698100
575917
167209
583001
556708
390996
57572
793319
926258
365957
519161
215833
480910
188375
212844
232153
858760
654500
314771
4380
811462
601792
558589
999925
924295
274428
391323
696385
635038
124110
846031
683797
279212
1837
594170
330914
135277
370263
770878
884167
183264
313469
520256
100637
471893
440704
370295
828150
740217
311562
364067
174419
635478
348716
739661
102909
292999
762461
758199
620642
835659
65415
501007
893550
702846
442250
801664
556826
244799
344177
269040
649979
818660
193461
726795
453185
655563
811960
725118
329044
552583
192130
366397
224329
729451
295066
452585
936406
303735
808216
651525
103512
284834
171259
726207
338968
896405
534698
306260
235957
274340
91588
120810
191229
982364
551714
249640
163825
345353
437567
762462
654263
340885
103736
907092
969946
369656
321329
740709
222475
84883
191658
403103
905807
559255
318447
735450
434407
118117
86101
389739
219627
901166
505490
94914
169496
909037
51763
676856
764843
704359
196833
268318
834153
440808
34500
517110
340980
350093
71889
642160
636242
862680
207342
989363
720267
910181
884105
491842
984321
898047
248289
300915
561750
701312
775143
574103
37258
940887
248021
706360
689832
904518
235213
428260
207684
553262
153903
435
444019
718240
567553
1769
437614
173718
930819
732
853607
992017
946926
10498
186119
478264
196391
536514
422031
698260
942663
278014
797157
158732
147940
736726
483813
85040
483190
117360
108015
76069
558965
115618
625500
925690
472830
21554
694267
50988
98381
190496
493902
39288
586234
886577
396255
93260
40012
240480
257831
565849
704933
889110
535363
267258
190192
375306
369009
381773
23017
81200
623707
931371
741003
456275
289864
269852
587904
507377
177639
262031
523755
961745
925221
318179
109779
283515
209437
376327
898944
37078
419852
556679
164073
877704
736117
490138
958723
468996
788026
780349
998603
113993
743919
238050
422571
831833
429626
260432
377462
343564
55168
914032
513176
558820
129982
349220
275977
518773
819165
469161
475825
386141
490626
31238
806867
460421
503994
214250
889942
449912
52635
560811
440299
562766
906181
301484
420860
518412
33681
550398
186840
472546
169015
406310
959336
543340
506498
375250
273378
424180
179410
103528
900418
445291
854678
391312
967352
640586
311980
354246
920865
469279
708063
77922
412213
298810
783993
732678
594221
679792
412565
749288
207557
152370
197976
274035
937272
461252
955021
592827
768225
663722
523664
579599
358272
425520
102302
807876
503969
90757
246331
713616
791320
755576
407055
321430
266374
816306
333857
601227
879280
408560
639635
542706
926934
501506
784949
721867
409165
57156
658058
245573
748274
58815
735841
56070
783966
969221
583338
426157
204800
917669
323561
743093
977191
678843
43324
531271
615179
980738
898278
889904
588229
161595
273501
802721
367895
919530
486829
468182
381730
436107
985069
142748
893961
494873
125528
530873
658365
608984
268861
91988
791044
958689
337679
255763
77954
839091
995804
697212
815888
427142
135863
534705
789839
653794
132076
548996
356813
642290
562716
98530
435033
416067
706412
27159
402120
644125
697323
508910
499286
687533
252930
468322
205146
213013
367957
272908
149650
944824
112012
347545
614511
394542
186172
643702
660530
989383
430805
957372
577555
754774
129180
122085
827205
863448
517283
979241
2157
755063
111094
306294
257952
459559
77442
143340
371545
585000
417082
927983
869729
272259
266008
996464
613504
756875
620605
987411
543826
913537
6299
311061
64443
440376
547570
978107
499191
846417
723991
467785
223694
97730
933157
657794
487063
918548
13456
877092
228130
1926
715948
908335
464587
571290
54268
586933
859347
336987
671743
154906
148609
179694
450160
352710
893869
822550
26736
533972
906510
922779
192529
495081
421134
796317
275537
960011
240127
792347
457077
961580
248496
462621
726697
426673
554357
714706
434890
748747
735838
639890
513801
782958
657934
684086
719707
70033
520802
468319
991513
668368
931384
247632
82405
502556
903663
114206
622257
316116
962087
693465
432956
107883
215518
951876
274189
986925
43998
268236
714997
918760
658627
770276
612162
546315
701238
743037
366780
301739
124788
175701
249619
134244
450000
881636
959127
562332
665682
677031
769572
148327
9757
500133
108333
177343
47668
933423
733436
155296
42203
792211
105683
978885
28337
569714
365926
245204
509180
69228
4184
673091
519699
498718
844800
895087
788771
462045
648152
467403
868796
206967
202026
957532
567000
345980
902679
895275
299962
19617
623419
380460
834374
484446
59092
216959
289780
261529
24031
257363
363198
490420
783018
307301
489951
454265
856931
951846
161720
767186
389586
358857
774155
410435
564052
142933
769438
542415
627936
86646
443656
816341
698840
125046
746973
81324
756310
441664
993382
488061
831974
720252
763645
703444
113762
925328
23740
241849
725069
282633
915532
530420
771186
27734
69928
685549
806847
57552
477126
862598
245825
837328
673787
643396
84437
149159
199042
436904
804661
369790
601578
180886
752945
20241
927891
636214
134795
559218
932774
382859
961607
366323
912812
601759
718868
902615
794446
646154
948279
827838
820425
149818
182801
121777
85998
118740
458969
82690
92725
831512
811651
52714
587194
524066
880740
630174
922374
766039
778
338496
879973
97237
985846
57588
426960
422034
879556
891829
68005
749360
21146
56795
35181
648629
264071
631826
730959
57374
310250
612424
160924
728855
216504
140690
128066
787686
959615
827823
192840
345644
50678
452086
57545
80165
638742
336463
452682
578005
226499
774876
122867
470729
125342
929265
280671
98680
651070
775751
405929
286914
680477
597983
672953
158513
756820
412381
839311
463368
740117
570638
208404
858303
724972
833753
732466
735466
337776
631879
477084
1449
202112
11324
645066
437585
401294
91814
716370
306448
812172
878847
264313
304969
752356
404744
331232
356281
115380
849268
552473
281669
591707
520113
717521
543562
534302
302528
719124
275596
241473
286647
372898
696145
784769
349001
334688
184420
125674
553702
770625
633821
387977
513871
69216
902268
564162
796872
769678
491197
411927
785815
873014
881689
76125
338974
184056
987844
693988
57458
469052
533910
619814
179119
766710
914295
50569
28935
89113
336988
51005
519082
133936
968447
917918
158226
83491
295788
844428
744559
632360
340357
741722
52990
285620
437849
217540
217798
52787
737719
134394
813272
660383
219772
259469
977958
69508
83919
659100
386719
712273
55998
41247
944796
621071
794932
470085
397089
207222
86558
31035
443313
888286
125809
586542
142610
102484
57037
662927
206719
652852
230683
682073
973476
659020
867076
135623
587895
572123
394463
398704
59279
748553
657886
952868
142701
784000
867372
481221
709819
926586
886242
431006
946901
793190
803241
316598
917495
692146
629273
894148
878323
748497
229343
27631
436185
108885
145778
394876
379172
690484
13671
956587
427208
277555
362194
604106
614635
411096
417825
623716
193795
971258
701579
856998
566181
59604
561589
356657
999911
812702
51613
507890
788892
579613
972785
807565
672899
633145
234417
559852
876651
599754
611209
512049
565551
934424
725787
272628
802271
566310
328547
594887
694303
684638
187969
614285
376921
263865
147538
881396
365915
614980
182346
321069
892866
647508
18504
230414
214221
533156
991208
960534
423311
26130
749177
896300
377503
364045
232663
247158
610389
945841
644687
982025
347346
27477
288919
591436
287213
541476
557650
858305
692604
125530
413284
30470
963596
871542
775422
782841
87081
326090
95197
985943
199493
396562
345029
720976
801268
669575
117263
593592
792101
16697
63753
102142
358497
807046
123711
698665
911022
383828
465358
6160
745031
841520
872878
530484
381145
750051
639104
330811
695396
131193
855231
82837
813146
890233
782325
27382
936238
702526
649229
912449
710739
236186
59842
101911
678935
932958
641091
353001
838136
223764
786588
626474
528906
820888
946079
382820
753884
464999
33833
190649
649728
634977
131554
852014
375853
521221
800900
981502
520558
371118
173860
34870
648731
416361
866067
297051
28694
933500
552474
568160
411207
640806
963281
314464
754490
403426
353344
879351
755729
361518
544902
332537
742235
850961
150278
602443
417535
769994
978833
328578
994165
523566
124969
850357
564558
433961
788688
833520
173505
715276
973085
671164
294414
948072
895001
35546
986349
247658
609482
254470
188718
693032
790248
903299
218432
965903
583741
504531
293666
828752
95438
876697
332975
88332
893034
551973
653036
195678
859063
240714
189150
206877
238409
925957
383943
437624
107162
604822
975817
295011
925420
896552
318214
125151
427216
152907
369219
208463
233414
118919
462004
219795
318530
516090
875796
685963
117649
635482
800454
919433
68858
828264
303578
626484
199495
196699
518306
316777
882078
736772
536740
649868
13596
371597
703771
180948
634179
788324
834381
381353
557180
307190
887808
717208
1114
615346
310579
564186
782666
517165
142127
639544
943687
937324
565198
264139
968697
520585
935992
379878
172258
817319
428360
10919
992115
714964
113945
397791
207235
904842
176724
306895
597504
889324
4366
948909
149685
346910
120033
757931
945603
152638
938519
277773
567406
168487
814040
568738
180122
42064
342828
506497
407620
640246
569072
812436
789874
845047
860627
931314
516859
662808
318849
118254
354386
373054
376080
428380
593571
713023
886367
967012
836284
74142
598895
689153
633435
630125
201198
891725
524513
939368
277381
870150
923054
523282
426354
355232
229540
501092
586935
252661
861868
973204
946587
455543
104800
678860
985813
120882
344814
416300
227745
615489
129181
402081
648503
416076
223601
286190
42491
706762
891425
816104
79397
848903
922094
299569
577804
914384
77745
272246
30041
699474
727489
256601
170241
182454
744697
923522
63065
877005
148824
66685
526952
30126
375374
563917
991755
274619
745544
770973
468507
458871
89182
536520
907967
13177
97454
987224
390872
21626
230071
70792
284262
419688
212486
176255
89729
419153
545442
677922
781649
599650
472891
710641
381296
993950
593631
66155
673274
5514
941569
958676
370206
592888
935951
243107
371210
678249
115010
381168
229604
618827
199239
715675
296256
203454
398808
500376
721718
921815
935128
161584
644217
388586
698774
965292
944384
176228
101258
495136
15291
919557
547508
36996
772497
160704
519662
704999
746062
476061
158796
359274
994478
60072
144157
92372
593107
475386
617692
240816
825328
88299
655648
678443
388261
744931
661427
546338
864177
676400
431222
82088
453218
279244
66710
119290
721051
55104
667717
840077
953539
367862
808229
582918
347320
454935
814875
252165
805796
474726
321102
692938
15782
348980
482096
967310
663863
893898
811852
858880
169047
198088
120344
652170
284346
181970
973472
299493
384439
981663
706950
86851
130902
660504
767569
859941
492220
557284
679558
463885
983835
649858
905480
519772
53839
952677
846550
889622
397784
616663
709096
244426
668439
319369
199326
102312
680878
379655
98110
873704
258083
889790
293328
936652
221363
804753
476832
441660
50469
436351
9249
979691
34416
726246
922854
632260
268683
151513
511508
84214
49373
869755
922599
917111
363966
998439
113724
198165
571324
806376
88993
976386
3308
429856
967576
974366
411447
23994
86434
507318
200920
890920
120178
887229
266867
992840
862042
579716
925773
549062
293378
80439
645253
283267
363351
712518
484284
221666
946840
180541
353315
677684
827360
14763
972392
779026
364938
443369
34682
588598
891371
285141
464199
258706
583796
832717
517979
496626
952039
628839
164422
369657
105796
825342
423761
980582
207212
768966
193991
758326
510820
682324
621940
240445
327512
789962
712773
570916
195075
548563
120982
608032
637773
237340
771033
2228
910870
48679
176497
363309
940256
640263
932422
96272
652877
749558
67101
759400
241700
731672
671485
128715
736663
72289
929942
491879
431695
365146
864290
947048
513988
18051
365388
312864
719544
813517
342395
829010
787552
430944
150617
188558
616900
414271
959511
969617
294233
724987
211703
412463
568726
260458
259636
394077
29134
319772
419510
349286
170431
10410
398505
854020
95371
884052
53783
958849
724991
671552
728074
753004
933519
327275
937100
559412
330107
764917
396799
894749
991330
194116
352204
652124
467782
666363
513268
690650
586305
809347
682165
559528
595334
304007
23680
595011
589379
473850
535669
498397
292182
356546
416574
549021
896580
755904
313117
10951
291558
216141
486474
364108
626706
872979
923033
321878
387159
31425
379527
989597
130557
53866
684936
726851
633436
543227
214554
887859
853754
930297
941069
672404
553251
951453
653813
919292
126172
112502
985554
702321
261247
471960
197746
268013
96230
65933
48347
228659
829313
337474
495136
220964
953376
749073
601816
709748
201513
314792
299471
57257
811270
594578
354049
592680
382683
364666
754469
979376
371658
174152
944079
979698
754518
79046
611625
800352
152326
508837
672529
732165
258249
170925
9880
881730
36022
201500
206742
489389
762413
761099
795064
575966
632047
99985
872110
796382
735143
696962
125715
630899
859771
10839
333470
487228
19209
612007
12358
33171
70796
823540
408668
797294
297751
918496
665598
626166
900271
366393
400307
644529
64263
207317
187738
922352
232673
457276
78381
877287
336956
76885
231290
31079
930606
377119
505807
798454
508546
611905
102645
164552
367290
455617
276767
338363
542648
573325
438443
665696
437282
546524
863615
887491
678980
500501
45223
160032
850574
39628
692662
406638
318784
989803
315952
587752
791729
165015
750611
328091
184908
480432
937038
847571
310220
522829
618208
49097
288887
310897
597032
448376
911670
451232
551126
205451
663693
341544
671464
370821
730998
910261
932386
610337
82889
32912
574645
260665
659890
333654
585547
63878
44400
42967
138530
767033
289604
536239
777960
71318
48262
163372
257427
772057
946818
471928
638066
79626
896412
301180
527545
819863
402278
45306
24946
47160
195945
463596
630285
911340
752242
105638
192107
739828
534486
40141
242898
40431
623793
271533
472823
719481
435108
801099
418351
367852
778445
871669
158609
613141
276417
719967
569886
37636
384742
287733
446802
6790
904459
918125
210175
111746
308962
993806
996491
842795
577745
579657
476552
959861
477506
930385
141100
691204
43733
581531
209339
293929
335361
441626
807246
493419
118344
884936
449754
435843
89891
197701
341209
186841
254264
597147
951624
126042
517474
421750
982755
654203
631731
10769
712985
57815
760075
819594
347777
993510
450544
667236
949906
507348
2736
500487
307047
507907
322532
394186
787060
665907
693228
450109
18653
978769
315588
28063
206655
781814
495468
181566
850447
506818
913288
198842
233004
76027
334552
448559
41643
690980
718783
2321
201990
526919
731898
331689
785701
729714
99912
165706
580313
416323
737949
522226
392179
534320
627733
396133
479779
856467
614281
364162
427146
758991
308776
11514
990226
96583
835708
298545
562000
293520
990385
556631
279226
869169
628175
637164
867478
625145
591414
684985
100153
355737
595579
814878
7148
675049
183036
253122
739951
226074
862645
812373
737303
5453
861273
450505
976352
277191
868050
479830
596445
174682
315177
379293
737104
416452
314525
502693
743442
594423
192797
547421
330915
358564
116408
119562
118556
284869
528913
664704
821871
122850
112546
230359
628202
881752
894517
408264
882755
841670
466013
127064
985642
968513
193998
798736
754504
870541
125701
269867
738017
843389
705939
605654
678369
573845
812839
983001
648727
587291
207839
412259
889461
635632
669000
510126
675260
87441
76578
919753
474175
817199
667671
320747
482445
57643
766978
401379
657005
10457
142225
626018
313709
338996
141310
198025
840817
782414
691103
930318
834702
912095
255704
199960
125825
107850
443914
657229
525320
803796
290209
485668
870837
659214
513045
420028
941814
618210
419253
946202
307451
471776
314157
48908
219510
347059
391231
855222
601622
500217
26260
557676
565417
485145
573018
92011
127320
346332
527487
628664
480729
555783
293085
730718
222041
699239
646161
231686
743503
79576
858774
223614
978289
247389
960797
123142
397200
47460
400598
823161
827901
630032
262864
687861
747885
232607
464698
223757
645583
105626
312830
483392
140503
532291
599968
311962
668996
254116
73274
93123
875696
657494
351829
699952
638594
795009
316469
353973
229989
812462
975277
567119
395931
201263
744297
995589
496992
677913
282589
793706
984568
467204
574330
49969
716635
69795
250390
439934
192764
175834
93843
186540
1801
282855
57369
151121
359538
970250
393073
290768
408138
696225
452880
943469
37219
302105
947853
179437
63284
288914
942689
139153
348354
427515
316108
459518
564986
93381
96915
943193
686086
381495
645299
556893
743322
664137
380947
908046
272430
684521
855992
572892
750957
132894
433312
456154
50144
885419
792622
503454
887618
8401
759128
106749
669527
529216
201680
652253
814404
46375
460314
128575
991023
783842
220412
96234
588717
838704
403032
830928
362507
214993
809381
395196
254700
271016
313615
488815
803314
510736
932691
917665
331744
560489
866631
134690
343451
102270
285080
835194
99722
320440
969278
195986
750562
62614
809747
410709
277365
835609
766932
950261
670606
882812
238916
809819
450533
953189
119321
354632
315485
250055
633778
561405
871601
325526
166318
413576
999804
789107
841687
293281
745733
859833
8898
874287
410562
63074
781399
429836
152443
680623
511010
56929
537666
321423
519288
390672
790051
333315
830035
716558
137769
164276
699825
311470
200200
182212
13216
698623
60680
383885
38091
638620
514023
751216
128791
423690
243503
201039
41700
455422
260109
324528
851036
961567
840525
581466
777252
426145
209121
277776
12666
929832
594388
709814
14480
216308
455910
83317
500705
303801
256239
189989
712762
549564
768755
402569
508129
501090
229633
981367
9195
564517
267961
869953
737352
435859
238236
802566
78481
657051
571757
466428
364358
956387
811484
568946
52735
54642
654908
802994
426576
545745
387997
165280
77883
334545
306352
384635
111427
755621
311183
803777
352811
63200
863864
597428
12510
224009
31978
372163
702041
821531
52859
707847
880107
731291
963509
927272
644972
857380
632484
270555
976129
83054
358100
683100
185614
993517
369501
181148
581219
741212
210780
4840
190067
587350
116496
591815
394287
254064
730101
855261
353531
978729
110355
543007
243389
391480
635211
751760
179449
921980
665967
844907
144008
879673
584200
561409
863518
666973
810527
450242
125407
60466
731265
804265
356072
231726
908926
419518
578003
76046
519939
423192
699758
963641
869707
320230
532466
271789
671606
105182
736113
867656
310009
735816
302468
950782
372162
426154
325793
644062
721676
447060
577138
413437
457153
473542
13313
632853
917826
234103
124430
38310
324660
10210
259472
102643
249935
89133
545151
498804
900863
484418
944147
395688
867922
941387
225996
937897
69059
65012
27499
221665
582780
255050
188352
120797
366742
3280
225338
51969
801236
727875
839084
489796
615396
306441
287656
530869
746928
630984
862335
713128
374862
155237
678058
662119
269936
629209
578541
719372
37279
3558
405751
851392
465910
185802
247151
721721
889483
790787
648623
748013
44695
538727
146132
597923
816870
256622
448439
272955
71089
374736
981970
296318
156499
734732
24435
819695
231227
179573
167283
880105
521430
468770
328749
582269
366951
464728
785671
169117
775051
540210
596769
518930
418538
118298
407049
288370
814139
294175
799809
975018
98656
245376
954307
782732
556085
329586
908302
287251
799813
930065
215227
557807
391083
244500
280037
799721
622377
859766
644946
813555
743978
970176
770361
479082
454420
755788
311358
371168
859995
518452
343331
755125
822386
207402
65938
581611
622990
166122
839843
372418
590581
500712
50907
924191
784600
331664
952421
191746
22837
22983
667436
132448
245420
898505
283102
933891
155703
928284
975741
548221
240601
856220
643906
593197
690801
134963
816585
630541
789623
105247
593819
545488
504624
609404
604194
562910
907850
567101
173952
913026
241845
212697
819469
458214
335537
663536
692442
627847
694108
559831
101708
695256
335747
590822
30542
982837
667744
110048
901124
36344
808731
397263
790960
247355
79704
318284
592521
639086
442865
427399
30914
478412
957840
49779
794560
655352
761147
56388
486674
783615
574969
43479
492690
805894
717921
403025
853924
953762
201329
510757
58693
673614
942487
549405
625088
445370
731027
281083
638036
937538
202722
12372
209257
140963
949178
878505
89029
953520
855132
403204
236887
908307
590484
916700
804644
558299
970280
296279
682214
683881
389705
174469
138685
184957
699857
492807
339490
390617
175255
708527
947866
365915
691191
308180
723604
866796
100559
650610
167460
679341
768664
308125
741495
276294
776515
646239
382543
760214
717356
601074
135537
316342
388415
531551
444100
758372
930904
565258
328502
30735
547389
870382
945875
418400
591112
265332
900248
200775
836346
475241
572161
669737
213244
157823
970055
165292
440659
725656
757173
763577
459682
982042
29691
296331
371599
858749
403400
615712
986790
458146
988503
657024
891306
794477
343792
723336
775465
513420
822830
495336
688675
499094
49193
701296
78338
806752
105171
763264
811268
768585
912036
988879
868530
732742
171433
104051
409201
358317
880792
253380
248821
905217
897393
191193
985980
759845
155039
369495
904061
737078
50117
411567
452618
343680
362986
194053
105198
759442
351021
385258
234286
898703
418613
605831
607037
974157
234540
613270
674800
158303
349696
358981
929215
63549
754991
243407
22719
186373
306089
209675
14662
642673
79779
139200
546993
997225
151637
824833
381485
798563
552300
899972
513199
505303
236024
451974
386055
616642
146453
125505
857339
224002
895600
964476
504409
753247
931834
850197
772694
403401
928075
523236
332308
29279
498522
614841
60428
634634
714936
891176
246794
745029
967778
138679
370041
359475
554227
313930
385544
964905
171700
854183
890165
671333
680676
832269
113264
743150
267828
354786
116518
469678
659844
200037
67392
368256
555709
210227
394314
964464
443113
248951
276094
747281
999413
787152
437355
219837
54106
63381
157516
878129
946687
544523
285366
986284
983031
542197
187842
566945
460979
249098
703579
660923
158309
241564
802499
922049
830956
250088
191238
399207
190541
853472
673759
73409
796528
702684
566739
275742
526316
199045
554640
499633
870850
394296
799911
48587
367887
100702
92202
215563
843914
827216
801079
354074
832437
87947
942346
825421
268440
710607
249373
205782
901999
473180
766501
573792
646993
948606
858956
810157
983633
88451
310477
274776
791885
706459
78053
115889
141617
20096
761087
556880
611619
904061
457482
250685
567202
59326
407665
637840
722480
410843
703882
155255
996359
566992
658708
249607
705074
765233
517247
651019
752100
266897
317255
492650
681380
348501
155800
41014
908788
384551
408839
543100
772506
955850
17811
686832
885072
662203
61179
237206
706788
985704
849427
177539
223152
105125
512760
531008
78774
854394
881155
443057
799660
736909
852287
398550
692755
59559
870007
72523
175768
196458
605191
604675
905290
776029
490390
693365
748000
686572
156149
864085
128435
641343
865201
187479
857421
2558
436012
497992
515033
970349
898873
857319
771440
345453
200872
294660
986717
512990
568589
772525
499902
226203
362800
79137
757471
97529
723440
358653
672526
116366
704818
297701
816161
198537
394729
460824
758875
644814
560431
664572
675673
341729
338315
988184
226808
293175
514723
810006
964661
863370
836206
377281
202168
698293
15688
174572
151321
745888
769078
283288
597145
658153
796157
995184
130854
626663
873951
83253
349553
553602
130484
882100
554982
69961
854868
56126
824821
748422
644569
748063
636670
293675
648350
919393
803553
625120
572285
68303
510578
770752
505044
113583
138630
467524
122551
570495
986447
846690
644521
869862
974961
171582
920768
732998
70025
426374
15383
168476
830179
305098
416225
74150
567272
434149
374934
572079
545224
443897
214764
175695
619386
907135
479886
392501
294716
328623
520519
432268
188875
666732
98580
161592
983496
660646
350101
795350
128463
259237
296107
849906
14557
656952
766874
706138
449567
220693
985936
273308
403558
541482
957120
293644
28075
637476
204254
405091
453437
383737
953063
244045
775372
796610
396848
478106
917485
492682
204930
576925
764072
622961
84003
424754
625990
329234
167845
183720
551689
367454
375791
985445
365978
540808
495468
903601
171128
796422
554826
595002
682119
783381
58996
580679
48867
30711
440695
792122
603779
848924
237527
633094
682541
459472
452970
540986
664991
210764
195984
116282
111874
358092
575939
953126
340752
268638
249154
16207
342977
997348
506260
952370
20462
62529
535185
879825
39096
379615
861238
432157
366513
599467
742323
575997
520613
104457
374186
949581
403574
477986
46049
965416
862666
402737
18553
805463
772097
849949
676196
925347
66369
398105
30167
178449
996501
493385
607647
800922
946242
785929
33988
87964
732631
444472
604135
696796
318415
80213
312380
33115
262849
734314
953453
723725
613072
742279
980382
603837
612453
140795
744766
688940
769423
201825
826169
412714
376428
49744
538058
605961
272460
721785
516460
645339
369277
20867
115775
10877
499923
775241
336047
55843
26264
660412
458813
918821
616225
114134
363893
732469
435287
530919
35120
146655
139136
989607
782919
706226
390547
916815
8009
746740
924037
828837
571450
745790
924187
659536
636729
535681
575584
783121
476861
259741
32496
565193
649806
763438
49347
223329
14170
900457
695306
103075
208958
151529
514567
475716
367677
908979
239461
487302
715641
720381
317289
630742
352897
402040
67846
946432
535156
217311
602160
231654
795633
231798
288791
797224
472250
702964
582439
883258
493686
833482
187132
824404
813031
784515
440603
262160
894140
624204
138111
869959
582795
104544
505897
890851
979551
812436
961087
96002
5006
966797
687695
871616
500217
593080
611877
925916
204547
415221
679127
813565
265794
714573
1985
117956
873959
39761
529604
831636
515970
116442
796971
252019
848553
503817
77131
739648
159052
172
613522
638519
88825
370214
720139
987426
338840
828367
470246
203811
378215
359082
925825
496832
99559
701865
25309
208123
199808
688260
592905
546141
657752
699450
438011
681898
319961
300519
642870
165123
683385
973803
984529
884104
480155
640001
469139
856238
709293
921392
980379
461188
73700
598364
267463
967221
798810
903938
849567
803061
561777
144022
539089
103194
849304
325152
895831
395201
322712
282427
99163
368634
250026
40525
47299
663686
467462
277102
539944
787252
652093
911743
982796
365860
467093
7296
672266
841089
263684
338906
549951
997495
746931
942460
38117
877601
831947
311067
170770
808500
932580
543997
857076
500783
256713
262352
528664
964937
639613
708975
784225
189178
162468
204057
373418
224233
529705
72592
888050
930381
371139
632451
46935
680694
916028
656198
257379
664160
385777
746185
825790
961920
148578
353064
596487
37222
693376
117247
895146
589934
717972
38303
130938
768997
55987
652707
987865
249254
488509
687197
889045
663839
330825
930081
320314
208907
317170
947737
606445
554124
379208
972434
990880
443637
97248
203871
472054
430509
33406
781146
124099
774350
554064
865130
451635
482309
815939
212651
245646
27188
814558
268768
344868
997660
94094
319849
224163
834865
22411
505545
635245
387790
674250
260823
79682
817255
570630
866561
875950
211414
39365
23827
583517
810791
956219
120295
640755
140796
200246
782522
1117
502749
883705
405788
753307
787922
603463
12410
599360
315171
8316
663398
703193
676959
883843
113095
571753
938455
59607
528995
264247
474226
422804
306589
708446
379250
159386
378981
677559
814169
361469
769217
959367
918779
834716
279853
82133
92159
531240
250120
921016
861833
489999
139614
241869
986952
948091
821513
240301
591683
61226
339610
727434
541888
844081
643627
365053
265608
591697
123957
848547
671345
161042
904436
626264
531033
659163
999851
71289
297188
209669
746850
663217
819159
863867
342322
672270
535506
218266
636714
897817
417344
360002
352142
544077
812970
727434
172108
715940
322589
117557
131220
350306
492004
981209
894655
554395
399149
748405
313509
234265
60074
408405
561358
596956
495810
946056
517539
333329
855958
430695
515957
428802
430849
147193
272457
769270
277657
452897
107096
298143
84231
383569
478135
693911
4992
853082
270230
872917
638609
705970
103786
89418
40165
917060
207877
118968
748052
81970
252790
947557
831734
979578
331265
714221
593808
326423
694883
842147
423775
558234
796980
611169
963004
674211
924247
709040
852258
122431
52569
72693
559683
289961
692230
831262
790337
972537
869990
775194
218534
806791
231330
545373
339581
241864
253641
756300
502230
374921
313402
986359
195827
725709
275316
314254
62752
781898
950305
665421
176
28897
218168
350298
380328
890356
147582
651170
890104
179542
73421
249798
647803
322108
239492
644101
192599
160832
749940
422587
357129
142845
457975
592444
948951
796276
211281
645395
23269
114828
626639
246092
984322
891947
728126
338082
548027
994583
100559
749173
584452
171449
448368
704206
891206
148756
629483
844672
207788
672847
538859
986393
311777
625770
686649
685087
441186
439309
57518
958534
407162
843502
640292
418974
334025
614263
236582
699374
406190
43981
182100
400182
45386
518470
537461
507406
55457
490251
680195
516445
656917
690437
895234
976257
398886
62785
451902
636729
784299
389857
678263
929118
137031
821393
629361
431057
68311
695367
643413
791961
170267
742936
431397
247789
363790
573005
951448
329533
376451
130118
823686
819959
734628
367530
60142
254623
892883
508365
269636
446781
172446
519059
269468
490131
364255
245542
274647
740829
627842
854863
974735
943525
551067
889007
267386
211968
529248
181235
706959
835005
675977
541096
923516
904538
589335
213075
916608
610011
217668
940462
796310
498639
28922
893176
921407
455424
288365
957738
306475
98710
667159
718089
788515
716847
747630
675864
331264
846389
579110
109646
494183
347793
713955
641967
876645
283363
6929
84814
38931
111449
922853
990970
28393
123718
866762
148491
480133
651644
225122
718661
210568
237807
70503
140151
586643
132201
791078
450529
617790
52879
116393
8371
25630
286470
97467
832135
432099
490270
5829
642093
919472
359688
438320
381121
201915
185139
776402
741409
358707
803751
61254
417158
298223
42827
544376
904027
234312
855444
491538
447456
858810
557992
411579
55271
74069
253578
107837
274163
236464
890037
399407
256904
965182
269782
697481
317095
524798
366635
806586
786824
248712
788686
684284
309268
580639
879205
75909
441521
363553
914400
436593
920545
596259
693966
350595
31388
151780
743610
210973
423844
205977
329316
175399
346125
152857
997950
484983
607775
684041
846929
842641
632759
157016
164032
761257
509071
758387
477616
561090
329907
63538
16502
303552
827
659042
65936
957917
22802
482927
77858
940972
23739
741346
194999
361545
237877
413243
199689
925635
144874
273828
375365
18612
252838
745194
882009
915959
162462
428854
724924
63154
659637
756087
642229
614930
214681
584496
291138
955856
119782
301437
547201
574782
552526
552731
875381
206632
966963
727234
130774
621577
407908
776039
406007
697368
677433
19215
671279
988467
165723
964047
280715
775240
383401
994919
508855
331689
286011
944279
60881
85165
430682
318850
250839
637772
675346
853658
9242
731509
909503
699534
930865
662759
857078
394177
246122
356832
478639
686999
868794
112754
916681
10774
52745
920997
823966
877800
25853
742950
520704
956018
575064
653217
433582
167280
195166
973322
836957
59241
244369
382195
384151
795200
99055
61449
685239
125808
369254
133018
635637
711574
570073
121683
197176
781797
316213
382278
623988
59237
877339
105676
464632
774816
117728
729798
336869
249224
123841
346342
762637
279067
143512
723186
670254
676140
893310
590276
859836
20002
438098
307802
90842
221314
146677
198457
622022
651389
291293
658797
730471
43112
778850
398952
506949
137456
786262
501941
652023
26232
384419
932152
872927
55227
725358
899084
810512
467308
888579
332483
956777
351783
785061
208073
217110
17843
435768
593375
837578
102269
30415
556836
442900
721194
177088
332166
917001
620231
305019
562553
290367
838048
457172
435163
461416
476030
988382
390938
720675
800616
820094
725938
934595
400766
8527
327685
497454
783981
97886
100398
957908
874262
515199
14221
140725
158263
397723
983435
785972
756971
312022
314471
990893
724438
702341
395519
37995
859015
939377
778700
132172
840858
881243
555119
243418
510834
826242
778941
823902
738437
956441
917580
2932
630956
575229
809575
810624
276357
477318
414670
998993
736341
392192
776073
594483
306938
336951
126127
633997
352000
826687
166680
840653
65174
288055
313983
747783
495768
95358
6138
786564
448443
913990
766567
570543
223008
798285
96241
776054
688011
363772
118460
194296
966726
511334
838961
43050
502955
696010
271024
978889
260008
596282
852379
610052
352778
89161
108777
386932
34809
220380
97574
308716
171190
442657
458514
719605
560791
689636
850082
866246
425331
437733
181849
458279
80785
555874
70180
31625
241330
421935
565576
413539
875477
169180
860082
847901
582357
426870
690366
35558
888339
19950
554022
631590
197593
103326
874375
356855
887070
727768
568321
420753
191584
225942
568427
572802
903687
352207
241067
422849
738769
861887
450134
240377
807015
278283
662481
845607
735262
958554
445279
972974
590255
646619
806853
720511
332993
854602
696215
617731
371541
298443
751158
915385
972056
530682
494638
482934
634566
738444
731413
21264
535506
809991
903610
80124
473751
59425
792285
778781
703028
100367
599542
450794
149252
797827
387570
726804
956320
573179
223316
418432
182204
11181
317273
946111
596916
609050
379070
729672
499709
878886
134690
340856
714609
272949
42906
690573
151961
842458
539953
528982
740348
802383
475172
502114
782154
277208
804293
261017
691368
397257
63136
889152
35933
643465
923643
580292
277335
158294
726097
304090
703902
897474
409224
658381
709896
363765
472391
588554
18376
672376
463562
271495
279091
801258
933991
932103
642927
986372
580418
540083
348742
730895
410794
397551
241228
373843
51657
888320
63882
619075
549974
864435
541360
882325
31034
190246
332321
612557
105447
734685
829386
502282
704960
667974
579466
413721
171438
875556
293206
516483
567251
801382
211562
156316
229487
883383
994032
685466
39280
886841
570366
183668
30255
160786
585608
104584
21212
889532
449679
163313
806174
920493
751472
69130
426203
434652
410143
897304
64581
416104
822500
987218
264180
747789
453670
379730
427740
923443
261201
659444
177888
687952
673835
191740
33414
760279
481930
750883
943340
175675
590825
356368
475126
316740
213003
135254
108224
582878
239155
34124
630498
116092
348780
4325
734254
715628
581620
758430
561003
812461
904667
868831
460547
651129
893074
691387
841257
686160
261095
625102
386873
836238
777912
288141
365137
236344
678181
342501
617608
30291
483051
911295
86652
443972
957674
766032
952312
300680
216957
758178
408112
202246
38257
550086
152135
427888
11382
23571
345792
950796
864285
763694
193173
950008
20087
196878
862403
911780
145384
6460
63636
642209
413608
312321
719990
772882
103995
205006
474337
281952
705612
489327
447909
622824
657621
351476
867973
932834
378549
799488
601148
325816
904910
235516
844646
970034
787765
866630
351849
326501
958994
7833
840003
380264
655408
665826
800344
901698
147935
212609
139132
149198
31270
940253
272566
571030
501510
548297
805444
761603
678911
983449
712078
283458
908038
567526
531633
693482
857679
641893
1847
718026
389826
264862
204080
13234
50745
646089
801934
942561
508919
33840
467892
914158
795557
767403
26199
111448
80083
502048
612918
64878
487087
968718
826883
140032
165030
58049
815899
564899
960508
489184
202991
983459
893153
715922
486884
169045
706741
45094
824410
402397
67252
785001
535233
697643
627389
14445
573053
750141
994701
297197
724446
781846
729062
917790
89626
893412
789537
918031
237152
960775
87658
908081
399848
357038
153074
903341
337147
654787
92570
201629
104662
953677
696912
374057
337279
577337
228592
852537
912072
284514
275881
556262
79998
949997
224890
377510
12752
896667
4586
975610
46505
127676
59534
571807
332017
384979
143015
527270
835574
981212
416407
948528
490555
978423
571744
182479
383307
950175
781928
889392
171394
176906
639169
944143
216266
923914
751631
204520
797068
178118
219048
844
983359
357567
686294
122042
394586
669391
479071
568777
493109
198622
723419
408384
925331
426535
707355
338628
231596
813155
215341
232535
429858
753949
774401
940105
876009
922613
171205
502773
863868
227473
519540
201649
728940
808710
615768
39348
396150
29743
498284
680684
329698
163611
109144
343582
76013
962636
219798
662095
386565
507676
551351
214830
58550
52884
814541
797007
741021
330341
573998
183450
257946
247361
505696
735651
911925
906923
130047
666616
319263
553811
448638
794579
173229
50268
585423
110109
98821
224915
527494
889203
298023
83666
556445
995156
513465
726292
295707
570073
461949
385759
493431
913477
399901
663659
394321
75502
615805
570207
294826
663245
986668
967323
906852
795069
321281
7276
639248
143787
392474
828020
835759
937508
824717
600314
104202
714473
887300
756535
108337
472555
802114
903748
711810
254999
933539
762308
788530
323163
399736
806813
98803
712263
526262
707365
357178
23729
807347
542022
606041
377495
882599
462121
894070
375606
278436
56538
788720
381764
715233
869372
714090
48711
365057
591985
759866
481491
687524
736221
444047
679727
540201
578800
294729
356209
880960
573045
70777
572966
19150
537676
654581
161339
832170
640136
554362
72264
506302
588310
859304
514219
416304
667305
333344
30564
259139
954112
940547
747160
85168
629260
856602
551153
972546
608688
426284
227218
834559
626924
158647
982437
433222
717173
459722
651147
421092
879414
376403
71261
416908
829254
548132
204995
923470
25024
88252
833534
201298
669120
108111
25921
521875
62584
637955
522692
752939
151536
396140
204632
765131
718521
271210
334380
718808
664136
469401
25811
303684
651855
137710
76852
136743
622076
276808
657837
226624
443275
579780
243077
262492
229634
634580
285112
264904
738944
662651
142409
384283
995904
336059
669829
329995
24387
278067
53590
943757
827458
285079
388170
694699
904162
909916
485027
581097
670439
892748
981046
249909
895220
802190
700827
100111
491254
139905
119343
364183
468188
674526
425075
582816
656555
555006
364250
349227
541598
401893
85842
911229
265964
315929
157418
923167
804716
74814
222072
935770
653679
584151
382966
806539
341406
6830
116246
504884
223351
755155
297866
320391
579065
607
351380
736955
675307
691958
503732
690252
758503
430976
895577
108761
104734
252883
878851
149450
626929
672740
56957
38991
637031
728214
205781
55911
304250
502470
606362
900362
980138
578172
567605
729362
326190
178544
998726
170146
553754
755428
811750
809644
270979
531588
44645
245896
993869
121818
192767
710523
241908
856122
853653
221613
221292
17677
332745
590484
899463
977924
369722
923504
332135
957318
609317
432473
699094
862000
602975
759535
425231
193463
549370
424542
466748
845835
931530
300230
52465
2925
912692
403684
416092
578830
969485
69519
661146
142313
936991
340075
233352
165191
516213
637503
571221
178046
53659
660276
922306
754015
717960
377251
191773
581439
652926
354944
441017
761819
594816
614035
734358
409666
392708
495789
412161
337201
378977
740324
145875
688318
752892
884066
442075
250598
506506
774449
629349
864123
306747
927275
770845
389318
854929
815759
283790
347027
639247
516470
23428
480837
254651
370054
593534
346503
574378
802624
9293
113498
384779
628800
961937
843857
535877
924130
848232
708945
255903
511776
874530
917478
911367
550481
322496
151340
37649
727672
177214
290584
710315
859386
63001
876864
901604
612183
996984
462557
97521
546560
612993
388900
657991
96258
524950
896625
877592
282749
655121
977571
860868
468976
811001
171021
717350
421885
442414
545842
141670
929286
402813
93916
545723
879819
18277
318727
523982
367575
177627
525248
552891
299181
619043
787752
844115
469767
207247
28111
274887
835751
381363
468220
483309
322357
144633
868433
679137
747514
178324
618607
883529
695645
702216
717212
448855
563195
346286
654960
237814
411493
456996
52625
180617
524116
126664
338622
380398
664429
75242
643660
644987
930304
405734
396415
544022
642965
371983
463045
331797
987760
347884
443556
265841
8141
311136
517685
418601
567975
609124
293637
972259
819917
199443
921220
86410
990271
196729
13363
956713
890000
855301
988315
268090
114851
364031
704515
881244
764804
499634
473879
257318
698520
684608
977930
358273
336374
585276
710303
879661
637016
65041
183308
220963
93563
500020
252190
994608
134991
793711
211313
818506
668579
749343
527686
158333
574013
390788
75309
794942
638713
424059
355597
262923
708195
661451
661595
978457
55191
583627
651589
916598
47083
586628
311982
560777
776347
172655
374757
721696
406309
610517
863504
866690
171338
674294
349872
16869
853877
294103
667494
196139
756262
617280
751222
580781
79903
724735
652392
45461
518457
280473
918430
858985
90401
837380
427710
249757
401962
807836
556794
650223
819402
409710
928715
371504
824414
207850
922752
143971
293064
956643
833445
320538
397284
13835
606163
90319
254821
258617
420815
501454
57564
214239
176265
6203
258948
463034
97953
541797
570233
591771
38154
422887
42007
317903
57913
382022
316716
647709
807598
533514
771149
471353
704599
919335
869139
803455
275866
447889
474359
459437
667759
320316
680629
201072
140641
152090
612679
847770
120663
414832
19220
287416
959552
380670
784722
310653
555461
378706
538281
335581
801248
10483
156596
42246
666577
413343
467970
737815
849364
970451
67515
581150
645627
274797
941084
603875
56199
210527
844464
450979
121395
524316
756262
231574
60890
885428
874004
714395
677491
973679
907068
906323
719419
505473
638007
293442
471754
629755
920779
584298
597902
332302
500633
361234
891266
377468
344344
465377
697509
900492
238754
357383
649056
139560
256913
644273
577083
161445
93797
380700
968271
622983
478158
912658
936018
228998
449416
180547
705368
194445
642456
577800
372070
762637
126098
682288
41591
440706
458487
413875
475850
991822
361453
148911
61429
56900
98912
882753
196269
762177
146984
187294
440180
463876
814550
32019
94158
690707
862216
353900
678313
847124
446412
161248
821352
307428
237167
542177
710334
469384
71766
338286
69115
569981
193417
335955
465790
332610
905111
369412
269630
371995
307267
388233
566889
624750
325764
977252
585962
175925
615112
873866
433877
793149
338665
315475
222431
309676
339151
706911
572736
278669
73339
142804
391639
527603
170635
467178
183373
76748
257415
198348
997139
746171
250237
44596
854525
623049
851198
965211
274134
716602
283785
486830
771189
981280
184641
601498
504377
311942
265036
180753
36367
94503
46618
498919
200598
348979
168039
521092
529298
600495
822375
808043
221270
309749
558052
255187
197854
334065
324525
862459
55821
664115
331264
822751
700193
411605
485710
45674
24722
200471
390709
232107
204921
264722
400809
897920
105351
489824
245702
559052
403529
455147
792800
896565
585566
837361
644129
234589
835964
768692
573510
866131
810991
479310
103904
165145
985809
97635
360774
720863
603561
659200
469738
997892
657700
16437
943846
486623
649690
266069
791501
242799
587823
962993
698880
208646
798946
763265
423879
49720
373549
894650
223523
669726
228601
68975
730366
797414
660343
483728
428998
999236
967236
38842
707910
696719
548865
376448
860716
573272
414238
275555
586114
479733
62811
724098
730423
945222
753106
198770
771970
607548
240236
572427
418329
837893
961825
582356
957731
718585
957637
431255
158423
214529
12318
235814
259835
777721
835278
224222
455745
330744
340415
588015
224060
548063
322852
614419
508792
902774
380486
682386
599041
498325
438874
532432
515672
953940
866730
326067
563077
131784
528854
8538
29139
940529
826004
646681
882648
248164
618329
483631
529557
146571
881417
68931
745390
920132
458161
397417
565683
830730
770489
993166
385546
112637
772944
975674
237411
634525
585500
763841
777555
779730
486983
56580
418180
49877
856841
321647
321353
859598
373217
557645
606215
840381
450472
899186
930854
702244
753935
128246
447276
264342
955807
264745
525925
364701
458429
399028
710678
937775
989957
216855
780231
222441
805702
730007
490505
438531
638872
609212
312696
315717
233874
697718
740258
146105
915300
381737
42913
380530
645819
569575
949872
593747
960246
229441
383196
658234
645213
349096
322026
731458
735615
890383
992138
472424
926684
939729
974139
31570
583117
973394
505799
972891
333053
319092
60543
218959
847812
607131
115687
496738
685833
964533
670969
544060
417001
46551
163265
109490
651355
339485
237163
585280
938115
567396
627926
552808
503322
963324
13963
120897
69398
513730
833758
122123
824394
324100
843188
943767
551154
912576
296871
944573
778264
446609
664309
858727
14840
815669
505927
450617
86659
868084
587676
738088
872183
500380
314853
624456
610009
28577
714992
408132
549977
93207
505932
645353
187713
327669
42549
646446
332556
473707
170355
334915
182697
785505
744372
16746
498359
284626
369752
948316
645128
423177
180766
828160
80620
531539
457364
49917
748348
799103
338401
807999
166309
427618
993679
24127
136256
739654
875558
381622
615116
345093
784964
79592
16722
286100
546583
94408
462515
5849
93086
255673
505380
455386
177134
413850
122066
702620
950577
542830
932060
981849
387020
450227
784829
81577
392627
971658
800872
220380
797152
640181
15892
542926
387352
491038
419538
923727
714766
968546
922477
850726
872622
586673
819729
875315
769193
167353
456056
134050
183817
133191
515722
729112
787122
392461
58814
989662
454707
514367
444414
970323
677686
238657
235808
790777
445513
324123
428763
759386
257043
470287
560760
354454
567222
382559
119023
680596
495772
322614
451025
805279
41081
402947
713661
700585
737500
76307
154219
865784
281713
41563
714295
828386
868938
485907
640277
595880
345485
450018
500269
487099
940460
706790
116041
738071
716861
574729
952021
261596
515122
691263
335752
854270
911811
155569
453619
922794
137872
436415
816073
862125
646291
428594
546921
946565
497114
363850
824525
913485
301460
555933
985287
955971
117140
405074
609405
343486
843055
592948
577503
199079
207351
280868
387740
860319
704923
989932
404839
784444
719066
15953
604988
233727
834740
2282
204460
60038
866348
347150
441076
61876
647295
197901
874145
910391
600676
790970
143545
686714
354025
913826
106493
572177
296174
672431
78626
35205
462487
118323
830733
441446
928508
398857
108751
25135
349416
241297
796306
328779
662078
458632
978225
354406
958547
967352
337283
722500
505246
60066
906303
985417
646985
728607
474743
603901
481948
733971
417909
166978
113440
309447
901205
840239
917416
329376
124315
300568
709272
28419
514426
881141
861543
552960
224232
3224
343735
966134
529692
75321
291935
806069
564129
698473
839010
448761
245740
757070
668488
396325
193204
667716
808295
80499
221030
60575
184104
441680
306256
380693
96881
516363
841502
66436
949935
301530
428091
637919
148747
608390
20111
133535
233695
512905
759712
265038
882337
937188
858032
375319
245305
255765
981656
106938
412087
481465
943155
788705
547006
889476
930278
132599
427029
713989
940060
392996
191315
907376
174759
817598
850785
953596
177869
394338
26464
733873
383193
185982
282829
21069
342681
307496
893580
412738
580726
189395
214719
154141
853354
157607
912369
8133
580810
569308
364122
935923
903922
274814
448685
848600
735114
603469
969336
148128
680064
365786
700779
163458
574177
730269
730153
843418
238474
825214
726442
660927
344866
914562
862244
112075
176403
136066
624469
75655
274738
907866
314978
1585
380174
310299
541700
562373
905247
890382
771709
387268
895383
43502
654419
785411
790593
258503
57191
683676
827410
592095
774018
48451
277355
871338
58292
864782
607196
246617
724125
988296
561500
932601
757246
144362
231394
432510
743071
717243
202964
663270
668091
491873
917329
917278
158828
550213
6498
511030
508498
192674
962248
59611
293800
517139
139894
906772
320798
100163
140017
793655
35063
482139
843388
86874
466409
870983
756670
22378
200011
70088
767568
983523
559007
201210
105448
694846
676397
815542
115289
442228
959483
962110
955737
824146
364814
801467
510671
875505
470137
236129
259166
116007
533163
511021
270729
656213
330554
681251
933492
482182
716923
802289
909187
86741
648543
850336
368518
371543
765711
114190
972868
38109
510137
677138
579940
509343
701797
723252
991297
807775
830324
280264
598039
821300
90926
908381
517350
201987
156018
28016
765975
230984
272054
453162
31820
132509
608652
457869
681750
996136
824122
706594
1768
864762
95565
790281
991970
682145
690162
691700
862694
501436
79598
241470
311061
127711
738949
957992
63958
134520
613383
521174
673409
957265
25315
911277
870148
241044
778498
167334
950161
539648
159610
970380
385435
346740
474243
416028
404314
511699
291414
18413
819572
243650
204029
126724
174223
58667
832282
374363
955175
701514
749469
995714
197338
928768
642132
802454
430685
564512
620510
212577
695770
930583
407917
717442
690047
756918
622813
620481
41237
886678
883626
252948
859501
888467
305943
256539
72100
139016
375382
13224
386091
57294
385250
498211
607906
501232
295121
676324
747738
233870
166481
146675
673285
505941
987739
205769
714613
106523
130784
792932
955008
295411
796020
368994
183545
387992
590622
77725
60374
327275
38426
299709
702047
101454
929346
271605
377685
268620
356447
370681
233429
414369
310881
850401
27999
202339
65307
992044
592256
436313
375216
762374
460596
537605
869568
568188
318637
908072
639905
90178
694637
967879
582973
208090
325630
244874
595051
487142
493488
985051
147377
202257
517576
307697
867505
533867
785563
896371
466597
958444
88397
688867
202890
952673
498596
989260
213450
962118
988065
805099
712000
245280
439803
841892
820054
952289
177614
595195
584115
822646
511401
258006
593199
804116
599235
489381
731516
899483
574419
263886
859798
129446
175850
1554
486880
850246
689087
851921
532354
999751
131970
822007
830456
941484
220011
464593
644067
657062
3517
952466
289598
348705
990051
624352
413884
187373
767111
210276
385904
277450
176343
677009
691278
795296
736258
604398
239293
917769
618861
9422
475675
734975
359631
238601
137610
475487
750426
459838
260508
5146
940756
773163
505439
893486
848295
281295
897415
981574
299474
784757
766562
326227
888694
641935
673661
786387
583733
221744
678969
613603
795952
424346
820214
274398
875638
614979
613334
996647
862108
231689
861397
161562
582923
868831
414761
5670
237862
441797
629396
737745
474949
100385
348578
814155
665788
154277
343499
797398
843674
560082
214337
982335
73944
396766
817595
438627
340824
503583
17761
607599
442750
776094
48016
286500
81050
850182
627456
529114
185592
953624
387084
978950
549196
847218
7173
404458
41943
401695
393904
492469
754902
665276
962769
32346
451218
596687
302219
908020
986838
731010
405103
934116
820487
475664
130484
209557
956569
81423
84982
531791
304534
496730
523476
280045
593157
530465
1948
140579
666000
305040
668771
844287
876086
492411
792382
4990
168665
690676
314714
765742
243575
83539
634853
749685
553658
1830
761810
163940
43718
125454
929719
458555
503433
644878
92515
394713
917918
798565
993974
45938
278661
143139
525193
887818
293602
610865
607808
538894
970002
902323
953165
477285
125209
352110
735313
839227
573998
569481
499326
29993
237874
763941
969766
601930
37581
360263
491947
66897
115434
179889
915985
495249
875777
362294
431499
901970
513160
359598
161826
739623
878106
370936
957344
246004
566155
548687
483517
965798
265576
322546
511272
295092
270247
744679
108723
470517
266684
888555
466000
970539
649462
479523
495492
614625
836611
433627
159631
900759
205668
556221
758127
315362
571120
189807
67037
259273
156512
554442
676899
139921
774165
879042
771927
140095
678437
6369
424648
86262
411145
415766
853457
777845
891792
455625
616551
967240
657963
269131
106720
117783
739135
485293
258359
129605
505581
750946
140695
886971
752400
221179
643049
980815
646651
340230
140997
761594
459203
759637
769270
913118
694992
424287
332466
332215
217709
429267
701523
788198
119346
235769
840108
717630
665791
582760
204773
507472
176166
609368
769549
358399
139020
797925
397212
508832
184117
385283
38095
530133
23028
441837
40381
846291
892387
895601
837067
350991
653570
612411
587074
645587
543000
325564
129328
834642
922645
883762
183361
930010
781635
367896
966527
681407
308601
366234
204464
245654
745839
307725
695200
506532
404029
520804
787550
283501
403497
236596
991340
936169
194234
639104
856636
920082
138154
863246
30787
457803
549363
659376
952969
440419
741881
229221
216866
43841
777718
802508
640912
616355
893989
97809
46562
56003
159303
906115
702509
25275
427561
619842
476784
873168
180030
192790
802487
114956
147913
596798
485153
605885
987081
235864
936816
484026
324271
415371
555757
635869
983957
957991
672703
16773
397321
616377
939386
751272
983740
661939
684967
182350
918116
43352
700341
787934
688440
191069
361639
760175
441852
398476
968356
687463
121635
517778
235224
601640
379131
542583
263302
439690
392476
742378
771021
81783
144564
762949
986910
361705
858173
431615
614322
652819
362950
722996
203687
930213
594021
972596
346932
227691
528787
896301
318904
430580
846725
751590
766431
377678
606302
561405
392030
946634
578959
859801
741862
683803
769065
856295
932423
764367
175114
17738
779018
654352
224986
632942
574864
778472
388984
993761
113592
303126
789926
192013
403417
663019
634262
814387
544087
232688
664198
829009
256566
338858
767334
176993
606797
484206
355460
565348
45523
108219
438504
550399
761510
859427
602648
517825
384703
69195
894988
637569
909332
478271
111922
421422
802640
681210
398658
837335
428569
501568
290812
129232
77883
599329
45409
403550
416240
303978
177433
152464
136620
673993
465355
770381
325150
316070
375072
315786
105690
844626
763389
422322
561095
533118
915597
953254
736534
877834
762122
172778
762780
204239
206881
258291
515906
799238
176609
476938
790430
925530
259806
395200
744591
288572
317873
896887
382359
129214
957587
103442
67214
405374
179056
30406
924407
20771
494945
668009
861893
315019
994264
482948
213450
939712
594649
187760
848599
491797
342730
652705
723138
413327
938470
24616
502997
474555
187297
359842
189926
18727
865044
548173
484211
775447
234209
740221
184742
282391
829916
910596
827082
228148
156340
214530
735077
281552
304020
247436
808952
293432
993812
684878
882462
5908
21403
362004
836658
857858
720071
543264
974629
377661
594844
359872
246456
495131
312703
791355
97672
537758
176446
142354
50271
707746
20298
524128
662866
742302
511533
156640
950144
259228
495356
496157
450163
600420
375303
187547
587170
537735
272567
811614
581158
623523
533294
167781
829555
664921
364540
474642
207211
787412
291512
892642
494834
427199
794496
33655
342404
842487
747245
819566
780987
751464
616484
864333
673766
463717
560023
581279
965009
304739
164662
978968
467564
428217
207191
673252
134028
548938
584342
544705
457436
673454
877436
618706
598010
982302
529422
481694
755088
846303
333592
279683
190362
214490
778368
853761
154980
568351
240542
729998
886771
607291
152932
15521
330422
989516
961376
327484
146641
664742
294898
983968
575355
94885
147217
351715
519341
286529
882008
390032
223577
851121
531179
530433
799828
584742
180863
196776
532114
559022
367260
316534
185362
827562
611711
712563
485957
283087
670403
335651
214603
142271
473136
607727
42168
545795
943439
651566
15846
991543
364175
534917
534261
714823
445556
367467
764389
326540
780483
759698
545714
725578
182961
732928
219237
387985
213258
505018
578068
597017
277001
368572
160049
938343
360445
699213
870151
506407
655300
61393
864776
354188
918119
449851
579815
967392
864214
709524
888604
115403
123192
677505
33623
554100
576451
147339
180583
300180
378463
234260
56406
943618
335866
948727
353704
864346
569613
310865
378842
424900
600418
136267
545379
884131
357138
961203
473487
272063
298461
189047
277133
23116
397198
371521
812372
366134
797718
839212
996182
634693
872666
135756
116554
955828
709955
12785
503896
475732
154058
132743
342300
626901
954815
46767
750909
337126
19329
362466
420104
830209
351257
471178
552630
380885
184701
46282
516378
514720
666734
896805
506069
520290
813266
54402
170003
728470
40748
721647
119951
600400
297906
68054
375392
491640
965248
882841
10618
694325
193983
864092
926873
325965
587893
92518
776382
183660
896345
336992
116951
714127
151246
98067
267006
21365
262664
947181
537470
501792
332543
20128
600110
840655
563199
394840
65105
337139
647861
498436
160576
349810
599477
952649
807150
202111
772294
878381
33509
50906
844659
957869
545140
311335
391195
491894
648508
863309
750030
780444
415241
152919
118924
332746
453125
92723
748414
132337
670704
447539
137747
559703
768869
304524
511649
314473
636025
353977
106458
96794
915851
427396
130038
284043
326428
803355
262767
12886
130799
619521
11495
692886
68763
286059
749035
988930
21396
457303
871958
799429
818087
598125
202525
600032
8928
282780
393417
786330
889140
663512
916875
544572
453644
258958
374250
550234
105715
222964
940051
479890
925588
620731
24060
576785
513395
254411
919814
872128
645127
388265
165980
71886
149884
645306
931675
163281
622843
635482
432386
274857
246430
652305
861950
83244
901739
610560
14929
949768
668273
735714
259881
370922
674992
134647
384825
690949
606386
174145
973761
432638
458170
395696
619109
13657
346223
123679
215089
978
112815
597010
910698
467896
214678
406020
239585
750565
37993
329197
524856
538692
332304
814162
332263
674437
599195
914005
216279
986273
291945
871966
249363
601143
852744
564856
925444
982764
120449
390389
168511
478199
830297
123743
725604
246725
18447
784984
952513
702324
18240
859225
435482
586310
221224
960896
302491
293598
310971
206628
536608
548776
927465
302532
998054
747168
53059
440037
378378
422996
99135
388237
324889
490774
655448
504396
47677
384124
802593
453617
151087
246643
69274
441413
370352
213693
567773
596385
123542
656489
670151
217973
437901
744940
25555
306527
512762
970198
528123
95051
41353
115319
95064
146802
263154
152138
466013
639772
760057
165474
310076
681149
382658
219732
211705
200511
382661
134805
606472
952444
451334
209715
651384
770709
123476
1853
738616
743009
269397
933836
572723
186720
788569
266967
99788
287169
708530
695390
5288
6347
404358
690353
921253
740691
823038
53082
398289
239823
592796
35152
781418
91601
589807
224615
766188
720987
465398
182925
282073
74334
241835
179121
192610
403848
203314
958457
710635
752183
303337
190378
894609
946562
162349
142449
526566
25741
98497
89501
26736
481231
356932
564333
124397
526332
888164
59287
422174
364305
92593
729437
925296
647075
13502
308106
479205
370961
409413
457504
390404
179099
277196
236803
802687
60189
10372
535153
442832
128341
48979
632833
539371
495597
16913
795978
927
35860
104551
466142
938427
719836
800353
305443
670972
896525
546819
714308
50103
867112
732022
487637
745727
299278
811402
219027
569749
597591
506174
714514
61083
206228
794911
905276
92890
599551
227515
897188
202650
276989
520294
324045
270969
594851
327466
717557
127885
825570
563169
106014
428764
358876
989328
121417
810066
925691
354433
462239
149215
544044
928577
711165
451922
209550
814516
97617
667611
99388
940981
1013
685128
258506
415841
857182
646009
173027
15317
222016
427331
169072
366074
53164
415872
484934
214827
876276
395620
476195
329922
807714
675925
823286
332832
231224
934318
769886
55355
467142
621734
785776
301448
408459
184318
37724
256571
924955
633198
76519
198649
251583
505797
609651
42226
619220
643302
223465
372321
167124
230600
704039
212388
132400
412873
46518
357115
563912
145909
636157
427127
463447
521120
960866
285304
180199
241118
738490
869845
47135
766461
240678
560523
902858
898607
529193
286041
657983
32370
977573
546347
198095
145630
563318
538662
744359
64098
572283
777085
956757
51830
593002
68526
774944
713648
511480
757341
749350
710359
658896
712325
621547
705479
791469
384698
176366
23323
690391
828871
848853
58114
669180
330486
144936
250704
337741
596731
370128
141621
207143
404247
169466
406969
61143
749912
743638
547722
598859
806476
519735
518489
979737
768151
700910
452366
737822
805546
452051
28255
938264
977062
799784
441923
334869
835321
357226
677172
417267
298106
342467
490596
524875
930962
869048
450581
37488
870023
448431
18606
718390
412725
39618
752492
226916
448016
306280
658975
573029
882999
228970
190946
761828
300042
932681
851210
633987
866050
379341
714944
402132
269669
155457
441260
81958
304291
589148
650156
291175
89274
664692
361133
423024
116314
521139
457766
378717
384653
364806
521211
702959
908477
513739
590463
439961
522725
714240
129465
147215
349649
142154
664001
710616
608108
646656
101423
626437
406223
846466
843331
169115
716889
765787
970609
626817
595012
132945
271962
459512
834617
739049
647141
829417
154535
739712
361170
197157
537648
467539
205098
772768
676845
716461
502073
482007
522380
800872
598121
968391
803640
694951
216917
907761
270199
799564
423880
253195
336284
62759
311971
33843
572314
34839
922553
329341
747356
722700
327686
783090
905982
238629
36588
700637
874641
153717
829488
59111
612070
818911
459826
828692
283096
694284
868983
572451
580480
15429
553601
966915
285764
161803
926560
874135
616132
630140
717098
215060
614887
23059
806560
915819
615598
489620
971426
885700
775015
697426
39246
761856
506509
156635
529431
882490
956181
939783
902859
53425
327142
483197
652586
919852
173937
304369
826103
279209
884839
93232
325183
787239
25334
480852
209782
467623
976398
507859
449171
864123
295980
478170
344232
925213
945002
650323
17165
906208
892178
792071
696135
26826
953654
599548
433263
574306
177541
216718
825295
759740
53867
272029
778191
745592
759223
857413
621041
739415
748936
940844
351845
379700
99282
352519
402788
218424
377290
463193
383859
236074
682480
431700
977933
836150
24346
393906
758384
992635
569373
906753
942829
557461
678284
968477
920172
587729
114399
587767
183377
44241
96696
808302
154481
306066
223753
433824
917995
285296
128035
787192
93962
941645
936520
743191
541222
556565
452549
615248
457923
236965
816040
103348
745142
912737
926028
217410
831057
169816
28209
592807
539802
533003
93821
682540
542072
567966
369966
702133
499156
637606
383965
380578
822633
300628
437997
439405
739385
603716
23006
922423
286952
236297
973792
472595
893243
543077
689919
812196
340832
624481
238844
207649
47933
713814
210223
770779
650162
68301
351758
719638
931180
631345
328237
161861
594997
272094
537068
514582
631960
439041
662071
21857
600916
977327
218228
145667
188249
262833
516110
828191
207939
145444
312402
712029
626577
925808
229600
896832
794240
546399
482733
580756
218486
697368
591098
390156
197051
591482
228037
150534
115
307204
161419
165071
190222
188217
965201
276685
36148
695761
409554
27879
47580
254428
86076
788980
597801
41336
5673
910097
790444
795705
376841
884428
726929
322740
632476
860655
919214
185164
867017
636282
226990
630980
954945
760676
741312
97338
217817
509882
313258
35088
797170
379207
289486
454569
940886
127925
199244
513154
797270
25028
689568
597487
819629
780961
771075
276590
368612
112025
120200
140222
176684
775143
774085
819325
452246
435631
683076
5124
322432
444339
313693
858949
731806
91792
423763
838628
885349
566362
913789
119649
59507
861846
558778
673553
741767
921360
791371
313754
278872
851063
983953
796276
649038
504871
378715
763023
760145
23009
256348
895161
168072
366180
769930
429520
651925
316990
343132
529905
121951
146550
650656
58757
878326
499448
517353
297308
790337
472496
607565
545205
748100
980615
213100
472359
410046
259373
617579
232558
200456
43737
593271
707655
619786
185284
175306
562518
921195
254574
161950
751604
495614
389921
427019
740238
302342
893103
330212
964678
596655
418314
347110
922768
278778
732911
103174
725112
230816
124124
85562
560520
134647
686571
816257
514839
175537
829169
288697
281312
769125
74739
928598
621594
939658
596529
804967
808474
396167
726099
743175
785626
730821
976807
42825
810140
699960
380426
704889
332501
132634
395492
691008
364617
604364
220802
194134
20613
484957
437013
122232
968173
119826
92388
605193
979413
788355
783521
851719
692266
229219
889208
349978
746253
702604
178477
193847
977886
492369
705645
368969
427472
586213
873718
218173
47552
177371
50236
638460
161728
814077
986123
172696
740867
844262
129942
818248
414577
287257
50598
68281
562561
336607
757862
837050
121783
83861
709407
187361
718725
937116
163501
303114
63142
752092
833667
248853
31092
950701
535843
109486
54526
949160
697706
401335
340195
293737
466587
614016
912669
884381
683940
13705
967006
432420
359052
207044
381141
782387
161834
609019
412681
813678
451407
395640
176145
317585
931838
811123
426583
438068
996935
232176
161173
168430
524231
548909
513785
117948
572765
775235
745323
303500
657516
153559
827140
574185
623107
722622
817225
544621
588946
815153
784538
352234
646421
222355
588078
393013
827458
95614
771195
256644
885521
603150
92687
880116
824839
656509
449764
300292
167376
687020
564805
49992
745270
474107
346237
569447
848407
193639
143447
852089
886460
419224
591955
984763
721412
873006
932886
367854
271210
415832
486976
275024
699364
343799
67865
688312
971421
789046
302089
557323
27946
384545
987348
49790
487826
945296
799688
157495
80519
885423
956349
572594
385021
526802
95832
871245
501556
749246
585664
756135
463629
46292
732660
514103
110513
395862
836235
964761
386333
269517
30231
86416
43771
444804
345818
164565
423098
676286
639746
175053
356284
94299
678395
121409
344820
100946
510666
128276
565525
279114
295301
483410
480
133627
527255
724243
52007
145965
407653
185412
605547
593731
273474
122793
746858
23556
365795
896486
40166
645894
356185
127553
896722
588235
351785
186115
995233
653527
606426
649331
241587
196352
382532
830018
576772
393571
678029
490955
63367
760478
537640
340468
621381
684223
753386
373158
164611
262171
789482
565111
25089
864754
381713
163914
39974
269917
308586
277042
166916
302933
13258
766838
331723
730896
680922
362987
863672
906871
718821
927002
94258
768625
804038
424987
393330
448857
967134
379464
92132
622795
687838
395963
290190
483037
711744
191691
94298
286271
549037
931885
829975
512514
302227
879090
578382
804847
986150
422216
417671
607229
714933
947936
311818
841295
984417
855825
912504
292337
167036
785161
599193
66107
617447
474397
826078
895237
831913
849543
424019
651261
673901
167456
757254
252688
901149
58959
860188
678338
926080
308170
330212
642442
357107
141918
449582
261461
271575
655839
576518
156360
936007
296426
261849
656913
659979
429479
570810
589765
162113
22660
768012
565477
335039
689473
611569
814486
386795
984765
592375
999956
440850
898789
358678
208559
938458
966528
113108
410447
418151
570857
961053
983048
271764
632383
315261
60691
479099
423455
421043
854765
700195
87068
749636
722688
35249
291332
159924
272949
312075
606809
934875
581916
32038
624858
556087
924039
950374
747112
685272
304126
916366
912235
206434
311377
326207
853160
483776
847668
33172
752777
460723
781347
799457
642744
749342
954639
545269
630366
271013
718423
823827
469101
448186
616767
328505
555471
447563
377456
374739
942492
784144
533499
669443
358632
195459
455879
988511
767709
943534
71779
749416
773930
960305
999450
246719
73833
497165
468681
532261
616330
138440
632804
97118
782058
940892
448930
697979
714592
540542
81492
24087
123577
727719
216422
597205
57051
353565
482739
148243
365625
892608
829957
521868
738502
36128
620227
436318
816365
93422
973065
386241
930864
989197
147329
921141
95697
221051
510747
942342
506377
164724
87958
170779
17949
116174
377256
782876
763268
101979
277148
957830
443485
678773
713413
162551
41202
606583
669095
18321
213007
190769
762544
773269
72219
844264
854361
705441
608424
934749
897030
892732
435055
866052
160754
882856
313329
492491
816809
120767
691588
356646
355731
287655
559581
423390
713696
689875
934491
377083
634789
436298
764498
442093
908245
600865
293683
489788
484409
441529
29556
635245
320632
702479
1013
87441
7841
96216
845427
808174
608912
790058
251198
58528
902831
12294
536669
729858
853275
462528
579281
822571
128519
898281
710806
208064
127875
681135
736631
737728
477261
428949
141333
28028
647058
283045
153118
455485
999213
328808
136526
31734
694568
187962
334465
876437
142195
231894
97447
252949
392022
233509
862775
774875
836890
229770
898985
757432
577844
427636
574241
922322
730191
728121
99759
190829
641162
609040
228603
457987
971779
578718
98794
332448
776912
158523
15358
373887
458449
116654
444926
10590
139013
203456
434096
611397
148763
884679
594712
500421
105321
779822
130658
475736
963545
715306
357552
126586
615967
363715
331910
97018
653992
328832
615230
658877
634906
871498
680243
76812
96065
320496
354325
14571
181946
524766
556840
248330
693247
467611
916636
599871
732941
900668
15412
215010
536843
29178
876162
710626
171580
794690
234423
714776
532211
986968
986977
497959
61642
273178
85493
153235
321101
976427
398791
804099
393145
948825
364540
130603
310832
758901
136378
296528
790723
174603
692539
97730
317427
41548
458950
240550
427448
602241
522429
84832
442103
339297
560603
370796
894441
512192
132645
179712
602849
220429
567345
275248
654640
650700
762661
767028
891065
598690
453185
58852
770105
455684
667045
662622
584370
379562
755902
716322
748482
871535
769304
704975
826046
869458
424334
598367
643389
441226
714741
706957
290893
615431
452605
527137
536045
267215
990706
542369
809616
244723
517816
294925
282984
761524
344807
645670
177726
29400
975774
674171
889078
978100
115022
154007
748506
247419
616117
816620
416313
193429
282493
956989
526813
367962
501858
422032
154559
207784
43482
695689
798143
516259
484977
347180
578110
163198
15095
677964
69525
495851
834087
26511
513046
123816
103271
131120
32855
373007
669074
652642
676113
26873
727935
71538
775648
321223
607912
947823
607422
688356
73777
446183
216253
920577
103487
164314
207937
893805
714639
792374
536076
453999
499658
825268
344565
235617
515003
180140
488175
294255
739402
985548
726004
107446
968411
977668
504768
523181
403089
865814
829314
539738
649443
261350
66614
587525
919173
638084
594992
778832
852940
347574
333898
629262
636978
190472
29362
793602
920905
263947
730234
807616
864513
883196
256215
253126
15463
711289
398907
567368
804320
153293
984771
701803
565163
161679
634558
598214
126261
553045
304599
893402
115191
307270
229531
772948
284373
314429
577607
183947
591032
486564
958118
967574
370774
102870
788338
526048
20656
409532
105206
990476
178111
551009
932499
772305
612378
874742
939477
131244
901326
847551
703823
988695
706154
840044
58348
68770
722338
249297
404063
784386
951736
355142
953473
356465
182314
145385
726250
215352
938790
799116
533443
508736
759260
247836
463412
545325
362325
469089
972963
724671
590199
793432
128391
513059
460027
837736
380638
175586
502056
489145
58886
528322
651400
226289
396039
32504
969149
478113
72307
257521
498450
748739
277816
259565
359241
400783
470356
159357
643415
971832
3659
290953
886278
724130
32272
776529
388384
951862
535735
566273
977891
61557
481204
771875
663042
426281
382502
613336
508850
224305
410145
672815
846509
220501
895847
126609
353079
795826
798376
384225
143696
250312
439237
223228
613460
80078
909186
233650
883592
843401
932497
360687
408113
443797
439553
345479
838311
837508
451056
441425
531575
264357
668079
774586
678271
948929
229038
412984
820737
743561
900577
880753
922122
429525
624949
217743
713049
148695
754806
142605
926694
16895
29113
563519
776152
573892
966375
54879
860637
257236
925136
980148
851605
647687
124649
974940
159659
477540
671638
831871
462374
451243
200578
427028
603508
190036
414092
842170
258876
938391
416638
308263
677580
251274
703395
809552
933970
486017
454543
119433
884098
188431
492519
500363
870416
520316
77407
167367
967647
29767
348838
669377
892328
158100
66103
333200
130193
958590
871403
409662
158313
224444
401238
845671
67839
285935
758360
539628
931265
972930
843576
57852
205661
795285
691536
723388
404665
847791
120610
643263
733228
41792
780426
285005
176331
492289
537743
442896
108328
872794
25622
253966
873676
509234
954117
275081
131158
172317
856697
322394
345250
32259
15607
664845
586848
889873
218345
950032
544931
86268
52276
71973
596184
57763
180545
65252
88285
590202
873395
145639
28303
428006
818125
332729
749446
666596
510066
679723
882891
388798
526541
242479
309946
327234
831247
750146
30317
501609
786307
878398
167398
364556
862670
876136
466046
843371
755346
834445
270037
167897
113215
606903
300585
901810
796388
475806
248934
877021
6067
363152
528378
706746
337497
673576
921549
62583
783031
945710
889798
176032
751634
548222
30941
861043
129724
626352
430483
89550
598220
533816
512735
605864
379355
514752
985048
984338
382276
507792
23548
646058
232737
59798
62389
286682
673855
436548
207536
119136
49493
978889
210535
163386
810932
879904
843274
23958
275329
575565
74508
805806
362914
820226
777693
573441
361519
261217
1361
262688
418279
607312
584226
775867
488417
511509
193365
438498
569138
235658
773234
373542
717621
583523
488024
729084
658456
815599
130437
923874
801998
934957
558601
434314
439029
386801
261368
621494
314262
454011
461295
290982
430301
580958
62461
24634
217322
702731
60377
900475
630465
364319
920966
880910
526452
861065
403544
355829
205164
540718
901175
331232
967637
546103
452945
496404
509565
509365
576412
484723
409201
328493
705130
957676
845850
699084
999372
636811
712342
133564
544576
570324
692611
883661
423911
588310
524877
326988
891656
413857
870682
175394
947166
356074
216737
425100
782673
751843
532741
31447
895719
309096
214014
712895
560868
44827
284733
998314
282327
664929
847737
847662
240917
631689
297191
197869
983692
196725
631977
588377
330574
962988
366619
302980
556340
741608
944168
548701
568599
504605
189519
634496
549373
25016
584415
514908
638989
703454
746807
59594
295235
774312
934145
928802
138419
509209
413523
441636
671685
504754
264348
242181
940872
99193
707710
828964
301909
814408
390412
551941
61745
433779
481572
575072
94034
233295
932519
20117
466239
262906
690450
725127
760595
65056
211739
921414
477532
303909
735327
198173
552127
827192
834993
340756
34559
606157
628711
493127
3687
502758
64739
79009
835898
663047
568586
959759
845249
651942
143796
37424
123086
351029
72226
956898
234829
903481
100023
852278
590246
827046
10214
990721
504381
946798
84262
175694
190885
430404
480055
135263
90271
861765
673496
682834
342928
828542
123454
197317
990368
560155
195784
37206
483894
884632
707375
203434
571503
476152
974951
23110
206719
650911
132012
635981
126736
769043
66404
978646
782298
881181
538987
652357
501187
729104
154194
132327
475215
475968
23531
324743
108649
907252
964320
114517
366247
941300
482618
402029
315396
681724
927194
117011
586079
775010
71589
173437
69989
806568
205013
684807
608029
942531
677038
892033
62325
945564
186297
52564
832138
873178
253491
545282
130884
592714
238131
443684
40939
856381
8944
745535
491317
515836
726274
821051
783457
745431
906234
862839
639354
740802
63365
996735
469561
911152
235246
27481
454362
628608
778095
542377
113182
615062
821232
847513
300597
421122
64194
496521
775033
720186
904446
932357
208282
254594
466137
475697
445168
69455
498805
443862
266661
431424
13450
315058
26613
282583
763177
31043
569155
228856
469906
885402
14959
391589
377168
203553
984895
729468
201
977211
321589
981711
684837
507535
770078
438872
267648
242409
778676
975710
671561
981076
18680
62573
482622
797489
316846
433301
840819
665544
35473
257551
935349
77382
25753
123697
266621
13235
497716
177588
577307
595073
437015
363677
605728
484228
584838
923579
567238
753015
330990
895279
966643
525164
818085
527669
861043
260247
452392
912680
247223
654323
306167
333963
294954
669211
635053
359856
411930
551523
132100
696129
700807
396876
945504
907928
405630
693640
437314
1739
879820
731873
91880
677163
443464
421800
406645
825169
666086
798309
15311
468611
175805
906848
166375
932957
733272
389082
448945
796836
359289
356173
631849
878418
604808
514333
376943
713532
2212
506736
290809
941246
417166
563477
325326
929959
128511
937976
401652
203461
697221
370576
324731
726525
391630
283469
698756
886906
138933
263298
457472
612545
484953
371650
828787
283249
930223
649547
661380
101337
254296
269798
143979
430620
435397
863059
34309
18377
427241
996041
706697
939008
961080
333959
457721
233043
624477
371255
350223
849790
174457
952843
236789
748483
639292
645713
599266
208718
68745
256243
822902
260348
168175
240202
360813
585118
910767
17483
528592
170700
768503
664356
598237
215763
545913
990448
140871
722544
154863
780261
671259
681406
821391
222450
622271
892990
489859
860778
761295
149397
94511
1099
587451
177067
95616
451588
651407
414980
423615
774329
917303
995364
601252
726656
305995
438316
452046
712971
43018
891798
729420
624020
701941
723963
349606
197921
651777
472483
93921
486630
232080
190026
679516
100307
145119
357920
456416
643735
985983
39033
802398
15091
24573
181369
916640
665369
898376
864072
899250
403196
841532
636279
496257
477033
201280
682225
901663
870721
450168
963521
475719
396083
300666
170141
880995
852557
21859
160639
407751
357849
654091
804679
844010
519537
629769
967368
764314
21750
35529
898631
314880
189839
669855
434573
397139
789175
165522
160532
277310
233603
328408
869443
584248
485947
601921
669137
101286
489395
349454
484977
653661
558636
647298
30461
852016
826215
259293
483063
163970
714266
460813
632787
685434
371661
241534
408101
676359
102991
132427
60013
376121
292293
396970
390888
90450
11074
221778
100594
125214
385859
452356
355584
799127
767227
663489
227131
669756
142860
586630
697798
542649
760882
215835
406898
121228
165251
557610
117210
434049
165706
691942
883461
190694
116271
809675
147149
404999
622164
928176
924604
909118
625956
258748
462748
384541
916578
426374
812443
806158
424182
355460
882161
915245
217073
172805
543425
520297
222008
797145
859959
187618
648796
665149
720723
774506
626933
771311
509965
248716
922799
735001
509223
119687
536653
149884
529673
8521
68587
867306
838951
582434
197614
576531
583338
637710
762386
515289
832689
506095
337625
190934
60600
937046
279534
553028
836220
328071
491021
536090
981861
163788
922172
699428
269896
374138
539967
953270
305651
156320
953300
201704
687152
837609
455465
559511
952452
491931
931052
819409
941438
150911
72615
691459
534248
901815
525953
446900
701965
407887
182813
861039
147930
311984
475223
492203
828988
848014
947868
518137
932633
760805
892002
586547
301471
671259
687198
987826
697967
552202
38285
629513
326391
854645
976537
800713
743198
626149
114162
7598
555655
668031
271565
449203
430929
618670
135029
458713
235027
343269
34870
547927
125347
196947
297506
970997
807980
810530
56866
465454
294202
175222
378969
681284
773953
755907
219594
273694
876108
793610
286690
525324
262848
867854
689195
787210
971348
756977
204253
965120
502036
404142
188164
973776
449138
849755
766321
650874
909095
433646
715416
249577
54937
28500
139693
394279
902043
455373
469049
623421
236276
383699
84677
667040
339022
610432
112013
707090
814272
985565
961490
957697
88062
264829
773330
657540
82056
658765
512615
899150
449095
859225
944595
932595
130905
657035
108047
638557
452666
326441
588689
205158
720745
147071
602132
134266
691542
187710
890325
947178
448522
882329
562597
919939
314174
455494
348414
654833
739409
375400
732812
417874
59999
561349
670587
579733
916197
254315
630074
123198
941847
449650
179515
699689
562361
691781
294030
477222
586131
167757
658692
857118
568496
945745
438097
614126
268486
969109
388640
761601
739543
514666
316974
58954
63562
764531
873796
267586
956905
802767
687557
456371
484345
788452
599846
236858
418637
716391
648663
728788
52092
598664
831649
893347
311684
602085
383318
756791
173553
838938
455359
100457
970508
951704
975736
751639
700554
534054
616940
532389
540845
600508
74116
958402
49898
69794
621063
144245
573609
196866
866919
908000
830114
703085
133781
579062
593975
209096
685546
796850
530187
224898
152663
853365
508922
216268
509338
866835
791961
991928
660616
463517
326665
495671
54188
349671
185408
461994
996371
522921
910788
594466
588727
484394
471603
763911
620573
125390
213443
381515
747867
654292
684865
589970
198493
265514
192620
977394
135459
281768
229853
896014
190353
914201
833845
151283
709750
795249
153760
384492
183704
897175
735196
71477
903974
922055
739320
695792
191036
477273
526582
337717
564429
536716
596337
470647
691304
664839
175896
840842
224814
362036
365022
318366
774767
988453
245659
931160
662921
34742
502115
480410
797906
876479
920184
585668
383154
719801
824265
316745
235973
657717
255988
271868
844481
668008
303766
792075
894572
216016
635047
405751
923415
976997
709554
125034
292174
415229
817401
298962
491785
48361
269745
800483
809988
21282
948079
885406
473990
38274
8267
998939
227789
968467
981943
213026
473334
796196
889652
533356
197360
21230
952918
386913
811099
19359
927355
139089
516830
989147
689490
865747
952796
689242
41102
843142
979351
233194
10509
633742
341941
870905
800990
411335
501374
643539
215253
449022
980459
476094
495873
792662
772122
836963
314853
813030
739370
361258
381288
45169
11001
469798
438165
888631
322482
75913
812568
965786
800646
962442
52099
215443
62279
986475
643800
273235
835773
281518
353347
808072
89014
615867
672791
976811
246172
482570
816644
619245
924504
113400
125614
530528
448611
14192
671667
910390
752961
936578
681452
540664
122631
82990
323515
57269
766138
983819
925611
982335
332701
771127
180563
32511
887070
361011
591911
566283
313541
90046
786978
897335
445177
752941
556471
434448
619645
612088
452623
449949
289528
109331
416126
702968
919277
875418
692398
297317
207152
493176
231546
777343
478217
555301
728530
828975
32394
712680
814220
915493
253959
178265
674512
712140
779683
143075
247491
88154
200483
237172
535256
719865
782622
809505
633638
931968
829020
479546
325811
831169
527082
98846
357407
871644
567392
963208
268297
407017
275631
573609
99539
540926
388785
76161
75275
960007
750724
747613
80088
389574
752244
824725
193539
354021
872013
598829
240983
86723
397541
242209
114372
253491
87061
358999
806711
111164
195511
732324
585533
438188
101108
865332
735842
820435
172573
121874
79913
153473
747671
110516
884865
1155
337412
807795
682107
797411
133966
450532
15350
66330
121806
95314
273862
999300
311147
902156
999389
749611
919691
383080
468193
524676
501941
677377
712381
894933
791767
273572
763480
235481
354484
207112
448686
314536
304765
717896
395759
789744
271850
843850
545146
267738
140367
688259
475855
935363
539443
733120
407558
768139
400226
112829
176497
892726
580470
663343
370746
611559
292931
359087
665745
361718
742851
99611
350159
833781
313235
807759
799152
21520
241068
219308
459888
247769
167879
179372
828852
714745
788176
501642
24331
563118
358863
990115
953155
555659
476448
145039
906247
847501
27608
936203
96134
656346
680460
377723
888681
245779
74007
990342
568995
232678
37885
299642
528943
384439
142452
18910
533525
790251
122549
558927
640904
366890
379421
451934
207453
761171
243145
559675
139986
810952
202710
899370
281338
736436
597511
135227
281023
899866
957214
532753
157138
85540
11803
614913
125240
812889
59227
596832
393489
592732
720933
788900
482791
771450
255878
513830
28573
512572
770991
460617
109057
970212
557915
897403
374989
452477
376982
293700
691445
359885
655987
775889
528184
436929
934310
514676
843428
699329
127605
376058
24674
920366
620682
631567
631640
343802
540997
990294
454361
601119
53588
242026
501234
261801
169656
111530
361113
331890
64899
853659
429766
883333
404907
235384
243053
549723
810946
162422
341558
193850
561745
854702
864279
740573
387052
664465
86394
808488
560915
326897
318209
404858
733517
65201
961484
137731
133853
484638
38869
156698
937785
429505
373902
529863
493141
377340
67607
390697
262669
107980
730232
72582
163411
714702
542511
878804
917650
214952
124020
513737
553117
877512
547780
222075
550708
732944
211071
974603
427174
627414
688472
357927
775023
150900
883490
984063
49204
270609
732443
757637
502517
109265
562193
271383
417010
499233
421339
383082
242071
72426
787135
485966
915629
171579
987466
121702
869099
505154
728176
460487
628844
133932
395159
608039
240920
519851
740800
308369
545308
208874
97241
531442
117164
486438
955374
408980
901882
546548
725459
367280
694871
493722
513157
542259
306091
497043
979206
82569
468724
999268
230257
92276
68999
612912
520345
956675
646245
171463
275429
649800
632379
903918
565860
387266
988257
453722
927426
386935
776492
906811
224300
411453
693888
11246
406949
947019
376271
875420
568968
803557
889903
889421
803705
544041
474314
836104
895882
139301
498981
552611
536487
243679
21163
621284
691226
282519
245671
38267
385015
802099
650515
478758
536203
281847
512859
908669
486996
172922
398097
319108
250840
254927
362193
816255
225685
617470
651992
769246
439774
158271
638276
845991
566957
729534
3711
456935
461495
348125
994943
37008
871355
445991
140490
539896
967391
466267
836697
37193
715452
679463
885502
285720
640090
33148
567907
409254
981246
123086
409033
999597
450657
912192
625000
137466
535414
319066
558865
830923
824850
125539
4882
455813
139739
137627
538359
692510
679356
52200
854545
211355
149569
762863
619075
545296
457742
698896
434402
744576
612290
272747
13428
788120
500539
442967
1929
795425
630913
245082
54552
755951
344095
380413
69637
965766
90390
716320
301032
176439
673459
734507
406544
375431
870291
822592
860463
792369
825782
508078
965325
490580
139486
609966
441557
541026
863875
645551
547876
128411
191142
432092
147026
27895
140778
102674
739439
478631
342617
162870
214376
119456
598683
609473
659131
246463
891607
188958
702360
306205
388238
16088
127981
280985
871442
236604
464979
569932
742328
672806
380903
335743
186765
819933
283752
401503
727979
745050
279706
598078
974243
968847
880300
476885
742935
847237
845745
24347
802648
210566
703553
777056
399435
53589
629736
911434
426864
984303
609558
418700
552593
599108
107790
843250
425667
559188
657976
671590
327835
182124
601831
972953
530218
56851
223954
165154
540085
687820
204046
410781
794295
562624
796734
458260
168320
88873
420577
701207
983027
573358
946674
310642
343246
952498
676037
267753
989302
613275
983889
298387
201305
565838
695619
965082
947441
379401
600566
3475
927896
515526
535013
449557
718833
471907
101187
127974
150366
970365
639664
252845
468914
443775
811491
730012
124162
210693
33132
68683
48322
649766
217215
214073
668265
618312
84368
865791
853942
643718
629967
827633
110203
489549
483354
632296
917878
263149
558552
85592
941867
869813
51456
974420
365218
677642
760683
813827
148776
743083
774724
70264
393357
117066
121392
377765
114707
737358
828965
545817
13259
719180
465716
814923
699420
241900
442741
939866
459316
197102
384431
216853
14333
92368
522892
886703
697218
649475
930334
111503
964856
628363
705908
272086
978488
727803
116159
349729
943858
33479
637084
597480
365571
146426
453938
453559
51717
51720
487831
761648
323875
802945
724287
450538
210564
490205
73378
566284
140407
930794
278856
267635
348161
668294
857349
127116
872172
983414
243340
178397
184879
638090
657132
732902
238311
904855
169764
222524
227820
692786
559618
206402
293613
144321
481147
396588
89651
115464
910357
687534
832878
540082
274523
619578
216314
628331
948120
864023
237948
887664
667504
680048
92782
970667
920045
155315
22848
6655
143592
611786
837373
323076
259749
894867
703938
942940
146216
189068
337765
733720
31455
671044
195387
998518
59364
973089
31320
579723
490809
259947
669582
948750
147458
962755
964883
971377
639840
614197
755033
612056
642783
791416
548508
616435
803630
309610
85217
996139
575652
875618
573459
537199
241249
391830
416519
970476
636635
903895
538893
288173
196457
783190
72045
591345
854802
442810
164203
954900
465211
281128
462175
695504
882912
76096
873018
414341
830013
925447
360134
837526
952903
782686
8728
598453
937174
87806
854527
221222
504262
801874
649265
522376
891744
182026
545068
369804
360300
509069
963388
846239
557673
590824
315719
405375
953663
988942
434736
74600
438929
649974
770494
493025
34981
283442
697488
205992
678895
911141
715354
725474
525184
995332
220322
195321
622310
692891
514719
774835
226204
702810
866779
324742
317438
813670
999969
766305
85458
350279
407343
321771
896484
728141
812957
39468
844274
252746
425330
986484
535963
227967
116086
386276
657026
493433
700133
49085
863438
86541
402320
171658
443115
37955
913270
175940
96507
209968
701457
597976
33765
615139
407496
817546
541049
106035
616832
665052
597155
622628
405335
218004
937596
923467
40625
329466
326226
391599
451256
595858
5218
892577
327902
4649
28380
923634
997631
705359
750039
837753
149019
720714
556797
51647
319036
543711
474680
835459
848602
120700
42513
293368
680908
649433
182603
232807
676506
294131
779746
451490
771538
475536
520745
585708
313687
596164
22958
125927
906240
536523
196747
69245
757510
673063
251616
423337
189384
939276
794568
611525
498807
42454
989219
971751
611835
453003
944321
740328
269076
49229
226115
149519
598606
510962
798908
568309
777376
604964
705369
326406
585847
943725
981553
754558
685945
537049
859752
487708
311008
731003
637585
459262
24600
199365
834698
977795
732268
468905
456788
501575
459689
984691
216069
953427
703861
326175
196125
22526
534954
808619
59379
359248
472883
589206
182930
586764
842806
726854
588739
316145
272954
779337
381862
351534
140498
543463
804920
125818
812899
484594
131788
801791
361125
848131
855186
170574
652734
814622
827953
521910
459173
154606
759483
703209
415735
72760
748803
139232
970188
851865
396346
165230
442214
100955
685556
63128
307481
58950
882044
842312
649509
89078
502772
70735
735392
952133
992523
34785
948251
525160
769571
338150
217155
922710
337529
626092
988089
484132
821556
360521
739897
389655
281288
994808
568269
562308
299830
142698
735422
12756
257903
623430
497656
314662
218234
679022
363254
11717
979841
747947
93623
958389
203913
798880
919082
546666
585182
855087
363145
137053
753583
444119
177472
367847
108875
141171
864160
587872
569939
73370
198261
259040
693671
172958
824384
493842
967713
458726
389889
481230
751222
701993
8464
619164
784158
867142
139118
711745
148428
400893
890766
28961
219238
435187
375559
350994
984908
819374
94400
826115
306131
339080
694971
377024
872149
50320
306954
246753
398797
623157
532487
895688
310917
484193
307818
352381
22068
824378
668026
910656
103247
957854
656200
264947
64877
367595
115470
136036
476785
822975
718706
241759
456500
90378
469544
279743
39735
566431
170367
292463
529864
335149
421460
169803
64043
493861
45780
95093
503378
142033
593714
826773
351404
426933
248277
800129
267681
257538
245639
812967
14935
565685
189753
278364
280349
253437
42881
239765
964830
165309
760774
38478
988094
135384
796372
297250
264652
924707
182559
784046
721281
98390
101314
675662
282275
673893
518889
177272
841572
693938
347832
83496
605982
694941
705662
429012
570261
593431
613341
846470
854144
596608
983795
205685
19934
993698
416173
348760
751227
126829
35094
295559
578844
497950
692341
131135
973236
365725
703749
790206
943222
499933
901026
523999
318294
402826
303761
859669
871687
35518
767258
495107
540243
356059
526649
11986
334565
692265
281690
17363
139084
409637
394073
870029
46648
171566
75288
883741
629115
24654
931597
59752
855861
925280
475486
657811
587078
197716
967936
600243
693375
987979
157335
131326
298140
952068
22031
508494
998237
735926
200891
791259
996671
535422
825016
268436
80433
649666
757110
23991
904543
344590
740643
31439
976679
928932
720101
329746
737146
476812
955449
172477
341467
426833
921628
671578
464761
424990
291559
143932
91844
978999
282391
418726
868875
239985
159152
285007
4772
518276
637932
651769
284821
829726
109292
214921
643124
773832
194809
240122
108783
849645
704247
728408
726870
431557
724253
771422
12550
347571
206986
474924
397453
474118
515589
855164
863042
322887
914495
434680
477881
706167
578443
842245
637075
124183
634249
443799
115659
840044
16285
282396
411623
21293
304710
220037
656940
936928
298475
248638
39316
253723
7887
376750
328354
407497
657290
682773
583689
172359
574617
203240
750789
254616
774977
291103
760133
916080
332556
977881
34482
434201
685668
15695
8453
285967
540180
398761
193721
580954
676428
845820
764942
62217
460823
53759
427005
357232
87780
777361
519164
413593
420939
353332
172443
329397
674069
606027
196387
120894
539089
231114
952353
163087
772341
124157
993919
329128
120378
785214
557654
65707
122553
130880
682798
215385
713389
77332
5214
810897
922982
234060
970380
368613
326819
889904
91015
635366
203026
717472
901695
585195
664450
65573
7667
331310
757542
674398
148691
249474
858276
148641
12581
930268
298563
605366
373571
183239
202633
23451
470605
707529
770904
88083
527380
202858
116354
217779
78037
455243
48036
426080
17656
970482
829344
839152
777124
376152
100991
870969
746349
888366
348109
842269
326689
345668
658980
584275
721033
325383
392442
945509
837660
722755
493303
813509
832699
797341
393540
256990
240103
379457
808532
746791
308479
210923
114505
197988
627759
223726
84678
342804
657465
553227
176867
964510
236261
738039
583545
311877
665141
874563
209756
510698
124291
495544
827769
577051
18001
591221
6132
233703
757986
104382
706612
585172
667959
328860
605628
693862
268331
664083
44731
255605
995717
417008
678420
828138
333310
22417
91839
71486
923485
426040
292249
771503
247061
685438
481081
700729
699828
695342
708077
270428
339050
495809
81124
325807
27545
640119
916569
543326
953329
881143
37872
656894
917517
883015
622817
948166
273258
502202
611997
486585
162820
451825
31855
347880
371588
304868
407003
890652
401369
907079
709110
580092
211429
614927
537286
951601
325470
810321
473048
936986
103292
808159
475232
110749
680438
953528
376078
502872
716097
889661
759884
866019
177362
869708
857449
655637
543804
997199
650413
945584
230395
945958
29895
228608
830512
577353
271408
751523
532902
451734
557579
709316
672555
75697
895405
849685
610776
608367
71517
954484
393947
648224
333165
734191
163305
701586
80574
788290
778576
233420
699824
397330
425712
837882
493463
488016
299157
194713
700735
921187
314419
61702
995249
623595
70830
371785
244025
415220
841656
996038
783089
138234
500700
540800
464388
665827
346231
690107
820237
183292
908089
128624
184771
273730
410678
409486
948243
344075
640729
440734
214660
598688
611697
508694
575229
138483
813180
901076
473869
856668
813073
874521
199269
664246
821428
596481
511188
159609
604264
210704
63613
663101
387444
294072
725792
726069
767815
184678
403976
117838
671678
914488
348433
415926
46314
583280
563966
939464
349403
883614
515207
744943
962221
587645
925111
272847
462613
969224
395080
743223
457575
80401
790056
365773
776188
75681
919272
301223
162301
644284
452697
20648
105378
633239
400279
222362
178505
219095
776654
52500
755570
615675
663061
610651
279658
231227
941969
233703
145465
289070
487716
250242
958512
722570
409269
62295
748129
344290
690954
271611
464598
413076
975760
907386
312606
321171
766858
885769
274075
309589
72985
581893
123596
789929
808735
130129
470400
665396
11519
662996
46255
888633
285885
320044
682112
902334
614918
241905
608354
813666
618128
420712
710950
442809
575112
231935
677740
69646
107233
479159
592370
384973
1783
450288
788003
797023
327001
928854
327378
468595
447493
687828
677744
857874
106336
260493
826249
818340
104850
585538
432516
657390
802037
230480
274214
706875
228040
124364
486335
535262
635354
182094
59420
244872
427153
850496
408139
103196
778473
973772
700637
475476
570676
90896
963475
364658
633331
884102
429288
911424
537964
108380
690721
514070
346368
305871
542603
654784
402860
707412
343654
411043
979000
902501
314614
442883
128868
509414
265012
40518
341435
303823
25933
125426
603077
681356
295727
388211
907980
607169
421094
319556
40396
665716
189903
671279
974417
466214
637982
363572
958995
438953
401058
781106
912571
129888
39693
996458
182396
401141
500984
607245
696137
727805
249572
577902
70245
206053
325648
863205
324952
867424
832845
217165
430274
297223
483722
328934
209891
999860
46628
638890
168280
542942
202313
929675
304097
525845
371194
630604
210351
635847
654941
618744
634514
850559
127269
719651
452228
396537
949615
482245
186527
755141
467669
933001
83311
250191
799667
224026
625570
646353
347349
693744
224160
782133
562213
361304
53540
712988
879190
919928
196006
799350
625999
691821
169337
428301
59287
312040
197460
380773
607932
224887
970714
971319
560350
338519
707980
695996
233544
53993
834896
459609
212801
751316
543736
300936
786290
310220
388003
386587
503356
22647
31583
352928
44136
692728
20650
184053
100205
25158
147723
861511
709596
182444
185586
732661
863294
786588
791973
242044
487062
950643
381906
252789
461960
674737
94039
227369
765487
400510
233037
315820
580333
804059
316043
275344
21424
150054
704137
169069
584493
213214
554772
638323
964097
217638
233379
907371
631648
498542
29602
184504
953981
709819
959086
550576
611054
206691
349559
574766
599401
159300
416605
581035
539319
872142
201631
850932
132751
673454
48981
629749
783141
867649
478133
94093
304030
473245
997588
986049
481044
981720
492854
142033
392223
571889
996988
336801
616991
51039
461953
21781
481588
180992
33384
843854
80371
543783
671163
345202
763567
852353
89403
228622
912646
700636
429434
869814
451960
909829
12538
737164
773132
387732
407732
363055
897254
856995
24473
605645
264695
998214
266485
399834
961136
521435
746396
74060
784692
842052
655151
796775
560189
667270
727546
654369
122015
260036
767514
674061
295775
207213
20001
93381
695639
692779
520870
465753
272538
470482
168194
157451
660295
157699
487460
869733
696581
198628
177824
151736
956503
342725
684859
987846
5162
330487
801839
466515
957601
889271
744388
461920
748897
237096
658398
51506
801932
546742
620736
61836
638298
642959
471869
568667
725191
581186
618962
985300
417581
40597
755747
36437
569969
791146
903107
587122
906703
540843
725701
483356
880906
247309
550160
711146
988171
557186
595526
691915
493170
99645
102706
687627
893332
579839
211387
661947
430378
646488
90659
856667
326454
648780
398822
578845
104955
599142
462977
446238
732415
468436
464381
135928
320189
998967
349908
540434
329500
581810
461558
651504
15623
799367
362678
548574
823600
149755
316865
554812
399694
115737
572447
508249
855552
412272
308219
758785
295739
925718
983176
624929
986558
926581
399188
121475
997492
378296
230507
909477
508114
675305
272990
713250
496408
155340
94656
932660
167088
189067
98439
45596
743692
671050
953672
918525
748526
637683
482193
986277
544180
761056
341101
160192
742845
969979
205447
639492
562528
248914
112292
998895
873633
1704
792472
644871
267805
874532
970547
844888
749082
444207
393178
792579
507982
984372
155277
919567
310093
400107
200375
472652
481849
672254
270545
294725
776434
676799
22099
886632
251803
123885
780474
705790
121707
340751
291019
672580
30997
829162
409051
174614
803014
517442
727934
134304
446831
780351
826522
423892
487776
569637
531317
111599
926666
552816
599569
544595
353001
897964
228527
300202
888950
683508
327489
943600
625198
62592
391738
235806
743079
8262
352448
935871
571056
876126
451895
400059
185721
187127
596371
415583
704908
887
879333
610953
416234
365594
602836
946210
782304
74342
53203
854089
151107
349568
519049
481219
167671
974630
794489
558404
954084
519722
228064
476528
292524
960027
440667
60521
776696
618589
541723
913423
220331
952179
691477
145977
378506
792785
312340
806820
921739
116362
34864
468547
237215
38862
14329
712316
895762
215727
543544
549803
691857
155849
623600
128409
976515
403957
189013
196581
830120
957549
448075
906409
861266
176180
298034
792595
114831
78528
395780
471314
327098
536895
121913
505043
466384
737187
934387
153246
224134
432549
868995
767633
940505
218494
635265
759952
447168
942382
907445
525806
986326
66106
595021
796485
859501
845913
915403
936185
458751
14381
31166
202320
82115
211546
742947
855370
724190
261958
39235
836920
315813
231327
154695
814489
386405
214445
482754
141858
834739
903204
972068
46644
380551
482164
773534
470064
316223
266173
274953
545305
799171
754654
982030
919861
730489
335841
143575
44622
6065
795291
210464
103111
602899
38346
857311
339150
688984
194548
508393
836684
303542
733916
543849
808458
576197
369752
851399
310060
352708
422809
854756
216544
905891
80688
850283
950288
830384
78422
535761
830391
712654
400297
797421
887043
606077
42917
677783
707276
722904
239794
887043
666450
122328
273164
178128
839463
422534
670293
94105
398553
440650
38916
579062
726407
536629
405955
483550
777841
579803
511337
825502
510389
272510
927896
629864
610174
611627
767084
873946
260821
76086
556971
444323
51268
668311
462308
768536
837342
35295
917544
860907
627760
602263
714874
352756
982498
97846
918274
619456
594388
197157
552028
173009
635711
231158
972774
888061
883227
940227
435737
852511
543117
497378
269104
922329
799904
33234
989634
803699
383062
357487
648249
808600
733518
63689
793773
8421
792048
918329
261763
859675
601070
470890
700269
15240
280292
412433
749094
895465
204904
137847
481970
39418
839659
390481
346326
632348
775318
768782
93436
64708
812940
511358
697694
122904
927216
936545
866822
357043
130063
426881
307495
596727
247516
386352
828390
305307
528400
217871
133040
77058
315188
960035
962091
492140
660196
208306
623702
239480
898143
514276
93735
498514
902283
135618
813587
561866
385469
578099
67724
177491
312628
931362
103240
172482
769056
997525
321680
941741
783042
558771
344334
672760
38171
928537
959284
406499
110452
231417
668598
503612
101043
620467
319387
427922
395860
798603
707257
86541
985931
659219
637950
211281
383640
895178
981349
522988
170620
216084
227523
432786
998194
628010
771207
406238
273879
529961
516641
475314
142460
153796
608056
507756
174731
750980
214050
132714
241400
440851
587185
525736
624307
349497
40594
104381
899739
302340
288715
350911
236139
381280
424291
407363
220125
341360
498318
899947
2353
915158
732199
994670
1457
743925
16974
890644
413760
692639
694995
264950
902830
150776
10592
375440
149150
820636
231828
288673
831256
810845
315898
85904
464328
882005
962026
493636
80986
741600
588344
127177
963563
918797
597075
856795
112493
318940
241575
637395
822870
295467
901854
987176
108483
354314
623121
698255
412216
262534
841555
315800
391509
633694
609945
466477
617972
700808
626833
558720
912211
55484
140097
671186
944840
593453
215877
648399
331016
525005
938153
7443
26006
706895
220820
931445
209621
84867
918826
601681
311186
685644
682087
643292
500516
722841
617397
982179
473964
217559
56784
544220
526637
737654
259770
635026
981220
166518
271119
573591
31407
179158
515492
618192
810144
307841
604391
245230
181602
854524
103743
146484
323057
938587
130030
295223
178550
728915
245105
598376
971600
812352
908067
564473
574806
136541
350818
723759
155593
285814
852507
377023
685493
269336
15577
837734
705406
33818
387509
848898
960240
111011
637338
71633
378331
663153
928463
788614
184991
45723
189641
170749
158733
248307
585212
761219
950370
363253
16107
758644
587622
932277
644948
624100
517604
15044
655240
376302
303613
549845
239616
112670
7482
119686
920413
20564
673122
765667
761662
263303
787481
375768
733004
941867
168938
769828
638601
355235
247060
288549
36961
505069
760478
133541
244003
341203
30933
699726
516613
680617
747807
294332
365881
653922
817677
11888
601024
160571
641407
538639
355123
192640
619024
644410
871478
681054
668364
893906
849467
701465
827080
727418
450967
845375
636735
240325
74372
316910
160059
833749
257950
472610
425926
896718
305036
699491
952663
309158
35531
575257
642547
940892
977638
870191
917568
132312
544827
689601
139208
616073
778625
5599
560627
535904
950050
840343
97085
162113
297273
834321
67377
123829
340629
808920
64847
911777
315215
360446
956514
378665
613398
243563
567628
679889
360817
498301
454872
329251
237221
503925
338881
110283
578450
493850
529017
563244
65148
319947
650878
560048
300943
299020
555053
633931
774725
138236
343678
11259
786768
478494
308308
902208
217937
920240
872691
450225
594158
426741
805380
379798
652668
847301
672157
17905
728723
153252
859619
323238
675125
758402
158559
106660
958441
550123
534237
277492
703472
196229
816756
771802
420976
454320
270044
754223
774248
605407
749350
104553
181674
742251
6206
380064
472387
791540
410077
265579
224598
925495
585727
746495
781436
913495
220451
809718
552767
507505
963155
92008
98515
200202
595802
985799
627374
35
802888
549765
230638
728927
407009
503325
210860
216380
467175
10742
989386
657571
724841
300740
96922
165208
671271
755010
165430
574750
332884
877183
667025
133419
978131
156719
658534
302109
564254
309248
332332
40213
91642
80349
545737
447045
857421
541303
238245
881496
446235
327861
220125
163479
809823
63272
532790
333215
400951
327180
502989
396547
527571
498994
918693
46197
610651
568320
966618
444278
598779
199251
76470
4900
900417
696723
343052
610250
901766
611140
461970
455435
875775
954351
36620
519747
1723
958595
280978
825801
72605
220649
794920
336054
167267
884293
548814
221429
653005
118572
140676
542214
979831
903673
575804
981034
294255
142805
116315
310826
894678
424659
527694
327441
524520
327804
412378
251782
393627
18499
840660
83745
758524
42669
601681
681108
683483
635476
744928
684664
761615
670367
727477
417481
309377
694165
434893
736358
802740
105498
405505
243274
297288
570481
73155
105646
142645
538784
534861
420264
266832
970169
381336
167147
311423
132617
444910
242115
220209
239792
714502
962677
928611
3546
935132
203211
992865
263149
950445
673567
126787
659331
304850
673529
308117
360120
868976
594391
116640
183690
331094
746373
747032
342815
301310
35622
520066
656769
974152
850441
421361
12099
836000
995714
769471
843552
337691
297749
603585
737731
965931
986181
877978
117637
752303
632974
27935
556173
659149
508175
533144
324523
689319
699104
493873
685394
698475
614527
311594
932097
66553
14768
841665
156653
239939
105498
819382
229921
949158
942073
283804
552094
749833
433446
117527
329392
609902
217805
683249
623756
950785
529247
815306
128784
974658
954196
385759
180946
32482
12818
581484
954185
957115
623613
732505
979718
853582
821953
488985
693942
237626
864462
775281
97017
748674
426052
923110
552751
65032
300180
444019
978658
404915
860930
868111
46496
33170
129597
982281
931591
573803
929252
894553
900423
746749
369370
964468
872607
82465
793928
364818
86532
743224
589314
972802
743949
711456
431585
561721
238894
831390
153919
615625
806482
325562
302689
912788
693189
696620
417947
72345
66395
658252
52418
408520
869727
231844
523305
828759
590661
878891
978227
565080
451206
125429
500831
450329
269222
740246
258629
119069
802857
78694
465411
246392
374947
118418
495182
305409
508341
412385
88831
300161
554122
485782
882986
605755
912643
7803
224549
241158
401110
834721
213943
250420
782879
821167
602765
147132
329166
274350
190496
331762
615563
411229
161193
897455
418501
694174
486994
202765
336547
149269
548532
366765
922473
851153
242038
871173
140722
23027
789244
272800
993261
367232
75289
69673
530244
26269
767580
859721
729570
59955
743090
719433
35838
542012
392457
238337
922611
706853
769610
427608
612177
501429
675820
177273
5752
609873
213112
1190
255791
929937
592643
569167
432482
439819
66868
38971
184639
610002
123009
670795
790325
839458
357636
646263
891510
596531
491955
295558
21820
873810
476680
618137
299742
224950
270535
726078
106631
518085
975461
373677
274955
85313
757077
233327
28064
316
146895
193412
910675
258244
361339
955830
68439
895338
284450
702384
475088
966199
859952
149040
44300
579828
636848
563973
780788
658212
767784
539803
538343
43646
263710
804623
581165
332157
937554
644365
384659
365917
80652
996325
13695
592345
248308
988168
521012
865707
373953
310751
38494
984189
658711
921529
738736
866533
556807
155720
334004
918873
338679
737729
939169
247426
489793
752038
197456
632320
708041
849147
22920
963872
154613
38946
21971
978505
508417
86006
154314
234751
306187
310909
494438
118148
34895
735234
32241
120098
166972
146468
861055
165612
399784
532621
29233
908539
392747
685515
371793
6302
117796
82780
160956
615960
919682
958096
386833
625472
961443
711081
911348
792946
165101
706974
979730
500375
824380
282920
297070
344823
681026
905975
367097
669256
2671
314207
347485
506140
549417
346
900165
121433
879034
234116
774060
201377
195218
360891
239656
671721
221201
271782
209716
155934
458488
510688
701835
628841
24927
277770
669566
109429
90842
303656
601432
207940
689424
477565
247769
741430
922716
406035
25641
251784
84130
939994
787940
13269
916170
734824
818361
587870
739958
21756
15437
414779
418313
166962
127381
879969
183220
495697
796176
703840
533981
297812
6084
475111
624692
545737
314657
967806
411937
529196
658202
54922
737490
448371
978127
72997
175770
897808
705627
780665
592908
905842
890435
115607
98458
992744
406574
419056
52608
178872
964091
476079
501332
80739
111934
38709
517790
660180
908182
371900
550161
822778
367239
994257
455443
48038
228689
399737
111252
164449
202015
154782
435773
137748
892825
280709
423276
762563
373348
139896
793839
894950
641133
180946
684466
746647
197703
706814
423699
213335
723687
155277
672655
656021
553296
804578
276291
514899
340754
529559
487394
361599
467009
22187
630419
491855
431466
135145
753426
737576
405747
966699
271291
926547
630495
5310
584967
500242
288057
579295
865973
341771
842634
391561
899833
8903
194245
606882
586278
423117
486119
772148
624843
592341
190940
896052
942269
626465
832779
273824
96374
406662
848886
394052
723528
607883
456511
846941
865710
564164
858758
696507
577137
907843
371734
803015
997604
294740
702308
875836
918511
342999
762136
58262
714867
374752
31395
242771
578007
839358
557259
575105
23433
684908
363841
165091
783919
47707
336346
82986
892963
51821
151229
180510
835871
122155
830653
396384
470768
159803
43982
448057
40753
329084
732888
734277
828670
364271
173734
839775
66614
747413
755796
153939
520693
829994
91634
26285
759000
713489
478447
36144
464493
901774
923048
7454
679544
162661
124058
488868
990249
993390
10947
941097
748215
95700
239909
753563
439885
360526
654643
217941
747408
673789
167477
846943
191572
394829
375736
779052
173242
144614
643258
120678
48673
818768
245802
723201
613195
262766
811874
551880
533912
134285
980137
522786
454664
344611
110065
963469
166211
525090
514532
209314
637733
931801
88374
375149
780036
902643
934048
113499
264029
279156
823591
367246
463470
165482
814811
3787
485623
927621
748994
870147
342193
993698
816094
427024
482452
159018
811165
390827
610740
570293
130885
554914
978526
410951
482235
392598
156269
147428
979504
109977
426096
47650
611383
233593
108157
889839
978111
368000
831672
623990
244703
523120
828348
730777
201493
740176
28374
102611
978264
827131
986504
294003
269845
311653
820375
405721
19864
355888
552463
907995
290856
8557
485551
715324
907666
696945
670940
580277
432724
340979
254621
134219
272487
892184
984016
57823
934974
758934
431794
439896
109456
606248
607100
921754
597644
575413
764288
320639
494484
260103
469698
302377
850746
560831
536628
664996
700711
697135
608030
996743
458524
965005
608057
971988
159211
409694
392841
30815
191457
43899
29030
28492
980556
400610
708890
128149
339626
894638
343966
255133
790963
33576
336039
925729
209346
466221
444653
111648
608765
244666
877562
699241
920918
487155
996064
473467
607707
511826
965551
138149
333614
597978
766137
213094
178055
759274
382292
316694
593030
564868
829397
398814
37328
885249
215531
482741
244375
792632
881734
341844
786394
805921
29280
416534
432971
557546
566459
157985
351965
683074
428658
926238
131879
81937
320769
100193
909862
805467
842425
669776
49444
451202
288781
103454
366577
424262
577627
433396
582096
188024
478628
860607
775022
148503
297841
833483
304240
973438
968215
627666
564448
464038
916637
864575
503928
139675
450545
249254
265098
285352
301515
182780
448927
718551
839353
591700
559146
983472
529017
859614
639226
623332
926605
113210
1563
516331
878206
222209
963291
854498
907405
446064
936722
421123
969396
79065
456456
240602
404408
91584
783850
388512
143508
758307
362079
18336
361019
915122
254527
32925
290278
522877
376623
239951
969266
401310
354223
789632
967977
695771
156444
641541
98680
469428
587894
46254
36598
398346
254666
214605
566972
414127
17267
324879
568556
574540
996005
99774
65000
980212
335366
56509
851224
220995
834997
755367
203268
315005
45761
380565
269086
148996
321879
659565
699695
342456
56196
272818
989284
332498
177358
303060
479539
560732
590118
496986
127837
532848
887367
783766
607250
46130
458169
843551
141936
377412
303837
419703
957507
783236
330330
168763
929300
628011
224848
215805
878988
550087
97088
182136
585585
513328
312405
19661
608970
408809
638435
906192
201459
864819
749357
119034
277662
247618
373028
198035
191519
641753
732710
528875
193836
899493
34875
208335
410690
929998
802166
259835
252408
208334
319189
715979
484003
212977
62430
180160
743820
863601
289955
690712
252230
158910
541759
986893
560119
618340
955167
464749
679857
958879
368793
873777
522889
270316
394541
79497
869827
210399
935506
289381
612384
564349
165062
326784
122622
966631
684101
165354
466083
596421
179867
873761
966250
45988
548610
425925
947178
465175
454327
976037
494131
297101
30871
893350
891793
293787
985171
308758
370916
976492
297481
285227
286785
668694
944698
746245
516472
409535
157035
321908
323972
398174
712318
57130
144786
494012
713312
771598
183181
366615
331050
37265
983791
71246
308362
269023
148609
539128
874370
755470
417548
510175
26303
83706
228243
780503
356204
548533
324613
150239
333435
811554
987164
444558
188038
378116
167741
233317
229987
668073
91177
682991
677031
298437
984704
535129
728198
967720
415887
147133
766339
231986
799752
533580
828585
928222
964559
643466
686159
870383
720216
992449
127488
467128
188351
455216
797909
581252
728949
936905
463420
663167
940072
178585
867500
637288
844179
96207
385219
46730
211101
992519
505413
495783
36359
83359
513390
972735
706926
932611
567772
200635
123038
133689
768129
723961
391436
654597
478015
67685
971612
998304
203652
758241
154231
139041
766322
158434
768360
232835
994304
489998
241662
441712
738330
192822
221045
368118
397264
816426
981294
547273
739342
880134
187277
807653
449897
23015
148652
911447
39328
131840
231286
30247
415231
599709
387051
493786
872664
12819
983781
553481
555355
512781
338241
547866
139892
471302
373447
20240
298818
921155
868467
515708
129868
996384
326676
736034
667288
406847
403639
989666
76904
783292
526633
876213
455489
446271
409289
555642
418276
839558
727619
852997
815571
843549
970405
852540
709657
264830
244919
96110
48341
712976
846961
1200
528616
409998
623186
526312
779111
580978
476845
725015
458238
533037
587163
206631
167051
653228
839014
410262
770957
998733
573722
936168
940792
140047
830705
499567
75187
528017
643010
444697
122069
497519
494362
533056
231022
125684
672496
755557
167530
514195
431793
574490
496792
615829
654240
62537
495808
519742
104435
907364
874986
263350
779124
359737
999445
90722
70143
2515
725963
424908
292281
817703
435330
806227
462433
868368
887341
219863
707330
451421
32631
487033
210019
855126
506071
703128
440283
408124
312622
980625
105131
814449
732586
595314
345860
552870
367640
273783
930950
668321
271770
472938
628572
556260
659115
881995
929074
441020
600284
621349
499628
943699
535552
299824
836860
646575
665238
310777
179120
455572
40569
35595
437487
344256
987449
13428
144317
772867
612000
395699
467402
378123
680650
174499
123048
93728
871734
991533
59833
169325
964672
36470
460219
41263
765025
184229
386049
894403
551852
921167
470856
738444
464287
269124
872955
453795
166395
309671
157708
819723
383386
509560
676414
699784
70627
554261
763426
506782
963563
222749
551012
736943
679286
187055
511595
391036
149287
284178
387520
734721
561950
554053
673954
836384
619344
4209
931960
351153
712888
430508
429675
177790
902710
734118
370638
648906
400397
342733
758868
612762
264124
203809
254063
984879
759414
989723
198322
309482
63181
382118
947236
830271
440594
588074
927907
12816
382127
462292
25753
117682
129464
321079
587051
731078
971682
29697
365498
445702
263581
598649
124880
544795
157856
922474
203234
504096
778705
394540
441664
960426
890099
563548
565241
308257
95558
107801
830923
369905
428224
738549
193658
791352
744038
178421
578285
825402
820713
523617
922286
853936
69936
725991
686408
252822
24131
611026
750348
239078
493782
606930
941064
839272
140910
717822
322552
969149
580501
685775
528577
765504
272726
741504
312100
864915
23014
882618
37640
832478
785233
671
936001
526355
473930
205643
80778
489391
451587
438234
587949
590
515309
167656
399477
189437
809929
588030
493651
662914
205165
325557
507870
567339
876055
687750
33658
46854
45923
556149
826044
419859
282387
551618
758366
486188
495307
15127
798962
190975
154548
831378
393848
496714
332620
632078
497229
724708
449380
271514
672534
63090
264653
473321
838330
530727
470141
424471
91020
693552
265538
669162
330003
261913
911603
975855
184547
703042
118933
827904
849437
902376
371764
432158
740943
614293
247658
171494
40388
278429
885597
800208
120155
702085
55241
311240
2696
255684
997442
737460
825585
615922
853473
977340
12310
985405
114247
287919
516119
248175
501465
468442
633025
647105
814917
988432
197770
675881
15627
285399
578874
240717
990001
21312
640423
229137
372825
303343
710682
447382
384236
628202
735042
815901
191548
604646
666026
110647
16241
415269
622170
922300
845359
129089
349104
661337
745695
215446
113467
239683
527688
455134
220685
712332
307613
486516
290308
586041
906799
232313
695732
909892
175739
549111
790936
718170
177735
316109
849137
220965
139991
349550
472255
211026
175089
989437
152463
966585
165301
831152
382845
201877
755272
480873
332572
499826
409921
741472
749785
833504
955372
640334
593988
376086
87753
234246
319832
906502
261619
540316
371864
574
414040
245930
819926
386537
929279
285039
361111
865564
470776
877554
850119
454241
359845
579947
421671
809792
82968
686392
139756
871067
724883
472514
539617
292140
553265
20574
859242
760600
890123
920918
72858
475094
723173
935567
263837
707509
57216
7792
93889
741005
221093
134776
566507
103959
648096
226647
866074
533398
794573
369195
759896
443138
162117
966509
775251
422511
292003
825463
73275
324718
542131
880416
95795
771804
788564
947007
709434
715659
934907
564219
419531
606668
150836
350445
226125
519403
904419
303113
628719
469949
10638
2638
467042
953865
254227
890044
218486
754608
31355
205339
833161
837026
906848
335734
260403
911989
16352
289067
152447
470389
218594
674992
792253
359520
978264
97818
75552
48774
242365
640685
368821
901529
253186
903857
728859
885364
707712
519189
117110
747274
918836
130887
664961
32442
91919
236524
497686
732066
92029
790442
633666
768498
574978
84391
217456
502584
588713
80679
738981
607191
694942
956423
210292
900775
103405
619409
767094
95049
312486
453234
621026
369892
819620
844229
922861
383092
193225
999974
354623
346157
88198
966940
709061
65237
280294
717469
890299
534107
238605
976789
785976
661177
641962
882361
839037
259313
325746
615338
519250
321543
678554
84024
912660
119348
385497
167887
791683
766121
143604
353320
46279
273224
710188
731061
829495
579475
192983
902231
340251
663860
880941
492470
72968
336496
524385
731072
46467
479116
672802
146863
92639
222295
96426
724783
425848
735717
945659
544654
821395
561625
978645
146262
481852
198566
610225
717186
312730
214351
822143
22699
174912
981863
39300
126347
702125
278327
329174
429209
776674
279456
907245
660379
393012
946206
352496
30708
179406
874848
588252
808237
556021
629732
409570
750362
580440
926938
740906
594280
38173
424209
517292
617575
193925
601695
86525
555286
841136
41229
961624
854068
16238
919272
204549
416817
722610
138627
822292
889909
529091
483056
671300
757121
591918
887703
105824
562077
500543
120064
255263
758630
808463
686114
751497
349488
249583
421004
754686
806727
95538
234305
144700
469341
91364
665502
140727
904742
573670
733249
989558
666672
277159
548863
801195
972734
719762
513189
294227
195810
969124
527091
985714
417711
817368
892588
363047
665062
777798
473452
356543
704213
365310
430125
294548
611383
223781
728167
885932
574572
710087
45185
790836
182287
359812
939086
550854
936644
21792
652118
821551
177272
854727
853926
955601
152110
68719
251734
640713
425757
367767
581374
423792
635917
136737
264368
761183
726817
317839
932559
905399
192010
182630
125325
743110
249117
862215
108619
425259
421705
537365
38983
620144
850485
72262
245333
773199
949869
536299
468683
578562
49419
238196
673404
653697
894424
915739
625533
776343
981489
13462
61289
342875
432778
718426
564389
823353
550664
346469
20264
456633
578207
264984
488112
378062
413776
656532
668581
496241
655636
755275
736692
56753
129119
862728
407108
727107
404243
791627
224151
993862
804313
497483
239366
200467
344861
756590
503830
481065
304091
702373
812562
366056
478774
114121
307760
821086
570396
852124
796488
166056
219515
271691
27774
505767
138203
746550
492906
464657
848155
504033
259186
20635
326886
991653
811090
218644
740505
364515
463104
920658
52868
731093
544164
666790
530350
562213
726094
164188
362920
565157
365138
678203
91301
494918
883478
512215
293493
705671
665245
420578
61348
135344
541523
353977
116647
575133
205864
479815
841485
642930
21573
237540
167503
946594
945548
399953
109440
649854
792581
328031
477184
716368
897876
87737
889878
979200
568929
390382
786792
398404
776044
171452
482571
12822
782240
577117
178549
685684
571434
819837
258740
816228
540575
815332
199082
105741
82156
550460
682553
263708
124185
633834
327595
708824
535739
157696
324395
458884
643753
193938
825521
871144
743081
563415
561330
458915
455882
659233
836711
383207
568089
345304
818189
659567
177953
359176
627855
981916
30884
873917
317095
313859
324330
280379
488193
59421
739976
567574
517368
177432
71709
789547
211993
521958
110187
252499
143388
158413
274264
730461
602226
955417
401396
557107
468751
29706
431998
373604
499391
676952
416931
363797
905254
78335
738157
214134
706348
29700
141163
418571
4881
175564
214382
391777
581154
424616
405764
976139
407249
598525
693588
755078
896743
918099
595188
84084
785612
683157
515380
770838
800140
78434
471898
82955
86521
560189
237928
264671
2922
908021
784158
132101
461327
905659
988656
451277
240002
709050
646959
504706
18244
546003
861358
960072
637286
98721
870231
716380
262004
114546
936744
237854
692949
285265
733539
506850
940804
82448
177544
636715
2107
626706
533503
493623
286872
209453
299260
779902
424424
392816
456407
219018
110776
194245
950202
391011
957767
243109
54897
102690
991518
168778
366542
965859
339149
805517
126609
904710
714163
906559
537976
551586
182429
464034
127458
769636
571967
916680
818930
411404
94205
831862
240171
721127
671662
674886
593973
311518
489367
295286
233179
64437
741626
86469
225724
680948
59888
259084
778756
422792
483200
709215
699446
899022
215884
650635
465040
282446
90106
111488
484660
564545
996278
543770
847466
185216
538593
727400
312861
751037
284718
450349
873714
564918
866258
98395
624112
495003
529132
354504
213819
483650
853247
989691
301710
152484
506266
197881
13543
823727
215901
361157
829059
90267
759238
869005
477540
373008
855910
203832
334071
89165
530179
647821
902830
568419
582983
314999
772455
163107
895885
945740
20901
389408
889924
647763
30906
938752
832412
719260
779091
908341
540937
587644
90030
433543
184927
643859
725900
720598
884970
169579
371758
281638
965774
254299
528992
345718
854741
341891
731319
723996
662965
366216
33815
572204
893718
938017
75787
191703
939194
520838
664568
434563
644697
432489
854627
438175
379352
76390
348318
94618
272483
799415
450957
921575
658846
947647
590738
213894
512115
540567
435597
134729
812277
908534
605321
102851
526757
385365
831742
241032
486944
566795
801731
770166
25936
569887
578413
55998
441103
319343
916905
194158
36337
453606
61398
406557
110885
454969
459406
544439
757787
278076
416593
28459
653498
396180
168434
973912
753594
915597
180763
655903
369926
638837
984557
170928
296939
879791
558538
500933
81211
994047
839
891199
626100
355274
250075
658584
106581
707421
378409
481840
487851
866136
443445
449070
906318
624596
532115
326885
267726
444782
452476
119245
343347
708987
722261
861623
11853
546794
370799
694871
688707
562643
606426
92967
261124
737260
624956
825714
723589
261806
296234
682501
443866
601512
987120
443826
491420
828735
237218
507155
520145
478765
746272
751960
993041
556065
327249
62896
769403
463377
26002
480337
756510
994388
646857
86090
525113
845961
752580
682006
205715
499992
354784
13280
688421
775966
506626
805241
649803
553476
853923
531087
541539
608300
992985
623287
708965
412520
830788
930451
887485
313400
683692
441130
861805
435950
539798
45101
701879
201235
380527
563161
824845
458533
458662
107336
565501
183517
668199
451933
12166
93426
109769
133268
394409
20676
698792
241918
820263
485531
501595
161921
920571
184771
578132
607077
558879
845422
622272
346250
120992
346770
415660
464267
913558
339693
757519
221986
610658
968873
370154
79215
165292
456575
941336
232508
561098
710867
555954
354973
427112
34020
590337
408187
877109
152366
462908
269324
517606
578501
285011
119630
192539
892836
669595
846968
859570
112852
820582
918900
555851
923460
384572
838509
29833
708096
249598
465018
997515
488908
512193
284044
480493
927277
419910
985399
283324
916778
295552
825576
422935
222779
650438
480415
663567
265160
998860
764317
310607
998261
910476
822679
696489
463180
940164
856477
410175
746972
177871
219147
421285
881981
727595
42429
170094
698787
661315
441120
707393
921831
244082
711516
841548
251876
366801
187202
915261
801616
216122
214031
28748
191566
720952
893418
485234
162053
260487
496064
187405
640067
797772
293528
234041
200629
173655
780134
11495
666944
363569
630958
273203
453955
45315
441255
142401
466688
824535
651700
96461
721964
580422
651439
721688
933250
369016
702178
206720
555205
891060
655187
909239
45438
171958
65658
123312
91609
762941
762206
456045
896149
365645
844450
916168
862879
258818
804080
389223
716683
224136
262154
599997
536620
357849
162320
416343
705995
442984
554868
561202
596872
270534
871605
806761
886398
390528
933456
1783
776964
882362
610572
556767
802858
778902
415240
16340
214366
995265
167295
59431
481007
293111
48414
197029
145451
520320
848701
679308
168320
556818
819275
781666
387885
706214
499015
965142
91817
328898
57435
795835
331186
581717
663135
661452
492670
183382
682601
75755
615405
275389
437710
239368
846441
777275
606754
806716
731043
521727
593951
152833
240245
583584
142312
25217
33413
522656
806086
916600
847487
477338
510144
575297
406096
61308
576350
237966
715244
976046
950877
316485
822213
972149
573860
909941
626534
197306
537849
582016
328929
200095
817637
158566
157307
182698
812055
895708
318958
523400
792161
802162
773192
570464
612846
240043
164199
377192
408003
542023
785575
9772
946206
503609
914723
899578
646279
361405
816742
815318
892104
287235
212460
119194
39703
874668
3505
32341
492490
212776
345858
614746
469240
469192
455493
898697
325114
452688
877252
127568
115397
578187
913929
10389
716823
977027
214231
100671
259154
445912
442596
674707
860121
216434
661023
120084
58571
666174
498214
823952
685997
707074
324216
18281
672153
634635
482209
108134
311054
497617
635815
208812
335079
796468
461396
383352
851492
580952
255577
419463
33289
720012
198820
976341
193258
402755
303496
473818
407689
800615
548492
59599
708212
617015
100796
212160
390767
707177
877709
475234
306140
334821
439430
847706
738403
594453
365728
648800
196438
544824
406936
176740
355000
510454
564686
230194
610465
476754
517010
690076
85316
857462
218085
764704
277778
620724
343213
612748
691870
855708
404190
377769
944906
633672
574197
693615
11162
502257
921921
594564
8324
232893
200266
105821
775209
783325
122739
742091
867718
226531
90982
873591
313655
570477
704214
622316
489756
491748
922496
839431
634745
424794
907930
760509
248344
146572
244500
276630
768239
777685
686847
111793
103421
635940
116564
418442
574080
681749
473513
908765
555512
129815
978595
840158
785061
604077
444351
200688
102212
168704
756898
812202
491091
290374
37731
90485
977350
186378
361000
406437
458062
621548
533221
754962
190524
343133
298569
405229
62278
170834
925728
542167
232324
99772
502154
545312
231925
970143
511783
904170
28209
497766
313414
686837
196933
747006
372681
728943
100545
918398
243204
192483
754190
83863
318100
81532
279899
405505
956533
201521
874047
80865
541048
871715
613324
484841
946653
519511
805212
886995
253267
938561
737680
194811
377017
726697
799042
385828
753756
845535
931288
937205
309493
405623
47545
738861
107945
70062
300870
599814
581089
462916
94310
928231
742780
881929
784052
456753
348106
803756
14234
802311
819318
88482
529379
220649
662393
665472
386434
942223
180279
952471
711133
464735
260051
126445
186037
846312
216883
454545
542236
998934
271247
996460
368995
600618
522331
843216
854291
561248
248986
250296
31083
251229
204340
746116
41072
180813
802442
386752
358434
381294
81111
623341
634096
161341
354421
761093
69640
715364
317948
154981
227456
211016
818186
386256
195296
891120
729545
3304
703405
988000
655051
765426
728904
211702
356112
531376
506825
31778
987926
220562
629868
609624
738189
54651
48345
679669
697709
283248
513306
673286
462256
484899
442147
216468
663629
661129
772973
810509
501454
872201
142445
387516
702175
778518
650183
882674
570276
670078
746964
925448
972144
670134
931000
829883
935607
60147
413698
588892
29626
236154
475795
826657
835258
42115
579319
734991
751724
310952
906050
858108
916634
877313
744332
103329
925774
485098
469691
820942
615080
430387
586951
934939
658390
564356
947167
357822
668448
143457
866681
236024
817693
271307
163841
926965
741547
15911
200615
813520
595780
316499
786292
346989
521508
599182
816326
44490
672377
826516
785551
709964
320903
512727
220552
186213
889159
603080
933018
198217
516597
818429
401234
829759
542611
310711
497482
915059
128017
484605
503863
283250
482558
980945
336054
579430
941945
159364
907467
790981
81505
402608
481366
782436
516625
576031
401409
382319
989847
469039
189000
470524
312626
771328
198946
570759
736889
18713
895493
748609
605402
697639
917148
305635
937937
424468
683439
760819
338632
450587
622927
227982
646932
954045
866152
789364
798568
677684
554333
153119
179197
962872
521336
108476
597231
643035
249073
97203
798409
3669
411415
37936
181932
922011
676002
762985
622659
324305
901717
200829
303245
443607
532084
448449
117734
779442
29029
702940
209415
621014
391676
950313
905561
864576
791120
78306
49178
705273
778342
519971
510092
835722
69706
919837
710369
898768
813096
216611
799944
849275
780991
112848
810928
50620
510476
300111
695257
29093
902299
522875
583268
587490
709026
853561
942255
865121
293311
101598
602851
241873
27570
467788
825692
388137
935113
173905
943492
595116
503298
297893
474451
17286
398405
326159
613866
128496
560689
717799
623594
147515
170601
717824
973963
48287
175858
371415
161689
753378
467235
185666
743689
825519
191165
499341
422470
778453
570416
25261
456778
925151
185754
425931
102900
303285
170936
995171
454186
100933
174665
388217
433453
639263
915062
451252
27210
200395
345702
991571
703676
190660
663512
820491
314141
832319
942492
787071
482908
68748
817138
666982
785841
138641
960187
585482
466319
175340
590760
95116
617415
545641
90025
382054
185883
953717
372649
835714
911318
475950
756286
516108
150492
949816
912009
356055
808871
865563
684700
482986
683307
230158
724516
206303
915836
749254
42520
241154
480411
606735
659585
481490
515675
727484
242472
456269
736996
874482
721036
686563
228153
327229
452858
226841
27966
831418
402220
805772
681888
355789
273044
440016
130054
914559
218234
582545
327497
851432
577254
727178
305690
135774
311919
401633
836471
684118
751995
337226
415895
264076
735648
13719
895067
103421
649336
756545
901756
975692
647447
418778
906737
132591
183541
464536
708938
679179
792347
302436
344643
430064
507928
746181
17612
31873
180952
446036
507099
66678
296799
213625
703594
874352
486151
936642
121740
583743
87269
196164
784963
291265
487364
799882
427066
540117
578820
145772
726964
799932
772003
509659
598092
12378
538007
786330
957353
204279
891870
851214
205927
801779
12651
459779
47650
637589
359641
544451
361187
774138
823552
562690
63990
119784
959119
689913
690625
267757
316349
775921
817055
104097
821477
420231
192065
954667
491360
487202
757409
737042
219370
711953
725652
172255
369547
957673
444057
941534
264511
429840
439968
272300
250370
109117
903539
144322
596790
883740
774490
872417
668948
989592
308481
223117
776652
755412
166518
280868
220050
74848
753392
261024
842194
302985
999767
348068
279564
544308
494542
874731
512331
630460
288114
760126
848210
122579
982531
828246
403723
202171
384743
228208
180743
923857
783107
223778
869520
411539
430268
575474
487306
326788
860347
929341
486269
807939
295043
958972
647246
22594
90813
157834
429317
449985
245527
241468
314867
199917
387893
73755
740614
11082
613455
906359
727640
807429
862161
507807
897456
705701
129010
840185
793523
472746
846227
54926
217350
69100
672569
647114
665961
1775
674513
213671
584573
223295
408098
725639
784944
313012
199866
722324
588188
5269
277512
709965
297478
672722
724725
675198
473564
291967
988736
800590
274028
871026
378199
476609
171018
780837
916075
458154
750736
249841
284986
726117
706599
103755
418861
711455
532899
595649
315648
820176
164122
754333
376666
303641
557910
849874
47795
307696
112502
828276
983932
722655
938979
911646
932228
679413
804553
566248
810114
374432
412625
858932
951185
474432
354507
104912
861751
630527
399227
249129
784814
673519
772186
531753
127677
161588
386770
901054
685152
40621
634246
212062
67530
461117
768247
867724
356501
202736
613017
831179
937171
586169
655589
539600
523714
865885
103354
637079
647883
183990
479108
777561
413337
64384
633613
176385
834329
855732
659670
896752
889057
662488
908658
459973
141271
754733
121623
233863
947207
155580
399208
933286
733549
210900
50422
826151
295347
982924
998830
880840
461156
113418
352481
221530
260666
504510
137048
27165
735114
434993
251802
999240
480373
564313
179566
262924
394700
203296
433715
137243
407812
640762
310205
27363
702106
794619
432393
861957
798244
63755
735158
443808
370193
70592
621554
469317
39066
261567
166229
186613
986110
235008
215671
688949
992468
936094
153190
359248
761850
620842
233986
426316
911715
973592
52654
552154
292870
290123
742370
370564
769771
564004
830732
998833
506351
415040
617109
398369
204545
531067
679791
308910
767041
49789
313336
520734
33986
530097
805994
226589
186174
19057
692346
321138
869358
897422
198700
423958
340632
254460
828299
594204
710803
7996
282340
357165
168262
599502
941280
740767
311410
402681
526094
994692
936748
324730
134886
529056
979781
240957
221642
949617
799541
536557
755150
355892
698734
426840
455463
183223
841460
646932
648073
790570
196575
175045
529160
896486
466027
847027
368213
434545
597725
526618
246503
833886
991411
938722
87231
785624
251294
976974
585026
522363
453376
259032
64882
318841
79098
547586
855825
489926
638334
586771
22581
763607
766852
401162
128462
58881
541008
532482
604770
480746
726844
789157
342073
440776
618435
949444
735226
101385
304214
14201
840352
745090
744152
478019
337621
751343
927464
785503
203477
923643
51569
535371
462460
196337
694569
22896
359562
41387
369003
516870
526970
409827
98980
563852
429634
456398
429065
814952
140610
749585
190718
438497
750331
673822
18956
960870
135050
377336
373314
507723
446305
243150
525024
478611
748604
343560
859308
592067
320752
757341
973595
958152
729090
686184
755293
997589
747479
919707
644516
412478
823444
186521
444425
96948
631033
148660
709341
590258
498390
455900
538315
533320
865947
167965
913718
297922
2432
371548
247987
728247
834636
30964
438156
5112
540073
271897
515581
360877
812045
427454
979653
412644
36837
815052
349199
730034
366011
644642
359723
312050
740993
461922
106080
490133
694102
907576
543844
537075
829514
804123
981683
935795
137523
520888
114727
276235
734567
744960
543656
237341
843975
949120
251942
906871
760001
90506
231287
660687
406204
42274
497273
710079
375985
240741
273851
618175
70389
926356
383017
805109
540787
332535
379736
679641
895777
719323
86085
274663
513512
266589
522080
21771
425832
341287
367937
557310
696267
861918
954653
105640
820622
702168
81643
587995
293697
586094
905824
248863
516311
897324
347794
510581
829040
668184
703128
959355
481463
697898
285474
394871
428150
547727
876454
416663
491483
349484
380916
696645
770935
946423
799126
670558
637923
438174
390234
812443
931827
976785
828146
432057
509840
536854
939589
128481
341381
679352
651264
670397
837103
544492
409625
838883
462451
277192
853701
312808
364374
947129
561056
356599
23491
513535
64007
237825
997832
396633
913987
126731
645217
216221
632111
346492
137519
520968
125134
963003
60911
674997
362477
483332
843147
378535
464418
588419
336616
788706
578842
541863
825304
229683
715506
455748
176034
999750
451196
744132
245971
410600
332201
940703
568244
1997
952814
789782
189160
269986
531048
268588
220157
110364
841669
784536
469464
870814
358289
451075
281557
367292
915452
590908
995837
38645
788183
624863
341344
369909
472604
279791
462246
463953
315254
121987
336053
543002
410858
341439
495613
386726
845965
745058
141865
449378
946840
899575
336006
590867
931941
637561
548380
595579
322919
654756
812358
996582
697670
124524
904973
290574
851821
269153
919614
434620
683831
265340
151845
479112
994984
676423
872769
379370
650965
389481
487517
540909
618058
578212
185611
118836
311953
246106
523
169564
897613
884643
465788
969444
915457
273331
243400
831730
977045
266307
568119
585455
571356
611612
403114
260084
956645
327123
856923
849555
675669
274465
785639
744355
531906
315623
48556
128533
109062
88181
890729
931524
232709
733564
170947
179740
869577
21478
379935
696634
244644
176999
250985
831185
212218
810383
627257
438581
470864
267901
371975
444265
974374
414038
970062
845412
178265
160520
663913
442919
133277
552771
730515
691946
261509
101853
217407
791629
524244
192017
961373
495714
469647
278482
983978
62979
827234
690800
973255
204979
119017
240403
825932
607807
418786
515285
710767
133296
985079
727117
761358
899928
18762
988492
191190
885424
872514
280358
387500
437969
184980
694975
253772
60462
722954
411816
924329
519732
668029
931265
666196
520156
809867
590198
760096
248519
173445
296285
330355
435710
34505
742945
130477
923885
603807
280086
114096
810042
645244
846946
872225
556455
376503
15257
22873
550129
432534
206701
995888
110674
939483
104671
375433
93066
233973
203060
200810
965357
678548
190286
537392
178171
952453
922339
261907
532150
125715
241431
86467
56647
354352
742984
993886
711650
632966
717712
657135
977612
100973
524256
829640
735470
168917
376085
636687
970545
746585
225801
413649
61271
498160
418881
123085
720890
607617
774172
488290
234189
22959
741296
878529
499285
742450
940852
558844
222700
65647
805382
542773
709226
144389
997
667154
757316
579651
75351
30789
154694
666906
87413
764151
347246
327422
313637
521721
620912
279419
890254
481754
425633
412135
459288
408408
491144
570882
311704
158946
915190
278865
233797
797105
698522
131682
623324
5106
887340
474248
647555
853971
220856
654476
425182
112502
941345
368090
194004
949075
768651
350744
836034
183925
58432
690759
514967
983498
685650
742103
100418
775619
977359
771775
972233
849908
286066
832750
486968
573807
452358
679849
539924
284170
1966
913455
905671
835849
977187
501310
647115
82201
267218
835516
947386
83804
775888
481292
633267
60403
170862
334696
564121
200132
108192
506054
120734
479702
320591
760358
969611
254848
458595
511588
80688
250184
72981
785453
837832
450350
296161
299136
29977
769640
368221
92612
57840
972325
624466
575823
9455
559109
831781
877942
238600
947044
387334
864647
534812
568665
808453
728291
618444
75215
552036
465199
376546
763328
253224
678731
810057
815323
735614
959271
849808
83739
110663
546741
98249
69249
19479
428903
199096
515549
725258
682506
460861
618103
455506
153947
1227
870783
314774
840966
580698
284594
495492
248584
283011
485397
150592
999679
903939
643922
885924
321350
301477
522522
245697
707832
190519
852881
338514
103999
157109
459561
500195
398727
292934
962849
397988
373954
752107
681053
473554
833522
142327
828315
692427
365952
765045
506849
778919
557793
152560
220063
568904
625761
62897
995846
786065
570380
506368
427083
991113
528095
773108
655481
726640
729292
67103
379506
661439
735803
658631
977248
588753
406920
797383
641840
307780
406962
824818
33819
681236
605780
113647
646859
491528
505469
196420
35645
48674
476632
55640
953093
161364
154149
97364
348056
295092
833242
870278
840570
973053
511022
806938
524748
115774
3316
391235
361844
419900
40026
320879
749230
31008
279678
360831
452814
366170
285124
328266
339827
95804
551782
416876
940778
315230
730996
914135
91101
657925
31092
578042
864476
822461
259247
995198
268057
193080
688403
144521
124917
615740
383591
931702
548828
485004
270053
684938
698196
928764
662203
831891
399099
9449
180311
931146
917697
848170
616024
465000
861659
356625
514555
807669
734612
788588
407244
211854
49892
507733
229197
211237
959149
585879
847449
993951
936052
447128
705190
104519
708919
896422
329700
191913
534544
189935
928681
667169
863950
616826
358395
80144
95736
243427
595368
585378
395218
705299
730843
365484
681402
93437
817708
960619
741565
133056
666055
503084
741722
924804
889736
329890
417019
732961
603219
806503
97223
313914
552541
786940
654320
807436
151370
150483
426666
189073
523899
311389
791669
834136
961738
172854
939622
862802
539486
861291
824871
637219
269033
18982
92147
728803
360097
847021
236330
86069
22152
734761
403772
518474
631734
52722
748353
413985
989016
658215
219477
928634
881076
54163
280976
840365
32353
911096
351228
334009
236905
479873
194696
708188
512687
920150
308977
462630
653377
822759
765156
462782
201732
62694
156941
339957
373460
556778
679510
840688
151256
822524
484006
334289
63689
970969
867734
116452
823615
528431
121252
662655
806585
21107
521576
643222
40672
453504
614271
538553
899622
317631
410988
971223
355348
747065
969177
241800
108477
757186
25029
398995
457504
898072
597618
74801
296997
333645
593160
975766
155510
498317
614325
4865
466880
374307
999083
329096
883728
122079
261219
927546
390408
365663
542103
150678
752806
387043
840660
638288
352627
147035
67997
324148
296201
686168
925266
853960
642312
234246
883658
388462
482084
388155
195730
444808
188577
882245
119148
636039
971942
861125
395934
562023
319515
991267
766283
736589
521438
871196
841269
279116
399498
618103
594923
358105
204255
730983
381780
313277
185798
409012
897174
63350
756541
44268
184604
333840
623801
522789
359019
817316
713742
440767
683516
349059
366758
718125
256008
332452
339356
766343
991916
773026
88663
200906
48539
93127
223882
218192
623054
35684
42846
180126
228808
488527
309992
487945
243153
717824
480213
655800
79496
761224
830283
172128
999514
383379
299207
384177
5466
790963
700003
312329
454149
314443
180984
57731
456516
553834
135032
310147
225914
791608
300795
234120
671202
772092
779560
932870
920966
935869
814560
16081
351051
74258
121714
931035
646255
949124
862576
928104
52182
570865
952357
577639
520193
447658
548103
588431
797942
271193
552659
551542
169514
883913
333654
26191
801326
192179
758814
435895
405027
368495
340053
48049
272095
881857
743299
109206
90014
177298
131761
862478
232788
540475
45301
1836
518182
424956
885666
802707
532931
330231
82888
469936
319138
153641
318429
757428
397639
843894
939961
352255
922264
714274
319010
489248
402390
887981
307051
541972
678554
748128
283986
884036
632647
340227
560001
998594
304817
558533
565221
978492
238608
382365
36490
207251
583646
19294
487138
810367
39225
329980
544137
823193
754285
40666
5893
513276
274674
451663
334384
532838
544716
811448
673527
222859
581751
473033
751679
112935
500788
760700
671702
965440
565207
139873
794951
870754
555961
159167
648794
781936
801356
42228
350288
974457
993272
232653
38153
38356
957973
252104
559787
123258
755964
297460
560008
383904
900928
96671
681601
49804
36865
268645
478377
484706
783492
594379
128102
959887
828741
15123
382384
769692
706008
745470
376323
61494
623872
710252
528714
809069
678731
443289
768903
923649
526268
650609
703904
489223
386994
905490
683524
187336
36524
473518
611754
982708
105087
587875
969123
495057
321902
936275
174217
659790
179277
297337
695692
665747
242968
880352
378782
813965
977957
163106
277484
225051
274364
998461
497514
736046
876524
516768
2758
352568
624871
486194
882639
750664
126222
826070
602270
343840
40940
926722
998546
663587
613875
236266
942907
365742
1025
425218
857874
643549
457368
788725
9062
408453
162387
798701
923247
779051
495823
640496
362491
741460
132720
656059
102408
853406
8143
267677
20278
98146
86654
271554
499471
387392
987849
462105
976891
277930
170708
910885
56576
378102
490326
65742
159082
983453
203860
161976
76084
760223
684500
729811
742945
523724
339683
240429
445814
488071
189827
975465
727556
510368
314605
313696
319682
712707
957925
41062
901625
548099
844660
46299
608494
358564
340771
755629
567113
898292
861562
851593
566112
593329
21501
315664
120293
5440
642565
487947
994650
499319
575581
252417
747838
839292
350020
251530
756076
950675
19879
240114
589512
430311
108446
928867
406453
11346
839396
336478
636223
866975
162398
876534
148001
906822
194650
826491
124288
880126
378014
608786
747425
407977
389890
953673
163219
625159
700461
380724
342549
797344
985108
150236
976379
799652
795389
69266
100624
107738
494405
143986
584281
874064
509863
35095
728381
523141
540421
398754
39440
765570
281096
540200
746189
312772
617745
411138
472196
267174
323107
606925
121670
335403
757793
983486
739022
21317
227062
354406
800203
840451
222456
383096
717086
132732
974695
343494
100411
689553
313006
673866
493912
682313
532180
422041
989989
821624
294488
105707
982133
9436
610370
305941
615276
920039
616790
914983
834587
884858
122369
762109
253535
169742
711638
676716
845121
709551
442009
40202
435503
779344
391755
460879
200738
798472
349056
441594
210958
558973
188910
677122
977756
157761
559511
648509
900035
888560
94460
160972
806523
486919
43037
926532
963496
323131
85073
748753
456925
232116
64219
680617
594086
86037
560185
207681
286859
61934
321567
891430
213828
229244
859287
348155
343543
811396
207976
986595
200799
735669
22736
720223
517759
451097
510702
158666
938735
527854
496776
182412
645815
641491
461693
591698
427296
353674
28205
126436
353821
624356
718200
962932
950765
43052
91948
840030
938661
865429
912981
864687
228263
623771
127184
564400
532325
72430
503168
437002
782626
173372
620008
860214
104155
576182
756726
650848
990879
913594
642180
962540
560861
138692
380173
190904
682856
708992
306299
933755
819612
465269
126969
492365
172063
796043
536592
258012
952142
577035
171508
531867
596686
539059
338061
639215
215209
486773
269726
755701
664418
37642
916349
508438
198330
30705
578759
103816
985871
45732
376499
282995
51353
145017
187028
98775
891113
997407
436477
915620
462310
596928
582334
695158
458162
649961
628330
134179
731999
361918
769236
104144
418762
667488
560673
148221
911061
535614
511828
89702
276330
535709
217575
422770
374045
476318
366022
194598
447452
646605
656604
586445
715930
875739
688236
820258
512965
175062
365048
520632
72917
913071
358481
909772
850999
951529
78993
607916
898633
996671
879204
341098
21856
314594
370639
356257
762434
686297
848403
478986
782207
960277
937253
826689
501853
649183
30858
398811
107222
330166
852559
685849
415768
399059
277980
470930
99852
455087
59949
533811
193719
243306
967914
590557
423358
336327
229693
729470
404392
748266
793008
787771
170175
236685
440916
611011
983676
499928
935635
24519
331853
874458
764461
808598
649384
199039
105549
333399
197476
161060
201559
677440
964924
836220
804894
173053
915210
835497
909861
291921
785836
520171
601985
615815
327012
745219
21195
841108
209056
621989
250540
967010
875042
877126
751806
960409
640097
789604
769220
463020
267058
470690
914980
952746
411321
243871
30240
993462
934523
764183
81773
381801
905984
58834
763032
762996
47009
12191
714897
386527
523758
771151
856234
866004
537923
649700
327069
777663
379363
3247
654519
352724
724469
544563
131708
196070
934446
900735
833044
577534
642086
489315
777351
546468
848495
195406
664058
902297
366602
423781
805887
639170
362489
997195
574299
426491
278943
303367
326246
260168
888753
961231
807421
586432
952301
554351
970548
721219
488139
499750
121034
298191
882736
741966
752919
479672
809117
110956
472961
300770
232904
123672
668405
66000
627551
590636
510242
2644
366672
820124
860220
675781
810793
85226
416077
269186
182818
154307
817770
613040
363365
603608
464091
983265
589310
909835
766008
363092
359201
197003
933043
640942
887682
411856
902502
396669
821312
100356
766845
16248
578341
355421
454449
565785
188376
914683
389583
131395
384731
773635
66129
721466
974413
330606
799710
224803
701996
157098
409632
844738
614490
653944
109835
841039
724731
57629
138306
624646
667236
158880
780978
114621
43439
297379
564398
875839
157945
314845
108956
230095
247764
922698
60493
810395
312486
945705
49954
404091
683862
969891
36505
958208
11477
596299
492732
58791
418022
706318
975489
671709
341593
899727
77396
908203
444189
36912
137223
805338
428851
827731
371394
996588
152192
80355
224975
272135
717815
982396
548824
351558
137504
691424
978780
900979
392030
918177
540533
331570
929852
464182
553268
687829
198302
901235
108564
149209
447542
584300
626116
615888
89777
455672
27179
595101
50589
644871
558653
157745
846383
513058
502555
873702
816519
489090
489882
477773
114260
351024
686674
727633
499274
17469
983352
742092
166848
87244
604092
330992
32809
879658
401327
411221
848091
341694
137634
48116
855558
901899
560585
205063
528819
869144
94742
522703
993170
740921
157009
558977
222372
618931
950130
778153
405805
765885
846
730225
957450
984552
412983
954494
608210
527417
897364
677189
565221
842870
91373
49435
883883
752632
793718
185156
638775
762737
443146
502979
328002
102988
586960
143696
220536
258506
218937
252573
80728
726693
380852
285311
870953
693266
37980
923826
618032
18041
221847
531807
785597
663309
686718
202913
979016
784890
602028
870911
657221
511629
998825
83154
96371
661515
491033
874528
769416
258470
220043
951328
333048
985816
74856
483942
888468
54314
737613
436914
821658
729212
318442
505085
535217
975030
264661
983225
164013
287061
441391
516314
809673
410469
481277
677215
452210
956569
900055
35354
151940
55601
933795
200258
501118
618952
634310
342092
306571
795941
522858
61388
904803
792587
752827
685681
77020
161414
244327
566691
200466
99816
909493
132110
757847
565543
648827
636743
777151
28540
96
831483
31061
939490
726758
182791
904285
983777
19409
472558
25952
356232
175267
87
115950
189577
480635
254019
201561
47847
285787
500118
977053
606816
308270
883640
699539
948174
324217
489548
615896
498520
759374
203402
47706
62053
270236
459512
991319
975894
990935
94042
344446
774587
659129
892752
926292
131239
364986
563891
122
367554
198353
415375
345386
182780
735021
738442
291505
864172
548569
289757
646795
345618
657483
313157
655240
36458
564530
269020
70765
436767
433336
942323
956932
896741
200525
322408
683337
788058
393436
733375
564596
932585
301928
902026
944739
438105
766174
625842
492223
687701
864679
563886
365151
890564
179510
405884
857163
147631
799597
820845
219382
471862
290988
695650
743925
179830
982621
328944
532595
382452
130794
734073
344369
976232
966579
992396
979813
825229
806926
721297
80869
868648
806887
667182
742646
657278
673420
718170
976144
505535
557274
884962
374090
477083
432469
296887
173277
23133
388705
768178
362782
792668
826117
253857
685392
553919
303265
588413
415468
975497
239716
937691
764203
820949
50909
52136
946415
735796
594141
440005
596465
829615
930424
79638
316120
679307
946951
510524
847563
323984
504444
324785
491106
960494
517123
408299
360562
426584
173870
645706
988404
418091
492469
496270
718530
145798
102475
347818
129398
48473
466650
155099
881892
992436
368721
458945
452182
781438
991350
789993
225215
152598
728042
713688
398346
475455
754086
616457
540054
870078
650748
743919
356468
832393
865540
552549
478504
365714
291348
182153
843809
689739
653184
292762
517411
765615
718110
808772
774690
374665
790225
70416
552797
639621
3638
248755
618812
920872
481996
530057
166393
401574
663659
879928
621598
91924
121938
296819
362463
851067
509657
219491
861466
919499
728499
710577
582694
795443
235198
11571
914325
718636
757252
30725
554490
508673
437622
598067
690708
146583
37821
414245
619824
557443
198780
200741
791451
198774
34316
33222
833426
427591
107904
540427
572162
361683
575564
521614
195155
774038
166122
958109
13873
100491
486518
227834
279267
367740
945617
486019
773047
491751
351414
267791
450862
46596
126033
520783
791228
942271
172094
975787
238794
269170
281942
530387
889674
670880
848075
967986
868035
181319
190965
30472
716257
32174
760088
260185
447255
443215
977961
527547
672559
799970
984132
280140
223602
21942
760757
557520
386972
630954
316488
403822
187831
464401
369135
727310
312934
864742
496283
239054
981924
235217
494922
225988
750939
668252
769246
543524
291139
39052
577636
191449
824866
147443
246670
302731
598679
997962
446879
375663
847159
214982
888497
139916
757447
142370
209582
932525
727066
184088
133198
464203
73064
923446
195859
29537
689495
67581
162300
104930
66002
498332
816573
602308
452587
133569
181756
316959
54538
773858
797654
292435
462271
963272
669249
137381
38848
337424
293539
656694
965718
428487
120875
686488
796429
361608
951855
409979
397056
939770
39535
312478
717720
367139
480222
507678
321244
155523
74688
387044
40209
90980
673706
662214
836340
562913
306717
163209
381753
662974
425284
115081
83951
42611
830919
541086
550761
386950
851878
56839
440178
203993
118367
445011
609618
391179
604804
316030
377246
604158
67510
237854
462810
598483
575548
441340
553674
655226
100869
384888
160058
994599
678198
240620
670067
71957
534383
662095
38253
605921
671856
155745
21004
645906
182874
187314
932963
617800
974206
828115
79589
157935
563221
698180
645274
894032
336663
337935
133488
893210
750027
60483
305367
821246
7980
725098
642980
895572
937733
226273
294924
400012
415693
987185
203532
122145
735661
152108
510339
227390
815816
154786
351077
696235
721149
826274
779589
252238
150870
470032
348797
186205
423027
145646
829597
192359
498204
940416
335704
832343
850700
974909
586744
827159
774065
239979
806954
41197
667694
115514
973546
60154
229875
452150
644152
557815
535707
928981
349315
933873
567958
408574
119299
769800
417133
260974
496525
223673
152453
33737
178330
662251
623822
524872
222987
779821
431646
519620
737688
655118
792140
387684
58785
938918
590327
994839
563254
47229
941502
379032
895806
496595
231276
263406
963414
825601
620163
36422
309747
795854
832352
153748
885408
997076
838757
399488
783296
787344
709700
981913
408236
612325
352589
359245
646598
618177
864967
365296
598030
915877
870614
98087
499856
228323
237098
402803
949116
973737
368186
302063
585578
28900
43470
479572
20107
847438
820566
245263
48566
892739
564917
628180
728607
472999
830567
32938
897608
532999
927380
544340
89702
414314
647734
871787
566906
160212
375229
856074
634690
149918
485821
290210
903892
864011
611946
912496
659332
472184
561728
78890
716710
400937
427452
291088
37537
62059
245547
56295
481385
734347
554833
505377
487084
808476
934266
759214
128014
261224
443694
887996
699416
37469
39835
885369
962836
66596
392496
936700
594772
368524
572387
718682
397737
805566
180989
150735
884533
49220
549475
400349
877229
763566
447040
816971
8851
419547
363533
774709
363664
754572
273096
190404
123076
824912
443530
948656
389276
85912
459745
524395
479644
910897
473946
548146
37650
773819
613652
697764
766258
381230
499323
107798
499625
628829
544518
238045
740607
663481
822378
444287
165017
896929
391376
948333
842416
815266
122421
770431
667403
607530
608310
121699
440806
920812
388631
656096
272620
398842
97349
738869
613124
984727
618144
812199
341365
994019
940942
229783
562897
917428
543238
94297
538705
665429
993653
948015
932654
775256
974060
468816
172630
562281
831847
617493
446678
706322
658958
633484
969155
555436
189059
297111
381666
396385
414076
496244
271567
460500
380846
391298
207654
41856
673349
194409
122208
301522
867681
451136
668488
7019
383820
599075
306078
651257
516525
868597
967724
771079
957013
219549
340260
338850
437193
228893
95108
222626
23513
909976
324849
525028
718374
154010
889848
763985
443951
22011
978442
628733
973423
842071
18461
759549
645918
154211
387657
389809
295720
318623
826761
852463
105932
872767
664278
187929
625752
89233
75407
739149
470379
168635
413481
277408
340582
771775
831567
50547
722207
938044
653893
198022
223703
951984
486071
738395
948622
842574
811447
538458
714052
515851
144544
511497
361834
911650
606916
705229
536178
942347
78035
482828
622723
421115
492583
436984
265181
743367
33354
528766
537383
87080
752469
582065
408530
475745
990594
528810
958179
347181
729705
569145
168416
724571
795730
416007
822180
371039
193481
371845
28931
939612
991628
592243
485677
295590
101497
137084
31909
774592
331284
695802
990129
352725
367891
752473
66574
688512
831274
544160
988664
979028
266641
389647
66045
220615
117689
964131
668493
510959
101045
423920
978520
960006
285953
836480
567561
14154
83970
902538
129614
132
991254
74544
727980
101717
735377
198849
806437
157649
854132
347935
644454
102102
281081
665346
724918
195424
270467
782256
920686
781217
19605
267279
393561
690684
823888
540011
554980
143249
648619
329680
806491
788443
644704
531676
939781
265604
181554
735316
920623
736851
57809
637519
59694
10433
716609
692205
221522
76575
844216
94694
191970
312465
126280
812407
773393
712461
62686
962584
771784
915189
872844
957700
624709
229981
824004
195283
114841
678436
253618
556201
413588
622585
293462
378346
583128
693978
785688
211073
780451
562539
262480
634212
217273
846002
551833
433795
543590
570306
226972
735353
34952
139118
612654
459844
902326
579254
487022
637992
268937
158817
428507
509675
519218
695170
970257
259527
183579
656265
129647
954099
659899
807869
54207
253800
468441
370145
859548
744438
480909
965092
129823
92100
444448
742446
639644
311475
504111
903569
315372
968395
924183
272088
872425
963233
987098
229424
636547
692204
559573
408362
271083
426898
39062
547211
78781
788408
140490
72996
661651
734067
664502
792408
645929
863312
478227
756653
764861
853627
480864
588379
923464
543028
706947
155677
571678
806904
198303
189467
247354
620246
709809
97730
333353
226519
359583
255193
203104
933009
455021
566449
486456
406755
375265
868861
187511
68421
694863
838269
638396
806473
282261
720833
781502
498702
353969
232761
456555
924729
113547
68318
948299
32822
478495
105352
225484
410544
164989
291442
983769
43805
208923
826993
418588
461309
778077
621826
242372
982199
600677
312586
116091
406724
338747
163491
859831
843385
395521
419346
103283
935912
288618
357112
756082
796973
455366
692758
730664
202646
950920
307589
557671
674153
493811
327849
574610
63794
742036
455977
195729
595867
218394
278446
762955
776650
137328
93555
531585
891345
220612
268593
618062
847296
28275
816741
996369
165706
971258
662170
261914
669205
591356
136930
678799
148590
607075
117705
925022
225984
524407
368652
267142
666118
92169
503595
292756
232810
223940
108496
997067
893288
414488
76415
645724
161704
323328
623706
538020
906082
221465
518583
201673
637193
538049
175464
838161
386643
587168
990823
312735
22557
30573
908762
59365
777516
620328
648243
45140
774260
106239
605327
224998
231606
366998
217570
551895
208802
90888
207570
971220
10504
387172
717728
449300
301181
360366
311365
271707
459763
134476
77977
651112
778999
24785
343204
141631
165309
869697
958645
487739
760287
421033
568968
798162
262013
854528
162719
127596
397032
301753
552774
241726
905293
462562
366468
670412
88496
441767
915130
360728
87557
271699
678768
805898
26783
383846
97450
544937
28752
136506
151123
344824
883668
138649
555665
744368
273092
273380
951725
712978
100487
925966
63466
49003
64321
283463
566291
734453
656310
653716
672914
699615
811112
876057
376034
98861
206151
553231
149340
336602
199293
40659
157617
822622
365477
760589
809566
913616
283298
18832
962980
172511
277340
497066
301822
559187
239906
488626
73346
826134
594396
279062
982731
148740
64461
475508
859628
499599
94122
822995
326481
828966
170438
491176
190228
183765
248154
836420
865565
12453
631236
144577
526370
527117
199304
386419
280602
781230
908202
22858
803723
484051
987895
356896
666469
581994
765987
377170
773956
200612
176129
347165
372288
389634
138528
797007
327039
704513
312114
109664
662311
573370
199891
502547
801602
935680
780054
99409
942460
281285
48010
278860
801437
929303
737879
78529
929925
461249
298622
257613
843033
5708
41175
466221
139148
253700
543617
525385
7542
906669
314724
786734
503647
304743
167698
177762
34781
491639
654772
708347
600713
181260
591572
40623
981513
519604
392649
739777
15018
847695
550846
587128
499088
622166
938438
799711
923811
168315
140307
893134
664641
357469
783355
963656
127330
493309
826130
728930
870649
651716
518136
782176
597019
1317
298548
783951
679771
157426
194347
39325
384649
346428
634114
49252
916852
631877
665213
554006
155903
644929
263974
785858
658615
237423
551008
881213
24439
28953
961438
271941
186368
574453
300280
643270
908087
870762
715474
266501
229626
350167
447238
915656
167848
701499
45591
97293
323109
884376
513062
32888
470825
694917
366936
192813
34809
62598
115054
317086
240375
700789
787635
187799
327613
326192
234660
128320
564844
742105
979134
295933
957832
3240
320097
748613
276852
552168
170400
8862
968159
819375
435386
212630
253310
708561
643588
264045
73354
412065
593165
143510
85686
605468
835814
651803
459163
570887
848716
6566
216003
326700
117460
55141
776557
453921
368857
411722
304503
225263
133324
115427
30852
25980
86806
889657
547124
912946
739566
68031
314633
496377
776919
195635
33167
688690
32737
728155
613708
427823
980767
94960
780697
782832
174927
160345
621501
602602
733030
976115
699350
933672
839070
602980
351534
509234
364709
60117
999803
549799
563443
339336
593371
382874
836599
177874
780653
508843
423603
135078
985381
332318
270452
810642
358579
45807
261454
88368
354432
908074
908399
14348
46417
421280
925167
823584
833400
34702
492108
68789
729890
83783
406105
671630
454530
320564
227988
860949
317905
702409
874128
430426
441
468760
462269
839743
373913
978057
494139
915753
427569
188791
392539
378019
986310
480979
922380
602865
931077
966132
209110
519249
395748
31656
784622
354311
481121
970855
940968
18122
733204
145341
545563
43635
237408
152272
365560
804989
461490
365208
101922
318534
611322
907196
285007
118457
735429
950154
860207
268452
870524
284804
70173
139399
701756
164480
431127
634990
665436
703183
654610
532163
802723
851310
155206
794174
11018
510547
127931
359540
571942
28816
456181
940059
933855
926871
68274
848939
972650
213378
593546
398722
680535
816546
431025
388067
733494
530805
440861
928429
832473
586629
852831
336703
906037
39882
188045
918822
326983
742787
17403
473390
109249
825022
750663
834577
85576
267280
983886
882566
301263
994936
405872
632560
827123
763876
925491
960928
120131
124982
373114
996587
469201
511143
125046
919692
459710
699527
111293
82582
111247
681523
896914
567359
462851
901571
103621
917597
336144
858887
65276
949761
78975
100879
229571
106063
569880
512784
322771
373154
675447
899869
371255
851025
183315
315491
709146
320
769604
170205
67623
97628
406515
296442
340222
942185
360037
579493
691118
965641
154945
620185
430290
985351
62405
885342
533813
825267
834336
440382
942952
865446
809430
908081
992376
621321
547247
656681
45375
783457
589451
901154
435737
5109
45020
951139
784424
450998
342960
66039
119353
723248
229384
365236
285109
922754
962557
263792
874335
127631
52620
721445
852265
819724
924990
320757
758691
868088
513333
738710
88122
266488
910559
350908
693193
984326
27464
626717
711155
330464
577005
642874
344008
807807
635156
185050
375126
892080
511739
212824
886977
205868
904212
508976
426365
546467
311577
807160
535235
979035
287279
891233
851120
760099
851924
464707
484251
900616
482522
869146
602943
97269
737505
975338
323181
953684
340138
698998
641052
73545
59661
494814
58620
781103
818578
406489
904481
466165
134048
731764
343822
695811
22901
132226
537886
328335
274948
866828
196535
722931
208511
294364
282159
236189
921549
80742
472074
194585
635018
111006
462603
817127
338167
313803
787684
21345
759803
205625
661536
440359
362429
55169
650076
605583
118239
957202
78347
260523
114912
664640
529091
93046
942215
863622
241299
412307
258849
54139
699746
286280
353234
562694
301362
969729
910676
437375
310107
10346
173281
821448
925000
400099
851884
194161
352367
127418
552363
481700
861915
989275
551803
396501
360894
74381
432140
209738
915020
116126
123301
700854
331515
254205
553294
634719
338262
148564
751073
914102
574036
778376
357612
857173
328423
252727
155829
769983
752653
517565
122397
339636
657001
161718
885329
495345
487436
413002
992938
572340
801329
73624
639330
27656
249582
545921
851470
901602
729715
652577
861979
61878
889848
62973
919348
760142
92759
152241
210385
493871
329925
479896
405600
253337
798410
106605
640522
236814
358042
737819
572044
408055
877957
966087
360773
243509
556532
170032
899191
687516
745448
933282
311290
713122
782852
932499
49347
276530
338085
667129
227071
90770
631324
609107
186536
201108
775682
346761
913891
654973
923886
228821
303003
778708
31321
509013
974215
376039
601990
753947
115234
894976
858756
444724
713748
955440
977125
661274
213850
453783
819435
431696
925918
669691
974526
111990
450267
151437
415537
760973
932530
982470
113600
860196
128332
41288
183222
876435
173735
405231
893421
113470
739331
41197
385946
797222
565439
859970
436340
378616
310383
240203
467052
188971
287595
573813
562455
416617
232307
796698
686427
585652
226516
609185
527326
973015
960017
452
75205
932448
142535
87051
447671
921525
293417
279271
655866
584662
128435
548790
12322
170471
180407
12713
153597
481812
919741
324415
652041
337035
202950
633421
53296
506331
132811
955760
568448
11276
215697
398311
143350
676251
184723
760031
135473
56361
549894
547909
590594
139575
142509
796794
328355
988124
282021
154501
810752
878372
843098
532969
581348
169509
123278
489841
126738
498184
371061
215971
309181
250158
200418
152857
792720
121165
193380
24629
722952
335136
219305
388240
905703
872002
978724
795914
983078
58272
793714
31616
200356
788913
802553
818184
642279
404425
813826
227574
554602
161875
883751
355075
68291
958277
260135
11652
764017
154908
907381
565119
179372
887689
33610
84394
906757
150549
146191
681890
292558
278225
697062
275503
929687
793655
671101
964967
135378
409931
634559
714040
906702
766934
123310
709912
80652
926670
318124
157118
390969
287542
227562
305940
39483
180560
910305
467149
636328
943995
393589
754072
505348
708472
915393
344898
209467
206813
262777
179620
221781
711399
519137
495885
381491
912915
110587
57522
230592
726458
20971
897426
179750
341849
380317
942376
43484
849631
903330
463910
131738
227234
344433
901498
748729
847583
782648
600584
697262
500460
466426
503291
936830
402676
763654
809499
622041
199248
707269
368643
630936
713794
918309
259781
926927
135655
384079
699755
520121
783490
968272
181700
671841
682646
897609
15416
481809
64532
138202
113732
983162
874826
513109
320378
46768
420342
183457
597447
5569
467187
231066
811450
705546
562021
566131
128136
66322
913015
265049
176335
416621
968931
202811
761219
646436
823134
445553
847413
190065
677476
118940
803803
623959
923943
812194
563578
571980
511873
25723
243994
112531
718943
646804
291676
961003
920221
489595
764075
628869
145123
265745
208486
937959
319798
445138
341879
534844
895127
131835
78291
637707
234717
282668
926331
872953
977055
424362
535782
487025
422655
9002
853292
421151
280387
87088
66952
248319
253294
610144
616542
609655
715945
617421
572730
241571
427513
497377
930872
107067
184147
669772
410521
284815
238515
792881
592589
581922
875155
25134
213301
279204
151717
936747
335681
358474
403679
561579
132000
418489
550639
477100
238562
727762
438775
235501
167039
542848
323297
290814
5003
623834
849100
64630
745174
354338
75
290969
564166
355550
62295
53598
875004
962185
15898
693458
975930
138042
505454
2788
437951
55399
250350
653924
42012
364801
846704
833236
282544
465004
964206
28404
411656
622506
102018
126581
840554
986375
419389
68769
182636
447071
72152
753993
321813
780648
554966
252656
886386
560581
257560
334373
555926
23924
704152
554607
605647
63737
551692
512529
18788
702143
404356
796365
548771
742887
653656
189448
704936
995925
536952
298848
212877
716759
282138
898610
598752
62552
512510
651841
233473
445635
61564
560269
934331
240789
940745
450516
459386
356457
315353
189245
602540
831845
952718
775841
813579
286207
512752
640776
440736
257976
834173
708007
493668
249801
308490
300052
700714
146323
180170
414649
324704
837935
143349
840327
611405
179379
891282
956882
904271
723546
358712
812403
196923
636414
625661
172539
706153
388054
77987
939568
851276
547700
817924
707034
220400
45303
187723
937888
704046
675512
835845
8683
399024
559673
10631
791846
872958
183792
520771
735078
65586
698760
692156
174790
90263
405653
534381
705139
824215
391724
836630
314787
357771
771861
259920
737268
574878
273107
643687
636902
253980
673971
656459
211987
769991
823843
391641
953636
141055
393533
63265
888697
124673
814327
575919
715219
9831
395787
980594
582925
408339
527076
843959
523945
735378
484639
709787
696737
677376
962919
383415
335502
279967
223524
234396
702009
676560
12086
244379
32870
332568
147276
576661
862433
217906
976268
144742
172053
145863
414612
944025
54643
348908
738426
606741
186806
437191
797809
233579
899958
509238
422785
85311
360312
141886
144372
795077
363727
179883
324835
174409
977249
408212
831969
239474
70540
768467
600460
8072
999146
856415
160202
893367
10518
849479
738040
545447
409918
774145
179390
746423
918657
100348
782132
676722
792144
672151
82903
986272
501382
485738
829112
89923
548776
681139
256060
801214
147584
99612
860865
249966
8497
280615
416034
413206
487306
142100
907719
977083
196711
115392
938177
777364
43638
271814
824714
968808
521678
465819
462449
256830
8182
167413
99089
891154
159136
951256
294181
124618
455443
664252
937272
718845
949954
281809
248381
933557
591314
282452
862114
421402
101895
632378
195541
62691
278777
360083
742611
732544
738045
417635
470173
884608
576936
787550
951897
159051
956137
857484
713530
814751
999011
105047
635786
814098
62763
875703
319532
139838
126019
832327
124291
632996
401559
641666
143524
995225
746846
490554
15170
587749
969290
170814
428302
579811
468046
931845
24821
467270
225541
58460
379633
661592
534378
569313
240416
724206
781017
530649
187411
196286
854831
764871
617867
944306
530109
999809
865390
371584
869162
101589
126140
490753
911830
451597
510258
764376
558678
979235
41585
632537
599930
340571
286996
321695
183897
524743
813347
423113
389466
626293
160195
393248
50236
892208
649697
218279
629087
901271
509445
101600
489533
762024
582574
154658
902145
539362
713574
391993
178153
275756
268649
11270
238023
765145
543212
437520
756702
867989
524065
69650
527801
61697
694968
325140
241116
814482
910309
241132
76545
697854
268318
257295
96969
685143
292988
398380
77705
110939
893383
945861
913357
440154
873170
862334
604071
869997
423235
298023
626966
489404
824359
697394
340302
578816
900282
204054
175360
798637
197529
367729
637622
19719
806966
583045
446038
370939
52221
81759
671024
515402
199550
519451
347243
349694
221389
477815
448827
48920
679699
314596
31553
864241
220759
124810
659019
166710
964731
522386
221553
376395
449295
515752
499101
702866
296329
423617
560804
961548
334157
103322
783154
458297
416408
236389
843096
510144
839821
329810
675693
922476
311397
617201
666260
313711
425306
69394
752750
638539
21451
477705
630133
690335
729879
637419
797836
939394
542330
886299
376855
758095
358987
724292
345618
703871
928320
642953
857662
850267
566785
498677
858796
227153
184375
816037
87881
766353
744849
54414
609741
741330
180779
657006
788423
855241
1018
840897
44997
182717
935156
865380
57189
510463
180917
805188
874804
831592
812886
448531
117216
536402
956666
363229
727573
125507
438481
391038
11138
191470
471387
999344
712366
928408
273021
920041
662853
680580
575810
954504
749312
780873
811101
79355
772630
983999
294013
655330
346392
110491
857581
644467
417941
598935
474043
271794
886172
787584
185807
35940
671611
895900
254356
107351
78843
406211
163636
421742
79044
276960
614995
454460
996690
409665
162520
710758
217765
262873
530688
818490
135132
729423
958088
630515
485723
961582
622724
932244
101989
477981
674727
697300
851273
177885
203958
863864
858379
871151
192363
782188
782018
162103
937125
198003
883587
84044
405480
180678
395160
686819
595742
531088
904439
833617
598993
141222
103467
953740
206492
610965
349734
732780
211802
716196
312046
878675
740222
872055
174812
902653
952583
745924
457289
355027
905812
36252
73984
977913
963148
264596
790841
65714
275671
610008
983347
589760
844081
348443
870601
76037
563368
558325
755409
709983
667035
60172
455193
838010
148381
143426
435462
150897
700269
636360
368007
351990
686358
926670
458977
800919
933152
492522
198545
76383
194942
206558
980645
66461
501956
945196
760338
399523
332432
172631
260714
833361
61364
242155
566557
901508
479753
73803
786968
99439
752112
161840
127426
771113
239188
34988
933980
968690
536299
834293
889538
209084
704674
309108
154259
83444
745439
398892
64406
805142
898586
287178
101492
7906
62826
680975
757396
508315
163982
561130
342171
721486
233610
115022
471565
510179
561711
460256
327293
461611
152474
475266
385705
725175
240178
126515
795226
923839
577076
747618
271292
769781
704906
754739
898390
101401
269615
186101
261137
943703
142241
395296
218786
140851
327839
188192
298155
808496
28787
951276
91477
86969
568685
392827
201020
525384
282978
106536
333925
585365
20343
731732
137936
840426
567565
225868
276241
822374
902695
672115
946083
219006
296366
977612
401719
283617
673528
85087
442359
839987
582284
141630
116744
49059
587202
944959
465526
256787
280630
747552
657029
899284
960404
854607
233003
529012
971772
115584
205216
18413
305761
242283
51662
265669
182679
346520
398421
770748
229456
335458
928461
506529
489496
436785
362884
442769
753577
429686
702705
441493
67202
566852
29923
638507
235488
40028
794476
762165
254928
104155
853445
228994
630168
942570
221830
364707
106155
933255
42809
909114
27801
702491
738252
450787
150626
762763
558024
553267
896452
362079
911328
242638
94692
337721
731253
571478
348798
255285
413213
56889
456616
316960
597111
426701
61201
244630
226023
767264
591944
274469
844680
595082
463701
193418
699230
821458
380494
762306
508225
991567
369014
72971
314183
182516
916593
389263
909753
660996
861789
993295
945740
771603
94197
441103
906383
469562
806995
599465
214055
388222
61961
323406
65333
490954
284009
378653
319866
679457
358780
900013
460226
507386
557355
953179
874552
642025
722142
294772
290334
951351
76513
570184
879675
336435
916406
624379
89171
513166
451594
989745
154490
819339
842
28441
645751
274339
908693
824487
598921
23953
632293
733259
420813
377748
964434
445637
863642
457367
76114
764033
553707
512822
540145
851793
64094
674717
246623
765349
951393
502891
577644
345164
181784
927275
134656
360713
276684
337832
969598
610204
763326
953298
494236
294373
75169
484033
527964
838548
983658
241772
962717
517271
519509
670403
293801
429284
412786
879013
823825
269827
914727
720603
948052
150793
619384
177453
144313
561259
423751
457721
316530
469488
116474
313661
41558
176506
500449
827930
461144
3362
92491
109996
851881
960788
394182
2812
543618
491806
721967
665431
671804
589922
240855
390104
276777
372851
120344
713387
551809
582270
274319
368655
811606
586578
344138
878099
888146
655745
116305
605742
287083
741720
69313
109414
630160
966246
628027
925428
936092
379887
779527
86058
205283
729138
380657
426518
195709
642327
232124
829291
496847
927750
738897
635026
49636
696823
730997
577688
272152
174308
516088
695800
201590
479925
584504
682511
595455
757034
421900
675787
525212
707567
160897
80275
313325
140574
518947
508858
348059
207826
507323
363433
368312
372803
886670
740497
936756
262111
394685
557243
86989
996928
474354
396994
736788
243394
588061
466193
266729
174861
314666
29670
258222
369070
102255
733113
798625
436303
874817
715480
84388
37421
482412
447878
378600
352435
365407
258224
171533
599561
951184
921268
299229
800977
287562
635281
571819
527548
195178
387515
219993
383471
948248
738129
442551
295849
561717
251320
301127
187921
428087
583647
460469
966811
873457
446503
35639
771122
600579
327213
600730
78036
439535
90193
519576
737927
322882
414421
119921
643616
667879
143640
393475
605920
883598
858530
167
997521
456244
415149
621576
72210
402422
16265
31578
456391
932359
888812
403842
702264
622910
665992
771288
685582
905812
111922
56341
141103
922825
863798
223779
875207
383892
200854
961533
380811
800954
313715
163226
447736
614479
437155
190369
260890
609404
383469
779540
942208
223206
341177
382144
444664
850622
992844
46187
241688
864974
369650
502654
522224
319697
364799
346952
169679
926949
509696
353776
438260
376528
865586
545243
270904
441932
181413
306462
681305
661340
738377
594692
398968
437748
439355
174869
164564
414563
65574
794921
795584
430511
439372
939795
886141
635153
832968
181261
853985
674055
880690
223520
436875
712080
188020
630514
398454
851916
903230
341809
466072
55036
94248
400258
615035
550935
965766
594314
34710
888382
791276
436055
131201
231554
620731
943286
163434
280598
819750
757983
195945
651284
52569
608420
412672
489928
248143
199000
653326
179072
975161
605590
621272
224200
460527
502599
778340
524972
373787
273197
689664
491967
812806
705176
517401
333413
315540
36222
132391
86213
879975
382199
776242
818185
372814
653907
351193
289925
553997
622716
971479
629871
389998
64012
290689
313806
367461
317715
108156
311109
457741
708221
152683
526091
650983
748070
528740
372611
787788
894350
662062
159453
149084
120418
391067
448602
493441
576003
938546
729839
264898
241772
740870
1759
255627
842405
979141
577217
834240
922288
880150
945298
617015
129506
48998
612318
202576
749762
490267
304921
780708
480319
241116
383870
586256
952190
974726
575107
828815
461035
381737
391848
289076
755450
538374
682493
392797
591782
842376
439921
984998
98142
962938
568320
145318
829940
290713
60317
757304
797110
635549
819121
238030
105832
341098
508840
588756
530066
177049
509527
522852
81552
31604
247544
158537
322241
913837
729916
299791
990247
769833
26045
717155
38342
249421
627487
575234
34857
538051
975398
315168
467490
942291
798743
470887
581615
496956
500780
183229
896162
875419
121376
60479
553106
962662
374986
655637
928529
500168
315487
340171
372873
913388
274972
621628
42139
634603
37571
36926
999723
462931
53620
672667
438248
657813
32462
673576
323444
321168
315748
450007
669314
741454
983254
490535
772964
54508
478686
332366
791120
932527
698092
907228
341876
838201
32122
353726
665003
511396
806229
659648
103784
327212
243
957395
161293
787138
557598
684826
507268
68473
316867
93453
510580
463448
88984
732310
195323
229672
57528
153574
472028
827405
279916
428625
864095
659095
906394
21415
191768
103582
66744
393110
905180
727031
526875
237556
246208
812156
665467
943479
815590
731351
410535
388752
263182
506992
353853
59285
826895
422542
503964
339817
658693
567031
81188
746235
668733
812682
363898
493503
552080
567068
305448
443679
436103
595583
17680
371813
929994
40020
745405
182667
978926
539943
46430
590857
947334
9620
746751
309397
38500
692746
96416
181580
158740
158643
790208
484806
315462
111926
615233
728720
437183
695640
378489
444447
629380
424645
702375
973893
49899
865556
402186
423010
866198
321701
82676
335462
642037
987058
586554
361730
757238
410787
398063
706732
351737
704685
719953
668791
511875
353051
210965
762696
955173
455593
217747
600847
891397
742470
959907
29116
433614
26593
125300
99775
680883
389060
189542
515148
997055
571602
609258
643595
672786
63207
387142
97605
760963
466247
126519
123990
105868
516892
709834
912930
319398
382156
798504
115435
713089
520486
59808
599081
938033
679256
584149
130509
485941
108717
785779
832222
565174
278151
551219
470549
9143
992974
43823
427941
375822
731553
434836
873346
553697
575599
301551
347543
697019
525138
519122
519578
188474
909651
981293
795698
686920
800400
495362
238465
803181
730557
803497
662960
273623
730446
604603
347023
742579
305809
413836
503179
550673
94897
581907
662331
699874
886603
472609
117817
644097
707418
935940
438569
223359
581917
729728
860985
625360
42899
618085
38184
417075
162356
298657
667754
125463
488154
106228
155715
444254
242777
645133
484411
305167
640441
183715
765723
656153
751161
715215
270916
898488
144228
257173
255971
267271
440717
556700
231172
188977
172906
637919
492557
785666
773279
433631
75227
489225
350484
410252
931728
686503
348966
403876
572807
132705
126618
412317
406392
386427
690243
604921
721698
711626
975583
487971
805574
19821
195256
918086
749070
68098
118033
458639
710351
179637
333598
58780
373788
873241
532383
315787
634259
197602
963742
370518
279599
6124
697918
55096
530001
366932
329270
104801
317377
575083
911177
169500
380912
736030
132527
644628
401624
468561
241655
816277
491083
392190
132521
280935
936847
470626
860927
940616
8652
136773
745584
436151
306742
840897
528841
348876
16908
506556
830271
883992
481039
965613
578138
307443
123328
678099
550035
467202
359998
586335
481185
516740
647874
154727
775907
708259
570488
604667
687240
249925
478806
964686
664527
189301
875883
532060
295485
870577
1059
748342
65927
766956
454351
330280
817315
407443
149037
219614
959965
786378
328125
440782
425446
900810
364013
417302
348202
499097
377924
476084
482779
594163
683894
766963
836396
828152
505170
399445
680501
376216
888662
694773
72767
641408
185950
135399
56569
377377
953697
771404
238950
178944
543075
512375
599740
366216
459537
777467
23035
740250
274758
527921
331088
541718
702572
354446
38332
448793
954099
67412
539838
447103
135180
329853
23109
445404
702409
380337
644415
140623
111213
765616
14176
422084
792967
48507
239737
320746
556129
751226
504899
227440
769217
216142
334990
662899
732779
464023
950444
519543
366779
125029
25185
209605
306825
298067
467638
881005
821212
539731
908580
676859
813487
397394
428771
832690
365938
118075
975387
592422
311643
763803
618723
889438
254034
888481
734859
468314
78664
380427
827514
116755
381830
847081
350620
484175
396785
769760
920391
500404
461178
524757
783216
734653
357487
316748
705965
491869
120567
397031
296677
191850
285238
258189
427386
165013
88145
440687
156466
210235
394809
570125
849173
470887
228481
549663
206484
885303
165587
734711
823555
940273
381967
173810
315701
88646
14970
575660
337344
66852
660959
90990
528585
682979
25932
236931
294602
66907
41317
392158
661522
351681
282459
923277
978919
654954
84450
583400
166857
3474
744324
732613
549363
239752
425590
803038
817761
752108
421679
730529
937264
282226
430565
36817
520940
281586
172421
265089
27516
801296
172744
201177
404898
619954
155826
972698
228528
18773
290396
89246
881564
615144
371069
284463
170390
828490
277734
386432
540814
654345
109831
682788
815223
218191
319643
337216
894001
515208
459812
153896
475355
715333
797706
279178
184310
208642
753434
167588
192153
739470
723262
514120
890432
233853
835044
728979
71383
560304
445233
722290
943156
620974
259316
101883
453268
760610
405558
402977
308383
94175
633102
358467
869265
361491
272537
706588
715253
582456
557347
534401
93586
551792
239794
855594
375290
61011
122599
98855
699692
875526
367268
956822
749762
919969
860735
298314
120109
735656
130420
529448
224299
666415
764077
756395
16966
79467
67337
414650
22154
635507
452700
969389
740475
690452
604084
143168
17352
913207
499979
669264
371532
726987
277661
957611
319192
94974
636732
759693
639498
4477
365206
156169
924920
984814
950821
188283
308332
654154
413423
590145
531234
438934
123882
531476
576795
442480
475876
624667
283003
225008
714876
619412
735598
380930
112707
368363
822148
313628
123440
864375
659719
399291
154593
714003
787466
666524
224312
804582
201843
98148
394928
487793
516214
479866
570700
112672
315820
314428
984229
262472
691053
900197
266734
191138
851796
976986
76289
217508
758506
996746
75042
69084
453005
210068
78614
428713
967990
999387
288668
632650
659858
281981
94107
301294
284704
56706
806679
148386
360413
838692
16138
719908
54613
799648
360117
825542
893876
998942
831118
285537
358416
873641
86455
810334
783714
735351
751690
986247
410662
498137
590190
75246
697022
67344
369668
692197
780059
845856
740482
716260
270190
487831
539165
960415
639318
405252
634837
503655
927676
300092
275496
711236
172577
888253
98530
129164
860472
783414
454266
273255
877971
678666
231755
441350
234843
253488
668689
820366
785426
181067
87788
82917
381676
849608
185355
742861
776068
932929
252236
347216
81650
989199
787284
35353
729701
426335
975394
578001
259015
718039
874341
233497
511587
262707
588563
737032
927676
670501
221250
491734
682440
225498
711240
598450
529755
961243
641687
75675
886435
579280
437803
806355
187597
241021
644217
991725
401373
3052
163741
121639
548412
57913
616075
327292
695967
315928
942880
29319
783231
239964
568044
723030
320002
710960
484992
504578
52397
285068
796442
930730
782251
463296
80007
477865
950313
640642
563142
999062
206076
669233
617040
124822
471130
84391
941052
751226
508874
731241
517429
504578
544523
348661
138512
424450
197935
874702
558375
160972
176028
400375
60484
170036
880628
45628
373491
570149
742699
818056
706132
176598
480523
326735
682835
781635
116168
851334
18456
262453
363095
300236
819245
498219
916405
219608
64396
398929
820549
58385
132424
236662
950182
328900
288034
464534
450048
907686
204424
113757
215958
339222
85868
686346
918166
338842
469571
673257
450770
644025
778393
380619
77936
102307
545014
495319
800590
796382
991066
369625
472781
368828
623157
68503
8446
607622
588086
390360
521481
868808
736240
503576
142200
179083
123307
990540
359688
439841
792414
797247
373919
378671
244083
111753
95868
666883
251847
827703
197711
870388
966643
233056
828809
150870
45780
485306
666024
640566
158765
470032
765120
33180
151107
713683
792350
552075
827073
460185
968919
618425
718850
759397
497189
576159
563512
52437
516291
230931
398627
930632
613053
390696
594595
711684
726366
491330
600326
818779
715558
506965
467005
595413
662405
910192
979002
247419
296542
446007
805990
984844
554369
789028
713130
659388
581398
281070
451141
318510
269379
242771
727589
463188
403593
98105
987079
847358
979436
819100
602443
121843
194158
832570
872177
644140
545484
969444
423222
318680
688619
960579
63069
461806
876395
399191
37451
849906
988725
631260
722648
404202
300867
252570
435402
8333
275346
325933
320809
863467
134072
227686
35250
349076
980207
449448
306269
919651
901933
469478
661210
459008
854731
754881
586914
299999
831037
622869
181401
298043
825829
482031
322488
237818
175736
71967
119214
609525
346150
557118
574297
682230
77971
321739
965841
43983
190153
975666
671371
704238
189492
390477
693770
365422
809379
552207
781159
58299
904118
760770
834499
828092
484718
520186
903195
717944
53229
907978
310738
351857
96226
318632
590471
741406
974030
335164
347641
613960
70366
871424
253921
278249
790172
273573
70287
543976
24694
515079
93124
775520
378725
110655
745616
45773
662278
974092
869290
62729
300591
394418
994292
552085
206487
869088
738254
236426
68150
931071
444855
617942
444703
342805
727091
286104
133121
85649
719910
110426
183323
690021
669134
538577
788424
15135
332648
904488
472468
995438
583420
67669
974152
971443
769846
534296
709269
765641
931743
913047
819678
454178
252776
760402
652482
913395
226367
385228
665790
775926
192447
503188
206978
739975
644830
69073
880991
208559
869053
934426
233057
929443
451071
573801
924591
636053
429168
615260
355071
786759
387936
873727
121107
995521
792211
2044
747465
128639
128778
85236
44765
29163
782522
560973
301047
330214
880820
956684
857736
981419
990233
992501
271484
827087
150365
789056
642325
319124
246700
419510
287691
46817
305018
710273
859243
476742
560852
490815
942117
775941
23494
584417
724468
723726
998036
732685
452224
761903
720169
206449
381303
613554
898748
244394
862406
31383
612960
934490
881702
303704
423566
910605
687752
503323
780740
955342
248237
920612
108666
83720
401107
941191
802571
554215
120862
116381
978643
475545
806676
359088
5543
501601
488437
815687
827316
394232
779126
659278
894922
157821
670771
755159
560809
414068
6561
497572
249652
75345
572032
711544
199453
95059
974086
427763
378697
684148
573410
81359
113900
839218
138523
654121
265532
548334
974865
520996
452791
310641
84402
54054
811385
460899
652406
141466
776586
707508
740129
192041
321989
711711
148449
669818
991088
641583
712048
592527
58058
321861
923778
590694
6111
990915
104232
103467
970973
607579
586570
476967
461116
123907
641033
87646
279376
966652
908176
723903
571323
940799
97324
168094
252615
150288
947168
200102
417970
31932
343641
351372
924464
855172
421583
464362
432166
271719
491636
969190
682653
287312
793157
147613
690520
540176
241276
265197
576169
667617
299786
892847
955265
737499
413650
810883
823242
287105
528242
777921
304960
297213
638961
783155
912958
85907
46937
694688
936000
216446
961751
168051
267978
772325
396739
47000
616515
67890
574149
935555
83852
704871
802858
129044
287730
959474
408549
481645
387737
285829
297551
139429
717083
95296
186437
394843
521549
918835
446592
288874
634662
693210
459296
851923
856827
521313
151520
880204
951913
490233
702199
637337
468488
916166
840000
270970
791536
318232
855793
303620
982473
524818
888528
56054
601593
685591
103276
518724
369525
68216
170420
109487
241812
504015
461350
341674
298321
77871
110133
111665
400709
789101
577180
41728
379127
229350
297977
186084
587557
50109
312731
867899
72336
265716
444024
158646
698861
88681
950279
89600
143256
44134
923886
241511
318936
90459
81058
143286
606947
550329
778357
767841
929563
968991
919762
806181
724881
333593
521252
573611
50730
23381
578991
516853
685792
955947
737650
508349
666842
146691
714653
522017
193581
801339
661224
159024
977160
233663
134698
42476
117209
888125
562954
792213
623802
871074
694924
961054
749735
667185
287437
215505
574951
32531
7692
348523
36765
871964
194904
605726
69680
380665
585680
921059
747502
759698
478816
931203
933771
422251
545580
990469
755589
762172
252544
111599
159403
872298
332198
197958
354193
637714
26108
702249
41729
917454
320165
824651
310405
247787
389710
486298
787778
651412
79448
58174
391112
16303
219867
657019
602881
255637
556259
818178
31696
469685
763988
858973
644456
270464
951734
876764
839147
51797
280055
244843
23768
741314
322498
475346
88080
37357
221872
372290
479507
12295
871233
168350
814165
789219
816810
521062
338984
297620
291525
45647
370334
109171
594133
250483
443227
269803
544441
107662
126008
53530
782729
155261
259991
974689
640584
719886
388421
390751
439582
626030
17494
327743
104033
226669
15268
76928
491709
869739
86895
593974
997426
528702
590698
789243
474046
799508
80562
101507
214171
927728
69322
57095
833578
381872
49327
552173
539299
969705
776647
743067
199637
112605
134078
425396
571606
519274
222182
436117
819719
652515
340665
245597
662835
593280
147615
112682
685231
977674
891302
211503
758145
28839
297480
389347
18272
716632
571218
832306
111832
929072
279189
751212
719848
452797
51183
770101
512995
626556
252671
275386
20574
451673
626676
235239
513407
432207
833363
717113
534510
723210
803258
367209
676348
811152
740494
272962
59509
696557
96847
207665
309841
639432
674756
630668
730014
948134
969842
152225
460514
538149
416576
371067
453864
690602
485446
225308
654508
654845
451226
725293
83436
366412
487434
515492
926380
353669
82775
34335
396594
510039
467941
802099
68567
130276
545005
488871
932045
968307
770400
23172
97562
582879
431
972054
369722
148626
70756
738634
137794
465017
982186
57047
200156
362104
668973
59771
386205
117974
390665
503885
154303
674673
810209
398344
17795
45239
653750
763572
44594
811946
486311
982792
542460
398532
636325
301687
281298
720711
152748
275719
340616
85791
801763
593119
473899
712107
370310
183274
190137
955442
925289
549686
638120
474388
658721
828401
813406
439026
209749
559399
918428
21113
319006
156045
751715
811023
874209
93580
876368
679551
573718
989534
639377
102738
978195
159859
728028
649172
590471
986459
741363
682087
494007
164491
291120
673322
49348
415167
334594
731447
653197
684412
276024
86280
344197
56262
348408
460272
87117
858416
300324
28651
96448
209418
81119
383032
508077
577402
393155
987975
527144
79976
769625
731520
528211
569051
23884
804091
723792
96024
905872
962331
910904
30349
27192
674780
121477
32269
546823
485077
562710
579169
211860
178461
905954
779031
421401
775953
20466
103780
195479
208766
102631
2537
690406
740837
712978
310410
717089
121269
796982
183842
400050
204511
155011
612103
809935
289936
594741
499287
665980
367513
596408
149207
937777
660728
365249
487474
443680
116533
538835
43617
367372
381337
223948
357072
261589
209577
978628
121603
660039
111828
796440
647731
741714
352879
488178
361176
518306
544268
651519
987
565503
559817
752515
787893
145472
569622
519808
541836
913275
471011
340752
868622
679215
874119
385376
952954
970923
691028
17373
599259
262177
299079
679264
481838
719136
82631
216341
198244
406063
128516
316493
768557
75110
350615
811262
499702
544902
246706
636089
881283
765096
134518
94123
650972
917354
50090
346006
755836
881048
862845
217631
36564
197127
493548
878280
485079
289846
576338
748333
310010
33896
740128
9950
729621
312083
460043
809564
827378
300663
690258
342686
422219
772398
237568
418229
215113
920692
891531
563092
323211
433033
478393
694748
95420
636111
793189
42926
56788
815318
396226
608373
189337
852903
184719
827335
683550
399472
578785
861027
796662
954800
142389
488601
454447
367781
535448
701290
704484
557135
94201
437444
10779
859709
773061
976558
127926
25180
554129
214701
962974
55327
835640
962321
769413
684258
244341
48825
195728
449856
288928
102342
91676
355145
806010
694549
722214
874081
643843
517619
629422
474476
429746
596810
743258
591653
811213
21814
612733
972989
524502
102749
741133
239991
678339
63477
167469
763136
722276
878420
675812
962500
840397
33592
296154
523284
841414
98029
969524
195155
999559
52292
732213
550702
228888
310574
4580
609512
973517
142682
163928
370316
266673
8013
830667
793108
327829
643160
315156
839714
11814
572829
457124
215674
113496
487398
903798
328098
85387
805870
410493
153199
203314
453556
109940
932513
385921
694564
785384
48180
152523
464796
414004
307539
194082
966513
967652
776894
483284
356226
725458
517044
548487
693556
443489
351397
794795
771466
720786
66308
123600
234588
769208
992825
704393
46577
962070
350246
327416
313397
233015
149898
439114
298078
852515
67377
760014
154756
516441
77625
346345
305091
677095
128722
471017
729584
7704
267356
277420
254165
939991
39932
142858
250145
638741
715191
604145
533244
271530
560016
838967
117265
652992
909107
383648
438536
487591
210734
756256
896316
619393
314764
897284
359547
269763
111958
978558
568506
299660
7928
616978
773276
480942
213810
204366
757790
991811
751813
305421
50488
191240
650775
480659
933883
638437
63943
545522
384481
935766
856509
710268
879468
234216
113519
648497
551251
20727
744931
760724
3725
928422
60784
210947
646948
748998
946483
117246
100196
927055
214418
828126
406559
506044
887498
959
454970
678456
456466
690157
947915
713228
238934
22709
918622
372916
407501
105567
721260
264508
189183
601439
322832
77302
839247
890516
682826
444367
25077
673911
368320
619376
878428
914925
967083
44331
73960
340850
515285
869044
250082
467755
636880
415910
229429
439685
452813
772109
982160
206072
729456
54387
775434
629196
509162
673048
473078
390709
324041
119807
62324
948982
306139
659998
812340
639453
933223
802163
70171
883759
722440
322001
632558
501469
752737
616549
595598
181215
38960
648709
737177
394831
593867
292616
910595
849009
31957
759580
118721
550279
504246
211019
468847
582020
507917
63424
50388
597383
106976
474743
413001
51527
112253
997646
960011
435070
472146
567354
941896
15621
384500
785737
225166
323972
365112
934215
873821
813942
204971
726504
153630
124031
446544
441921
726441
622683
11517
496412
165691
212398
838175
352891
84401
45760
815565
141989
794627
692503
376800
225362
683312
728515
762785
782155
797475
193663
735159
252065
504918
922329
479928
931444
708120
545820
927646
185270
336177
666069
264433
491669
257720
718233
12515
898267
137874
800237
832157
775264
426417
98884
723617
699872
528758
208887
334796
282226
6391
618913
909949
604054
617006
81055
348572
809000
255006
583223
69605
338349
9171
666055
111101
834676
797515
345080
915764
654803
503354
705071
777508
677287
650168
214028
87282
347044
861080
349251
333782
81187
794045
897819
457746
818858
53013
895166
291458
532585
748042
785166
974499
75560
52023
601925
624393
484722
368230
605033
816755
89820
960192
26361
462731
330110
896401
642258
920116
999277
933028
227574
207568
372025
793687
325475
471453
458829
893863
585364
447678
961469
706188
489002
72102
692641
511762
818302
97532
153718
515677
463141
286924
677515
738186
645465
654630
331653
424035
167291
527511
195361
752770
79192
173907
866248
965294
170655
642123
437830
443019
373877
694623
3840
3266
830817
664150
577549
614045
103129
487269
240256
586875
263710
16303
378659
833023
937059
950008
187476
82384
542545
24949
241234
307213
759842
959360
519710
523549
636877
322076
918283
710925
569184
773873
476693
607210
638910
676376
560544
459449
19608
982486
27794
598667
193062
388909
940484
302445
80798
359017
595183
850011
268218
350151
678729
656632
217583
209194
463424
100817
247918
382400
631586
758456
270809
441021
898744
944431
431263
436243
126476
820327
12262
571347
398282
459216
750923
721957
486084
664284
800825
738785
369042
201490
366542
281459
992542
489345
823054
345376
327981
653865
773502
940732
282176
312025
395070
753229
511260
877147
954891
707285
690524
913352
255165
300321
311138
33395
674771
180433
344886
705378
384344
181852
700140
809694
105761
212485
90344
916481
420946
561117
298342
546544
622510
467713
612454
623786
595912
938467
881906
480732
495986
208482
891623
120047
346264
966519
803197
968737
938079
248211
321303
941114
437527
726976
616201
445279
437565
69143
398121
831066
366652
403734
853844
42491
439005
169787
852037
679897
748413
117664
649104
662100
815079
789725
296072
470577
614593
441639
657024
122151
245613
568305
178631
99628
710448
123280
822634
2283
324515
372565
351236
869019
872984
724597
411797
948883
602181
428444
112688
524351
264137
18095
219816
450122
487587
22479
691808
304003
144549
364975
134548
158069
994467
340881
327993
688167
776552
266300
766356
521607
202569
676480
769059
857496
86836
221582
161571
280730
118204
676875
623777
69041
303807
143031
294793
106319
485515
816919
46970
856875
58897
143303
887952
981949
480199
370871
367432
180755
86812
242609
86142
551258
398997
792534
375255
534270
388986
534087
598486
758195
400464
809530
603510
105255
537134
897060
347528
612975
267919
309338
47297
604543
949493
319510
131492
307303
453666
126993
672882
771174
398229
588815
527866
402732
140504
903353
501828
529609
456850
967116
330646
691333
575103
263039
731080
871044
61450
789958
69297
826437
184854
463663
941557
332101
449167
759034
313292
434031
405541
791570
272848
202849
493507
17322
674691
183383
160669
407899
793277
650022
712506
989268
287008
804479
412025
877233
716410
81076
499000
140885
996367
485570
466240
716466
393318
766899
66855
697462
345997
246028
130391
221542
254905
226228
667939
604155
498650
691062
869322
625999
59581
196539
295
837769
25964
199630
482339
556101
362416
319150
570799
487002
149572
241293
312338
888360
830580
903414
668670
891428
347191
118722
490676
187795
563185
319678
377417
418528
404971
501788
260206
395496
486385
78105
393949
279395
885515
353252
911112
135760
527624
859105
647153
53294
25495
898924
556328
451849
403374
128393
441433
836082
598857
227240
742574
397896
84638
927668
989185
352255
298066
540417
159633
130427
63851
406111
453108
38174
100744
415449
975294
739037
179110
484787
798818
514382
435643
898683
255091
201927
891774
77030
113152
216118
573000
70610
900579
680561
942801
474438
380016
286431
957734
514561
939386
945142
786543
613599
600854
471313
210052
567231
938412
55158
178059
584193
310505
784587
350887
644962
926378
968735
215477
35564
593676
492595
463419
961508
679324
518481
715006
77752
338485
142906
85777
420657
801316
940401
985596
454413
292260
778761
752776
760731
876492
853861
78090
32098
170436
92196
363271
941704
996534
745051
646657
100182
340983
474234
51126
267763
690470
613826
23524
66622
903649
732841
514572
387112
888629
575086
505212
541093
142069
717660
613326
441866
624268
82182
972902
168273
394832
531220
200931
850290
347738
130585
101064
930267
768926
967560
395560
508076
517907
281746
755485
488840
378838
340634
913641
594364
659956
513779
124669
576472
15062
373630
42610
761736
436858
343494
398091
434268
382504
727167
42639
993520
85246
14307
578705
802776
898955
893054
339207
398257
801526
681795
857769
4228
981190
697420
622565
182180
253245
869124
737262
668255
733419
50469
270502
337807
428942
33152
366374
204130
874984
616740
893585
895173
395101
257047
676082
895171
181049
94286
375875
80016
724742
788258
445301
86367
60046
198047
415899
420561
134531
950100
271349
874964
122583
751542
505452
593816
281343
431638
507759
937677
553231
720430
970862
544511
326090
698720
81479
162765
785539
552025
749975
761362
45215
252178
259975
702631
691988
506837
5713
277296
464691
46238
306652
302627
327470
391582
213261
775190
380182
27832
961903
151342
801058
961138
965716
221842
333520
652712
617394
182381
632181
272306
336716
881129
235197
902108
187111
604698
24645
151318
684545
231164
763020
225297
997445
279946
765087
121658
833194
478390
50208
296599
782950
678303
761823
322313
170862
57663
939479
676876
682922
292783
232066
181300
44121
688629
147767
594619
269760
618136
731660
180043
771025
538708
696521
230888
476454
361175
778294
519828
614536
924864
888488
69535
105239
277638
914491
766197
497440
542751
963569
683274
976409
42255
11220
285239
829893
859836
903481
132999
428320
589420
219442
521870
929610
104412
155878
91668
892703
30567
184577
951383
261533
321389
649271
655287
206491
406887
940254
459504
758468
473304
206628
922234
184088
824930
330642
604604
867078
973725
520989
71280
747943
661523
819694
488599
738960
506525
813940
438405
693302
681718
841051
101033
550942
192552
907489
772354
202505
256616
365160
331342
508030
126503
550359
154838
30328
578234
121829
591740
324409
143364
199685
279883
287939
375240
650543
21767
713246
918273
935701
557391
461757
265261
270621
1571
134388
178352
734770
703031
624719
75440
19392
141127
317921
786634
5516
584414
435636
871535
959949
309578
544392
258829
749555
918345
514420
695639
74425
143448
917445
274850
5203
816867
597183
209978
967967
143717
251785
202766
492659
247782
771036
19990
54735
865335
20767
833287
672065
286537
715354
7935
215029
370777
757544
488021
421028
762894
995722
242108
987256
454167
560432
666513
911100
131538
426890
821712
558364
772409
263255
778436
377948
669975
320064
824089
225073
109455
69297
168029
939718
455810
26689
723298
988748
917796
222618
178656
381051
723108
353948
716148
63236
604344
845875
555800
47323
340494
715290
198407
100390
408832
294360
13175
703218
443554
936536
687090
489420
305
11820
371292
302326
784984
823504
893248
369316
734450
280953
546021
863928
899160
662663
410073
27951
218456
971076
375138
154977
313056
228012
411651
127962
418193
39186
633230
943971
687714
469811
478331
853119
777238
331010
32191
581849
941781
406278
504476
240670
764544
439035
420356
240473
744289
450620
945111
709652
547147
360712
479967
45271
998465
95692
743868
919381
117949
459476
392292
835082
924481
510425
13731
151799
592651
104391
203918
909653
634692
823827
816997
533620
337531
895994
838013
439641
410373
995401
501931
795096
79492
601803
209502
304189
706546
162916
406000
593487
756129
196078
798214
810094
8478
29972
587232
190993
269519
901663
994508
288675
213519
508345
80386
690777
300259
689418
655649
172197
587007
989316
615432
578748
356128
411364
39530
789542
573612
386527
578584
433953
898570
602899
336300
878323
932505
20777
679314
712339
883209
601630
361660
937773
835046
711862
317276
967166
565846
475117
538477
382227
424076
575127
352396
953753
152331
464517
201697
553367
74698
330501
762686
849735
455563
560877
668706
196060
22244
569021
721183
214563
441026
143689
724649
874141
720483
561881
49428
878090
89851
746994
358620
575072
583316
773174
516179
235905
584304
114962
558503
97278
150953
952773
727388
963218
273863
680310
740660
902378
32146
252014
8268
281901
433927
884590
805311
895985
575719
322487
553953
704279
359325
763978
980265
980391
701514
697571
802620
633670
663626
638518
872912
828662
764413
387814
315283
789324
774146
883690
378127
690602
64474
809329
78567
714990
307232
905510
657283
495839
649935
441487
234348
872930
558397
718817
534710
103754
618831
489905
270756
801495
659516
332675
731995
476669
18062
781656
994235
81996
71884
254679
7687
872991
645556
493361
37734
59282
915749
233495
465602
524968
372454
362624
130128
549502
89416
241552
477328
792842
186849
897589
84111
256758
70863
933903
683786
204041
525243
73621
826226
631993
381920
644834
8662
419602
303353
775242
108712
495437
370519
810486
904264
609390
154917
773438
288871
268125
766900
96732
602173
985707
454535
325719
178269
324170
115652
339927
308515
893120
66686
800064
28314
472107
944205
484856
253173
615324
354039
972524
360825
375574
658728
585235
926732
877078
325736
223172
272913
584556
850205
240106
883572
337117
37180
64673
111650
886204
447646
582324
466101
209039
11962
153102
744817
386049
245224
608960
288542
404557
402403
791236
903053
167922
843568
920990
783463
160628
561629
847371
144256
348854
65782
118304
299729
342551
366105
563072
768006
467638
550273
934320
423335
310398
764187
700052
630920
750381
720284
631213
153498
591082
792617
277351
807502
273863
567945
838380
853431
870495
976596
659334
142658
639734
611198
648563
225809
655137
914226
649229
180027
472235
156598
83037
287247
862694
111145
306461
261441
584648
700298
522130
157445
259722
166356
95560
641862
510039
642346
940942
53786
980508
667067
433406
287436
837030
146407
788198
142558
355933
16944
301203
890569
656904
885217
856813
391045
349771
808603
886624
860486
179629
984545
92385
196720
879647
327477
737832
750568
521493
212066
207314
49363
533870
388159
550390
46136
604333
473907
553573
791148
28163
945939
60459
46776
491311
595436
328401
6556
920344
718036
935510
781332
816844
991173
454503
820220
741588
246789
147859
742379
434977
520329
309231
582736
264714
506785
574
148841
768467
287761
8016
71985
675350
187651
530430
555975
212398
48711
473917
545155
211249
447752
47291
517640
307902
327291
4457
924323
484509
750458
136471
316925
537444
128813
863348
662190
908199
631056
564337
567666
795812
470837
177777
243589
213644
484492
270986
53671
937979
657881
129280
971240
233921
407434
778499
135662
640370
797757
530411
785083
432227
960789
41677
735881
215409
404370
599963
495685
662333
819946
7900
942391
158117
185679
631539
861038
351820
594212
643584
323346
315523
91842
203176
836089
613793
433516
242019
828284
498554
393122
790706
953091
518843
373606
655063
977911
48627
702360
583142
496291
890919
875378
889744
530830
710569
121333
154227
633715
775435
443785
69297
359373
612824
944465
623117
148233
93167
765899
407092
646635
559466
766603
223757
173795
75070
183154
125027
398629
457484
658564
2559
992912
785578
368415
171084
471770
48158
196757
970320
661671
179323
312326
718646
796089
834293
821516
326054
588117
127281
254182
795399
507862
300087
615348
10739
504069
115065
273446
935444
666703
497044
459077
917458
722416
601775
383953
8214
612914
750258
139617
513008
872662
256518
310973
620198
517462
173860
615338
732060
46113
67143
746052
606972
587367
619730
541445
668387
887187
768716
490825
307879
610311
900241
262731
435146
638123
87308
13638
868302
693897
467155
315562
917179
578047
477967
386337
751612
511175
249817
725478
598016
422988
245778
400598
849634
50671
829465
188445
623652
210759
457664
888099
786693
279438
350878
306559
747617
154622
903714
406197
872696
189044
18751
554399
442728
115738
951440
855274
645709
441769
888059
617926
461671
150828
606010
480256
738331
774143
940284
529703
169106
385561
707880
783010
376879
627833
47818
394994
692350
394198
189752
3131
483141
659633
695806
832079
650484
538800
312908
952020
197404
259566
604040
3367
683252
439722
139652
138385
194291
554451
904447
390218
818847
858114
958264
68368
258433
621056
614474
256001
311053
656488
309368
179136
551017
614757
789997
205240
877784
676190
68827
680632
307778
51281
386099
862885
453276
574724
256915
181516
700769
560452
998004
651415
332460
846239
524238
855700
339020
337556
922895
408010
33679
698895
768746
341043
356049
216576
585317
135983
57021
896394
832050
618332
877324
729119
764494
137165
698368
187703
642217
942430
127723
705913
465960
870785
58249
951724
469966
740216
149175
573349
980509
835031
728054
465309
686388
987518
22977
816303
649889
879661
306157
277934
828863
459952
419219
772458
18211
505470
4504
3171
140724
936466
292702
154165
558235
27219
764374
172985
555627
267338
453013
491578
435042
993429
133883
104265
470182
15751
945045
209805
962199
245529
787388
368478
651860
589494
823975
341489
738929
692644
714343
389354
44377
676476
350963
146346
320194
711612
972270
969126
844931
425679
155947
427825
168504
338026
574108
604218
189884
420960
931735
754802
172381
207155
661095
667102
679039
573910
132061
718780
264941
453039
973009
819528
942220
562644
689746
81744
911400
430454
208451
268787
995624
356223
601519
609188
125512
66457
496146
11427
727635
515091
933157
210130
180023
464673
308472
682761
877269
663763
175185
190888
944585
349573
265053
477796
653653
255041
654478
762479
961610
463078
172902
171967
342317
690476
716745
887862
234254
957321
625364
684171
334468
499143
947944
11302
335819
372095
83668
520073
34190
486978
424954
643479
279015
588260
307305
442901
267914
832295
335410
827647
767597
841141
753861
777549
861010
161518
574277
777796
176581
184583
926060
189350
599304
392863
822306
623423
517681
287551
104395
454777
797547
659349
926550
622131
785545
272822
422525
916655
909531
880088
857488
430309
679719
570585
278858
956291
165114
284460
869344
247378
782328
366647
668451
28856
340988
283797
699213
602226
292184
404368
693720
844318
630787
51266
297928
453610
507739
736789
11460
517316
140834
941628
305224
284524
436909
977946
622386
332718
619088
448698
683752
496450
882772
997617
638222
843678
979163
44861
196984
57953
953871
808848
359784
69233
979695
337230
379639
571128
287680
368605
648238
441118
986094
976908
599354
729021
811936
6926
482157
619908
435043
235687
969302
911883
937704
50006
671469
217698
909600
548676
766556
469991
309141
358868
96600
970093
797838
143417
989724
340891
695481
55576
145073
717490
251689
824230
790931
849145
82239
452313
488906
523879
528504
973493
557412
912447
821518
447242
599949
735774
783387
911409
58507
529675
217076
64623
246671
344500
523923
353287
374119
351015
724235
840065
387604
937081
338124
346237
243367
471908
956293
149191
774104
829339
616315
254963
361991
556047
807032
724971
194217
824858
867397
128838
414328
218444
26866
787759
598728
655593
115182
540006
341563
23752
169884
496315
436425
999720
881468
782449
684444
432811
44647
632184
516901
914757
549657
67045
193406
909652
16226
408370
755984
494684
508456
116624
910329
166822
60060
209769
498220
740852
998206
139987
448149
660948
218315
791951
483489
890893
110786
786745
394466
281095
296272
198962
372015
148378
826546
90174
707845
298652
384273
396293
579431
980559
394447
131882
644089
477189
775963
249636
456565
447356
254321
389489
344077
512744
702125
303103
728614
388719
709795
39639
389471
672743
669745
717828
646889
868057
7185
379212
232487
215780
889240
372450
557024
223221
775895
873710
275009
355164
867991
320864
629877
986017
96603
621481
543229
586874
221630
490818
278033
788441
63722
178775
511117
644269
151173
924378
889199
254957
433528
556795
993894
54228
863578
142907
25782
140002
92344
973641
562249
228581
528804
536966
58162
297925
612906
197911
767209
958802
340933
685076
127818
485916
630353
259519
499612
251092
686800
668593
996232
558887
950854
835697
41810
404887
254651
340727
743013
642592
467091
251466
101026
402652
181201
623369
499365
678456
781719
590368
84723
949609
463477
790966
536657
581757
373747
386469
566400
975621
349596
647420
509663
77182
970118
641957
766512
174343
62586
265967
735188
77603
640267
188561
155761
494025
473000
370769
595848
941168
580884
976754
406036
494230
490082
891938
703346
999850
836420
817818
895892
668399
767720
623783
997053
981467
40970
923689
451963
937710
834085
987334
192122
592742
729684
15658
618328
814155
257922
663558
497123
613066
89590
366954
880800
616689
570878
932863
981641
512727
62745
122116
538823
333288
584948
693677
379603
589389
339116
816998
761621
510321
51793
197398
291700
300992
340229
697780
683984
596212
618041
342705
295097
490857
16330
584735
642054
874173
70034
496618
69290
156600
722186
982314
56165
114742
969954
557109
938719
825976
633562
761472
578374
513650
877491
441955
538137
19676
140874
580703
999237
17590
44595
411314
501054
591722
56152
902727
965644
318070
489592
977591
276560
517063
970325
877876
289120
857232
122929
862498
29797
117737
224584
357778
705061
709773
890025
974229
387982
388652
727928
391640
329727
38896
579594
455022
339395
776765
749421
562304
607942
697434
63803
665807
162644
578289
145686
479195
99455
564817
523837
310283
84838
305406
429525
277116
496403
576038
338674
279001
238137
717009
371161
111101
40610
254215
800665
412102
331541
457501
150149
346281
671182
589546
719210
610535
557989
928337
930160
247460
651282
424706
197335
812609
655747
761418
295900
109357
515523
159138
920912
860671
301249
266166
41797
33241
118589
236010
492013
166407
261976
725511
948390
759256
403005
354946
413407
585448
232146
423832
747102
262685
766934
395029
944018
325241
517825
43203
468790
176776
686454
562222
299189
841695
441059
510114
782945
277492
565650
217597
326228
237142
166660
748293
502249
915589
210933
627642
482621
98307
425627
201735
164502
460926
200989
902112
133374
380016
384786
242541
629667
998907
99502
245699
497259
459105
934897
207160
107802
635538
437738
424538
88105
856777
827705
813242
42858
287612
330228
907475
889876
766846
276798
766207
861009
343231
439682
469815
381747
396660
96197
239838
671337
883949
61639
491223
957582
648218
722425
66584
505303
647091
724869
135118
6010
869709
110037
311786
270654
650148
678228
830516
457242
779472
701368
409168
978418
284909
225623
792100
686793
975765
982749
801322
407687
2362
994224
184930
980381
546281
631797
932592
915793
518940
70555
830892
388348
191495
54221
773989
176945
79511
879778
333325
336873
841962
612081
450656
966231
563863
270244
933484
894680
403433
613283
686835
639499
834904
901884
881905
643965
768316
204587
938694
540210
789393
526602
578033
642163
411499
746150
375944
532538
345008
958248
611979
648844
278709
323576
522354
1973
924740
523863
813603
355102
611761
326331
570398
128048
87390
732021
958953
993510
264458
159228
83580
405052
229704
233409
946185
376163
46181
606624
95621
728395
545174
615131
757981
278109
325957
560975
528852
670883
921395
629976
470596
636104
440758
459954
326567
465085
253001
846483
672258
145507
8395
66043
615716
921399
595563
515714
273131
41156
826169
276778
696428
617377
672674
822747
351984
61006
39027
517683
937886
31921
323381
357658
955100
70
257401
909449
567219
316527
977264
992390
982624
892582
368486
438655
101546
551113
109273
161142
503208
889746
400917
816092
806739
806379
640036
376006
853338
945611
213041
916819
535200
308776
933025
902442
405524
434076
142416
508917
457343
221604
129913
339253
398517
241943
43374
945014
768535
594229
628527
251209
629957
855779
380380
284589
400224
179515
665931
386577
184726
899994
615390
428135
653969
784786
490812
30828
799376
978972
776420
440749
954463
547334
749027
368594
754956
199786
723964
223607
162577
897647
376398
480691
764915
839088
250536
293378
232339
704427
906994
43484
657229
308421
634636
797194
552090
324024
625315
143558
655936
4583
536045
791132
408048
480629
98995
818066
248487
366841
49033
964518
153469
278360
962935
850392
930866
383396
511073
869462
198327
278812
807097
738041
793478
627303
185915
587228
208862
723726
782874
772217
306937
482528
905307
696091
60582
87613
728303
767810
289626
721017
341158
828756
73469
635264
826230
323547
187298
108858
196068
187514
373044
719756
126721
397022
909342
61837
554699
938544
96903
629265
999807
478482
571225
668101
459645
153117
541049
630438
674233
400707
301144
283487
74840
146416
231232
340689
191173
187705
974151
200890
847603
94291
196218
516737
296345
433734
223001
272779
517957
833667
614494
916078
327825
183373
612251
240041
179154
455711
437626
754807
292835
183636
414376
622359
413858
851971
314556
483992
773129
401007
335323
304293
780151
279845
475808
135446
316045
106220
907713
195153
208862
884130
247524
424120
571748
238488
12998
132241
164563
286016
639992
626148
608968
906626
272247
987846
438353
811016
11379
816348
841878
52376
249346
372820
568463
962058
528902
844305
661100
13420
613776
454296
386498
129194
499963
929528
809480
839800
622976
463522
62660
227505
720697
565794
891634
205383
144460
672160
419073
865520
437986
812789
920461
503333
642680
115785
297915
952563
963735
13986
579291
715284
829801
922524
507930
621876
77747
123320
780139
330315
706388
808017
523772
870105
787526
10410
878749
353157
989849
861362
659400
167953
418859
216515
270816
350474
85177
844284
26005
894104
362161
771055
606331
704277
136527
751825
444042
94903
181394
527371
75895
720672
492815
357406
439885
608344
874814
604223
814620
47509
834351
318011
342004
751351
848620
761245
758952
383653
887973
204113
125966
957655
887728
153939
661373
692896
755113
452988
387126
294696
938633
260788
700400
520661
465184
341891
274030
335575
250337
641029
347737
36751
141718
935646
515466
798027
624451
866777
527121
398338
736856
204044
587540
146004
491608
10782
300420
247039
399069
756441
185109
673303
137955
792018
193826
179831
275988
336654
774223
800155
794015
356349
402366
663148
850925
796069
855665
298354
522868
133928
458136
592784
815993
541844
782507
660225
565921
521859
62157
401146
989579
983139
734251
308883
418730
26769
603764
847724
804893
987821
256493
425065
667659
447544
243743
971951
436878
845929
725306
110694
994429
593608
882729
490120
143886
270407
658224
747899
981964
162717
383930
4278
337718
509331
786768
697736
421122
512478
686060
704490
584208
101336
884155
237704
390601
298274
991415
236523
738041
622803
914897
274239
660055
31992
136157
501903
490777
783582
73296
463194
444069
240710
559350
385354
59148
261155
356482
901114
833676
296330
791255
760252
934954
862357
291693
510066
755663
561786
93323
587893
12233
998567
879768
504670
545968
551886
59908
829835
174909
565319
242208
501983
554308
276291
812304
863830
884956
950699
249198
289965
23445
26528
949947
973362
85789
549214
161262
589678
450744
397792
889762
376748
128870
591951
724619
939268
492878
727722
344015
419933
722775
21019
603291
401153
431668
879707
705648
570115
258552
231338
292377
523351
861758
339741
459020
461849
56117
489071
479513
486967
890013
810232
635131
605411
32173
765342
376803
630371
547622
566854
257717
660781
82251
586120
994749
78637
498927
744102
398917
668503
786022
499597
717780
962362
95683
157787
737671
744748
933511
234773
168537
280907
493825
269179
115222
875166
585277
480420
458178
959918
356621
846097
198231
131446
920190
951998
429422
657913
20956
427871
950544
920690
223421
954778
388878
520048
130288
759908
952693
370317
392550
571165
492242
197686
686755
203305
701310
440178
402916
998442
4769
103977
369520
328465
651863
585458
851504
731563
680806
185098
8501
161696
540083
860101
336753
706995
892467
704236
571255
646354
274167
628926
673899
577667
270979
377462
163034
842498
322221
258636
408630
11597
750326
37692
181095
416244
293321
741315
852387
11237
433494
270967
810839
671038
652329
523075
350591
84226
179415
368523
826412
92149
57025
88786
839380
867231
295751
496777
264040
971773
918797
961373
513155
889665
489502
835713
440791
584192
788840
94894
287251
390332
379809
868223
17353
761820
431425
776515
92175
948986
119340
85318
101640
237784
508745
544589
78929
883662
326009
328394
713586
915116
223832
878808
973562
620511
741224
75596
714044
470468
391612
223931
201999
302142
784888
676765
48311
902198
683411
865667
405563
922621
7166
90368
353083
808696
810745
714052
314147
186258
675656
198792
197136
973425
698340
933544
893559
654792
912169
802969
396714
652428
917786
120588
785706
505709
220264
720615
651483
317409
581945
425609
789190
574238
283151
585692
160267
215733
148285
487673
717374
914965
828039
21262
324114
981722
492098
735864
704215
152562
265139
884798
861419
190199
139229
743280
736971
441203
485821
226406
954551
200218
869255
700348
283638
56949
348772
618497
689262
341567
114221
252225
12037
140902
579806
384294
141308
127745
32088
157403
626796
18139
641265
558689
230165
594516
873400
639980
430137
517755
784720
715895
873292
68032
85105
332873
690915
794191
466569
466780
170667
117063
617359
723520
175786
997796
998052
603854
965080
159105
131358
130453
509301
599320
68768
724765
828411
544661
333407
478713
363267
309676
831971
716815
69733
787320
618185
428348
903448
682124
367600
151965
461030
675642
273569
955021
803764
352341
230782
487163
304892
716661
237306
994479
846430
102562
87861
72135
30763
724043
798863
114909
729840
320473
985704
669069
711502
142987
325001
764610
772999
792391
982001
162706
852057
877137
446793
709094
937922
853261
211740
377790
973858
813598
571532
366349
533060
11965
948943
889552
747571
996611
276988
292464
672169
433396
432830
315321
687587
895029
770200
964513
271643
317780
276673
774758
914192
531920
943658
418516
853933
537811
640458
578692
266083
296947
43892
832349
977659
621256
615988
288972
801737
119857
984054
221012
659043
883311
788096
984276
609669
863018
980501
798691
845423
13986
735545
16443
369142
350457
282645
876181
250589
654258
40910
948781
28069
757433
827612
508227
162805
502155
894283
837251
444437
554404
279309
788946
724610
947567
718769
897326
886125
868459
356181
292488
615651
840846
926106
910961
213575
404910
898484
38295
12986
10827
631439
958824
313323
41644
625645
900654
545187
465492
921699
215762
803208
481688
854835
569770
119768
597089
709906
762718
509512
301134
148023
374273
188470
54408
333806
984137
635636
859411
757071
907362
551480
680317
303271
621399
329475
750712
625168
760578
628227
636422
963113
188729
350076
198179
395507
933327
910413
663726
803506
462869
666095
399376
393335
119294
413692
265801
200160
268414
761466
921046
396462
3041
966810
777588
614737
911154
169293
49924
848140
320025
746745
152159
884325
628522
462326
186191
782320
359073
736472
501274
951090
396838
933992
585587
825464
275076
955595
980012
737418
889486
920682
564239
178287
402427
527172
741969
815383
609934
842080
687426
938962
663849
560800
506783
173218
652085
753172
771141
77651
22845
674605
455401
489405
940922
375121
994851
413975
761175
561950
635988
516871
154600
492180
895145
410044
211771
802903
32326
88952
454631
373029
715416
377086
275030
238376
826008
541738
366694
549389
395117
35576
967005
465935
536032
837965
252097
874607
570172
395906
529871
129723
673001
172431
413293
504162
688204
570679
39253
18999
343689
697102
835429
115799
838514
762068
99372
634364
667129
241943
788598
411662
648999
826870
487739
298935
973773
674518
459763
264247
62392
811578
695413
378596
502335
306443
926941
294362
940412
769584
765921
22875
609857
606259
331980
219531
930784
241966
4221
379150
744522
739415
909429
493404
30969
144842
622232
825611
949318
591768
597261
699172
313746
419508
734714
982784
735680
684471
207132
218754
789659
743148
526282
884612
324637
683940
778083
164611
121605
575593
535989
477980
616964
298965
699081
168661
809508
889375
844292
692352
170415
528757
794359
938862
328008
430944
776409
556454
765979
10602
305643
208043
24723
806047
750076
469285
877564
706244
238696
544189
898362
350192
900347
300034
11935
424989
834636
338041
474743
631737
445712
171427
535623
479334
567124
357610
475981
198747
204904
401636
612635
25913
981246
97330
560805
298913
613109
982773
127904
856113
24310
282696
950629
596344
188934
502484
261880
243101
415431
489437
37086
647367
624359
364960
670975
483852
578936
246193
72554
336500
343168
795315
772841
32656
124584
83357
483928
856544
789939
941505
568013
918198
591043
125424
135251
336279
436577
825940
230430
164487
391076
218341
525443
898812
960280
319148
94748
345297
924978
425007
733018
872480
515203
378321
108537
225841
642852
935381
388587
791362
994298
731924
896753
912811
992394
527470
359305
331513
158718
98973
868346
576880
618933
750477
505816
348350
646848
833862
122968
106869
783008
488095
59591
953933
687089
295940
915306
844904
195530
933174
599960
774490
349359
323411
643340
556905
501637
217268
235016
839842
200037
488006
294028
968054
260453
877044
988693
900565
256089
526170
734237
284909
849973
562912
373473
619784
733660
180488
4598
386007
864895
134953
71850
432409
689483
886131
799608
161322
235551
373256
128402
343573
951260
822787
777682
919823
738378
709350
379246
773784
575996
822797
161961
909509
725286
928386
299248
841424
464206
618798
166639
207417
996046
192880
369922
370708
149294
161945
882013
114656
894117
318083
646823
526154
629629
967946
947086
464862
732802
206339
175461
735549
700153
890479
757642
740423
991614
736965
176622
542101
244259
118534
887571
316984
180687
701075
818697
139238
662450
733265
635526
984277
620463
759141
101898
624008
888627
658968
71240
22947
247173
457266
230453
644971
801017
799423
623550
584103
100127
650088
239140
84870
701074
627622
256684
588591
343489
821589
291813
320149
370428
784141
470016
41033
615726
924558
727142
962180
66242
709855
710418
619673
748365
794552
240517
35208
655399
60691
404370
678529
157172
804761
375103
936880
745449
888517
478673
959360
327906
839089
255268
503504
707336
437941
438809
64964
9067
659122
41229
517625
688295
587288
423433
948044
601165
887888
2162
92922
850943
121791
20954
301435
879521
758200
712469
531733
160449
800342
602933
431783
989218
727089
157456
704268
228226
24955
316775
594099
354252
313362
421822
434479
14989
220283
896892
120059
73178
736511
965787
580823
885252
730516
992131
181779
962046
631779
202923
996498
345117
710331
984567
624684
532311
908227
564598
827635
906184
827775
249869
801095
817302
497318
553999
708029
923992
642507
489365
999438
219443
731882
15382
560482
967807
261826
72484
998275
889266
719017
571014
353838
884000
872380
675216
449323
897834
91788
508359
572238
971857
502717
974758
593796
103955
406615
269759
305995
924921
459136
531672
535862
384287
559466
81236
771349
636718
277026
361619
451964
813557
516136
593807
381057
690060
570179
533839
408763
563755
29605
462265
923596
487611
784708
251927
468731
526177
612559
418268
617265
309789
540007
325823
233663
878492
260993
937795
396001
260502
705763
216100
266031
407153
444319
874652
727860
97129
724082
942822
368135
24130
318746
943581
424418
585649
83359
56478
676016
235482
741731
485906
716926
740591
856820
609733
212347
170856
261997
820813
840551
367848
391046
627761
218621
111279
980863
82860
832694
488770
492480
569464
148855
673458
330012
60976
33183
605819
992073
999684
579159
325846
783401
428329
464905
394159
28704
378309
470240
408323
502229
819973
296453
406083
578704
981612
309294
848491
739520
749980
777099
905293
742821
680373
535331
137864
877494
782588
460039
546045
877951
63633
43487
306698
582401
358456
511325
147489
899925
325035
374828
792100
935193
801994
475196
7209
967426
43825
864847
613328
202706
412688
316424
376158
18446
428379
782811
215508
759859
104656
913144
88136
344347
313726
532437
4314
149149
735694
493155
994551
141637
196840
113431
699498
680402
714254
956978
766187
593701
19308
348114
303607
910829
605831
950209
563952
808757
646704
50247
261491
316538
548426
780919
584411
775003
937857
784517
182561
816770
563856
775630
857780
822324
878012
377816
225441
289473
79707
222355
99325
463912
810500
558052
171834
931242
835393
53736
208540
39392
899634
538639
652549
954046
473088
893035
57970
876924
526418
801955
832190
276315
762580
792448
568563
255511
168299
592608
361447
601248
413964
98439
838906
86848
532926
999024
109945
646948
784839
916674
316467
630188
935746
842800
838293
480600
900339
499924
986109
975400
728758
106315
380633
967704
906779
838137
436826
635058
560344
938825
850586
188652
222342
21951
609171
194321
192593
315031
44659
177513
567615
893024
371092
925968
351293
217787
387676
542011
10324
708571
327939
147714
963602
541676
47061
671335
723118
604142
552830
382726
833061
309009
266858
617028
303097
766868
150694
40551
345868
376214
229768
541569
815401
680484
837149
562223
193415
681320
274259
499139
537396
34896
755241
38223
140633
370674
116460
793321
632474
916549
186396
110535
384958
756424
45610
880826
756208
446065
696551
332311
873430
299435
655086
601215
473055
503867
468101
131171
184965
460649
52915
268205
174859
553074
123848
618505
222526
227407
209163
991911
917975
929059
337687
235990
572988
689056
251617
667368
970738
262300
830545
478796
305662
891819
989590
858709
608809
719188
764913
533931
843439
725739
894149
724607
56329
517052
741506
682091
573213
95009
45497
463816
410286
632156
893289
495119
689861
117713
181557
55026
508946
782925
107907
467285
888262
796289
277583
4318
306467
80703
844862
341664
197639
690686
212071
678184
944304
53835
770116
749473
462587
794381
614892
519720
635775
535083
414404
814771
83259
812181
187080
618370
13939
602689
830697
724817
401235
469359
301822
105426
332163
729063
588731
345032
475314
639812
659502
782829
298387
923534
237914
186927
198999
277529
400188
459175
252554
794935
927328
704539
676155
629669
119269
203103
516309
302852
261267
409009
850663
956404
795820
700585
594563
404032
309170
688800
492048
742326
321283
122815
615706
272360
391646
810277
656768
789164
567591
252680
11033
399235
142014
822655
325225
949962
344477
861454
726021
913260
891042
774182
810225
6567
191316
679816
398060
862616
174042
520499
377038
65730
453974
269023
546759
239231
725892
684070
369328
474611
193718
972588
870196
157116
87500
33971
19254
448994
393012
949614
959615
580818
532104
384691
190874
314425
510880
171685
101421
381198
209607
807418
104589
767147
87399
601847
885507
44585
495874
882377
491921
191405
526848
725637
662877
667546
224325
9035
597342
750916
628152
909408
308501
414551
725302
254887
630990
230003
810705
303679
54488
736401
800485
828288
956263
190518
947125
90812
491036
95390
528334
639972
569165
802271
743373
35322
640823
781181
510448
965079
402847
96816
58458
902196
509165
737324
20495
841384
201728
251643
603439
864286
926034
108013
678864
423977
232465
686924
509616
122688
404442
706989
828681
807018
969743
26923
166047
688416
925787
20962
988495
210181
96280
689756
848713
855685
389528
263356
998758
354279
510893
597552
678821
99594
337784
86329
946512
333986
2281
600760
29909
741514
292086
857553
772866
511581
231140
914196
362328
385181
367756
790311
854279
392631
461071
62134
79735
311868
79539
542907
718183
976625
822960
438181
933665
308994
338657
242502
931130
4175
851493
85719
366582
404621
576090
689741
503892
210455
385486
465840
285791
749986
212999
799372
923952
490713
201279
81768
894587
702013
306936
46016
312478
989606
676247
7648
388171
61330
130131
343292
802530
947171
654103
35302
771009
316432
787354
22383
135339
288321
182970
313705
576695
721442
610704
749171
688353
177786
815456
918319
416117
567243
969296
366192
996508
827050
448564
203310
172186
235518
594874
629141
791310
37469
140457
850840
605563
563226
175006
45257
482456
533520
930015
230747
748421
67705
27170
292379
739475
372109
244999
434473
898043
21959
740792
794488
66387
566948
605471
192939
941773
185633
870234
759564
495870
611397
476767
996091
286167
740297
339941
742877
174028
347758
984688
846350
694334
97462
290724
607061
456890
424855
526975
787434
367144
933691
317652
38783
107238
25127
503768
985571
24398
36401
820020
669392
518087
400676
996303
853901
620416
26256
842190
329494
512806
127707
453379
782994
523043
575322
283397
506301
265784
984149
895119
190814
873318
401543
963366
123324
123195
48100
309016
82224
140837
689979
872130
917897
648155
61050
74229
102377
64730
236560
933075
671527
275039
365598
871450
942807
795956
540405
880789
252059
571752
864030
22104
661561
732000
515324
835771
526920
500809
639916
863560
839977
992952
496096
799326
982069
212743
991317
205470
337818
256352
890343
486616
548192
378264
207155
189129
224796
125156
452229
453974
858326
101049
109059
349779
889311
55950
341168
264721
679910
337873
723974
696961
542441
251579
395814
784484
522689
685360
123315
127886
888552
467120
802074
572222
155069
904629
107206
519692
344907
215100
914172
565131
836190
964092
807246
567922
483869
571751
427185
346825
378623
577119
918281
952438
116579
331899
61259
882223
893234
678259
787776
387410
932810
617799
706042
881150
243374
69269
16964
662325
482868
152534
376161
911276
796652
732463
220795
636264
561350
808482
775590
919323
768756
929253
82727
153745
332797
284797
680170
351232
417161
762869
513620
689656
295372
605733
988179
402622
975441
214967
750678
248288
490805
349320
80417
916164
196253
329487
914835
728202
936559
195309
278836
685946
846580
608864
207540
474988
235902
78052
214608
415963
311684
566375
650000
717005
828594
974297
220047
507273
245288
67167
170794
22733
330913
732088
475432
430661
280599
697799
660670
411944
353337
858483
932196
471908
924225
10001
21324
380195
628148
660479
198699
657387
678730
498343
982454
794408
607208
50498
582420
723768
842623
20672
314236
826285
178838
197273
359795
145967
201277
244711
285601
240037
632867
851825
792815
345182
339398
176686
695193
282500
229661
582693
567713
640636
918686
133711
757401
2322
204108
990274
167233
858809
868845
567170
439405
230982
276993
967047
287823
144569
577894
484275
310801
938198
864078
263923
588940
335412
400683
633149
150594
695718
964201
258642
131014
125499
617556
145038
744709
608112
544526
614595
560563
200909
266843
374518
420252
333100
707235
734139
52518
322141
712751
832213
16462
59352
947172
653923
935207
224265
778991
168008
3137
873408
351605
284746
641642
145518
561398
116595
826765
215962
515906
220093
494729
555018
875173
244419
818283
28298
996130
48083
257005
253715
710541
204036
32240
862951
934280
393205
776782
412902
274888
908572
30463
193121
105435
461899
258440
579597
863476
833865
182903
274828
818016
978720
542267
252889
222639
410945
874131
423686
261971
397445
23147
882230
770772
530100
89551
244131
280572
121137
40724
971310
276446
406872
890540
767705
542580
166013
166824
151923
446815
698549
279326
960547
735475
192929
144810
980548
820491
960378
774899
933593
904891
55543
764062
841427
564231
825670
937359
795115
307295
386658
534304
209722
814892
121979
583289
233489
922740
69396
159183
449735
732577
555153
679343
281576
242505
154562
159949
386120
738367
49708
933469
99262
719931
949728
970561
348152
477855
476160
71686
128083
734044
186834
473621
347887
396452
755022
70309
88311
565840
812281
392350
523417
446418
853672
501954
431624
385256
630711
717495
139872
87657
439447
659927
615107
341867
137762
956845
287161
350386
447255
832520
793990
421598
755219
355947
472024
317096
593507
786004
208909
471865
810618
276503
677579
191328
72984
758503
493262
776679
79360
742430
258487
898369
547893
213964
951021
807249
245242
461997
702170
614173
209608
20243
124739
706780
495402
465063
128615
634076
841498
757747
170279
212695
198406
774128
718189
508710
133499
15880
86305
173677
319967
199062
635241
922643
602961
308255
928420
92040
672999
953698
273437
438564
100923
591735
224110
714537
676322
644013
972297
725342
261538
168626
56088
581652
999739
157197
186013
797884
731104
343868
988464
514188
775559
737341
371968
68187
874896
252911
447435
702826
318653
632246
142453
75276
356744
631124
871998
251358
227438
633878
50762
154118
525997
271856
634847
306989
952900
482624
564434
746790
289247
182812
165850
109271
419247
4918
796549
906677
727091
249469
428520
457460
825346
972723
183904
588380
537255
414325
686177
256981
177851
605071
18079
986371
390796
406084
932086
315039
302092
298667
849179
847802
849308
812202
895762
282697
82703
367375
729271
42467
808430
500607
335795
688849
744593
81028
67172
114257
213141
303721
93102
221273
372667
32908
91809
807706
105125
624128
886174
480387
733081
446115
913598
655227
506440
631568
849664
502626
47520
479274
72395
401830
852483
475536
71291
691297
589889
979271
442294
639963
362355
636319
851955
31443
923505
412944
350539
312049
560610
384540
830545
168367
296732
786752
677665
219960
546429
4225
605303
443435
851912
501428
874064
187234
984851
478792
372591
90090
681006
607375
835655
546196
835383
234606
218065
26030
18912
901500
786977
70209
938551
955470
17621
859147
27488
639143
378091
781608
121628
941053
296394
262998
986373
472908
550589
238356
129392
26555
910034
368674
785216
577104
264516
662873
729787
122627
353995
771941
838718
499784
80743
249429
3775
969615
151351
482344
123932
624498
279950
293240
970605
609631
470633
826563
416255
864957
360849
105480
898321
529069
492206
836627
300350
887618
409956
266741
666444
536630
773595
499907
836934
64402
69066
842892
619563
307337
824232
921063
513559
297778
640788
744288
748859
753321
425613
408634
586779
988236
526208
981608
173704
591014
260417
403930
438953
844069
682591
197697
991491
247383
798019
652470
805991
118723
371168
470318
207068
508740
673297
725650
380064
858209
527280
511665
135457
562851
827060
201726
186851
387333
154122
217480
143886
869292
871048
218870
18690
191211
988893
686170
817193
193397
457496
817167
830778
201107
220197
267608
670526
871351
209955
793513
779015
550020
809203
80698
785625
219601
945420
502895
210905
422981
157921
81213
109216
151981
681269
363441
862178
337166
619707
524003
969512
947586
186482
251508
196569
811559
469020
155061
834216
838459
354537
697299
173431
311138
498458
210451
836576
158699
984267
48973
827191
438075
303099
161357
579048
760865
933321
449803
443242
405776
212937
480583
91704
119724
34210
404206
843842
1731
415439
134483
175581
789272
436447
460504
964060
349768
132079
28586
931890
111185
843560
156019
312862
680058
992611
395602
788945
296328
860522
506024
683043
472225
289719
887053
991389
746255
446991
734904
244253
827594
68143
311911
239940
375239
614772
387096
524764
284244
142420
162723
807750
688785
144957
222233
808151
620551
106724
321946
449397
220385
101996
843255
68632
523594
411256
804241
368974
55344
345663
73888
576643
936174
410392
747526
827714
555788
55515
967603
116285
947230
212979
931946
930712
43320
872027
314998
179650
23924
874407
160535
762999
485392
935883
221028
482186
669670
636057
416427
333568
406964
640151
945602
272844
77005
235262
434283
848958
860946
664174
594539
132890
416081
8141
435554
618875
316172
886367
316421
33641
842408
253610
807717
561123
400310
996188
483850
560766
976962
158864
632694
782883
833514
971251
929549
380944
784082
662904
29214
670944
14154
293610
426644
535203
740821
574894
764413
948809
609681
832554
119268
553870
273697
725452
909441
670639
961871
812776
421094
541747
550440
279990
637255
58872
898244
205191
988034
249787
862053
309820
491973
68707
92227
350436
192841
733020
172239
79963
217590
32313
628186
27194
198936
446355
165758
947719
630018
33732
742681
786036
710332
900012
888197
930740
818107
33264
545503
517360
77649
241905
443520
669122
783388
567501
475452
858178
899252
707329
796541
226167
74242
248153
188855
589073
588942
378127
91124
418128
847984
570715
546143
382204
355632
726886
310095
677433
22323
216067
642089
71428
314585
723308
150666
579710
528283
891212
986766
783257
416550
56241
357270
390941
756553
924106
178976
870781
570966
446744
963213
282379
985672
326576
822248
126711
374690
606943
723009
555340
610230
869480
194589
537990
388993
250628
108556
337866
613245
841193
302060
413505
155059
65686
977994
128946
213108
209014
23364
421477
415249
866193
233806
955751
285255
949951
816514
337174
642354
148274
113005
928798
22024
352538
866011
772152
181939
338381
444953
689640
918943
454307
607081
108231
110978
88640
69677
444111
362578
54920
382627
308471
834028
357213
376222
212261
439840
342748
445854
956809
868145
191
473973
445518
365287
3258
954568
182164
269249
715145
841029
440572
899632
445011
366504
375297
597508
874360
116411
713239
40834
467874
296532
231280
147692
363770
769780
138739
632916
168585
389349
115890
695347
178261
615101
51496
108018
781728
103919
741943
929588
17834
951165
253321
592911
9496
539509
610113
299736
984812
149621
33919
759324
328723
247722
15500
120741
848932
889788
377155
554274
480982
115129
690439
945334
173607
507522
971061
77537
871725
485602
735754
231672
33833
329505
652734
103139
256630
431900
179604
40687
382393
504589
496943
256858
601581
383931
376011
286089
710633
181294
983726
669137
516010
463635
344874
722907
242553
852009
513282
934779
531291
658898
741922
347625
866947
357203
15638
507852
606588
954898
465149
148085
677247
2718
537585
778017
751607
555935
781504
954487
843376
420826
572248
546179
19711
413181
750026
472054
272397
818299
518222
826052
141749
989887
175067
490671
82607
859449
379279
762278
777484
950300
63214
789058
731850
865072
570739
390957
952901
643516
485380
901436
939214
242201
648775
664440
505958
231627
473830
565143
70721
790434
92292
992374
372
303112
177905
7784
424594
447186
903089
272988
226499
788022
175365
570935
726373
544801
97742
129749
201024
359527
391977
989355
150789
123449
854032
979360
669175
613283
173778
563968
563402
76434
923917
506717
323341
990826
269270
87920
947257
56472
261802
929946
87786
784552
20100
650004
885984
266840
865880
999589
211715
732443
410486
465403
837129
316119
732204
192403
49553
825909
532462
487383
995020
937496
664371
159727
176621
848643
809239
647447
165501
746590
889819
803766
344696
382684
557085
127999
766466
272294
192915
462164
975782
223495
910411
139759
300138
986637
289708
652222
469856
252718
587212
232085
74604
394266
687932
822106
707321
192369
161468
189098
771477
403541
552417
210136
660572
412225
792794
777469
22744
806645
783549
794771
395213
288682
743240
621402
591560
414906
649928
389382
347418
296064
528441
889192
324705
523856
19478
663151
94004
488361
98355
46153
856118
784988
261271
57746
698135
345314
140367
177347
643170
53024
872252
372711
58578
3849
212646
312586
640138
116526
264820
104058
667131
434183
125563
790064
799053
20469
153551
353802
758462
935481
309839
448749
59303
515905
895038
884294
870545
756794
410893
618575
381311
405424
603362
766111
813749
19999
714653
645291
598126
50312
207132
734495
37815
262543
728322
747572
109855
932472
6317
369651
513519
949375
469691
686565
660918
130989
159897
999408
974337
543089
712002
979841
666782
30739
741347
676845
700246
785991
916683
648821
10208
285080
659038
897438
130225
609617
87115
609281
129611
290129
721028
915467
479722
704786
682472
265561
81213
177169
762109
812335
623435
615231
283696
27004
562267
581117
590961
416508
439642
961021
697010
93627
789421
482598
789926
960419
983948
66709
880106
45357
696094
289757
741570
274723
766517
869573
148220
827264
293287
912029
487150
485048
741405
521882
183902
927573
931705
306284
403401
515408
555384
431691
506571
196967
812401
796662
407889
616753
981188
278762
428013
54483
781122
759285
30356
219042
383585
401272
305210
449176
650268
107031
789095
990289
574032
851610
527407
720817
659353
217053
560817
787561
826965
622377
140503
416874
298157
863882
74014
123011
369610
452826
687925
915715
601958
348369
164251
556288
238858
274978
309448
991085
252353
109646
926574
282550
546266
1515
518900
925134
30389
735889
654024
23724
859102
558040
134542
937002
824043
158052
699819
898226
399372
152617
478638
379986
429515
999374
347666
702889
332571
481566
742290
147409
721468
757513
594870
529762
937894
90473
52603
720590
943131
328625
248262
864922
589744
651151
545062
396772
972402
232753
264495
568952
765038
742669
411083
203002
425900
738712
53973
667489
467035
430875
153645
732721
940505
766933
792660
278753
683230
939016
779194
238540
161830
484334
788429
970979
770656
165128
604536
244918
511756
800175
214310
728986
167375
487776
364688
252789
535446
642490
869999
330642
953396
520912
567811
760215
901867
669528
876344
882056
719708
336542
85314
408053
632284
509887
112809
11270
465307
793721
317254
530761
917076
320464
534095
990892
621026
245177
62097
649512
888543
27294
797629
744825
845436
594031
473180
615145
489679
956050
978244
970398
106463
960147
991951
258556
361253
282408
156840
544252
51607
636284
307076
552279
782099
943485
409547
398354
308485
896180
90406
790048
806439
712851
531421
706285
34191
328290
912485
360004
789047
76181
262095
93337
499254
262134
508109
451064
120216
985614
923739
205755
506511
45494
896031
1732
55159
213433
162452
711937
112320
476158
771279
149326
250551
565169
357160
611338
709674
137193
266172
862395
187574
610368
401747
128788
193290
728431
730862
583113
217064
94974
443918
348085
236225
274749
680546
289865
735499
649273
626413
548889
234965
163113
313689
548035
151240
528670
669052
446078
565048
644697
17686
337037
66304
795425
491959
383847
817366
277294
365350
989930
519987
10199
508823
940310
727049
857903
522731
442996
75973
924006
802499
552452
411167
361247
364237
430463
192901
316921
605681
953755
230267
816516
531271
197490
536493
708223
855295
27901
344505
718917
895318
759933
248350
505716
873317
24452
624242
171496
565525
840475
368811
714128
914044
234231
386354
231733
129912
143964
717906
419367
637686
19409
780720
969388
813030
96113
187701
144748
946364
782210
314164
316318
308607
410815
478774
695053
374775
897263
193714
628024
234839
363396
506760
723761
206738
329852
616121
491301
451932
318669
746523
300332
670798
860245
944123
843305
31730
693156
861650
114463
975737
227277
273243
325101
839808
294349
824930
36667
308747
70858
181262
470053
979528
505541
536609
912178
95906
135834
551820
591718
616837
769034
54165
653843
291698
81989
299408
896000
170837
961004
994147
672548
623458
145904
16753
787303
942723
575426
598956
596556
842283
591939
166754
212453
506846
803042
411074
916730
499448
730962
173800
508281
346614
839084
317622
554013
14332
243420
797208
675599
1728
940553
815232
675904
243939
47581
140337
980353
684328
936711
620032
394679
459405
112283
396069
855982
240154
41694
325083
184104
481392
944062
96401
675833
78044
248097
301987
39729
358607
810737
851496
362468
208930
940882
165264
175900
989389
583005
528341
387442
541993
900299
545530
210653
562183
714070
434417
424611
39004
131958
103852
496630
450490
399463
371424
274975
826036
359801
833513
831233
380761
321667
524594
189563
554726
267224
650588
888537
335101
985150
406807
22334
161277
282307
766592
327742
311241
733721
581099
946622
81199
618190
65346
525506
284555
74841
894403
868838
362006
876568
116059
155620
539984
957939
338911
907486
668554
457255
111318
677292
35302
213025
202808
587811
630113
376893
58824
555492
220509
582778
838007
887857
587555
147259
663851
996091
578130
620389
699616
200991
110036
444875
588655
578995
651564
254255
342792
457289
18396
947831
365376
218513
194592
10933
464698
654640
744224
335121
36168
822656
499471
434675
860537
910178
905534
124995
527639
30846
466014
396974
993202
113979
893286
110398
291956
301270
366752
543720
569912
770613
962552
342446
639565
304719
11986
126947
831522
774124
250023
428530
41653
154361
583399
540228
657834
115263
935736
192972
913453
472099
811620
960586
531673
942550
822631
938016
211709
124363
316265
866841
184792
326200
25113
142678
291194
516821
219582
904587
870432
297519
990406
665076
256427
122764
849746
789253
776105
144194
982024
272677
195613
988047
154754
941040
606494
297812
386409
860735
258472
357068
363856
434021
980860
968635
497978
542059
81544
682753
164637
876639
398917
38793
599817
149222
110660
704100
700197
877639
547539
8494
37574
607002
869275
989606
724105
76050
518603
384503
221915
896943
543620
899000
317996
90949
670849
394687
188829
517295
315255
408222
771096
371953
266915
98721
660903
712805
613523
363375
593550
299555
341995
128860
901275
381443
225062
861978
972954
52854
644869
218964
258373
963371
506099
772983
971762
219225
46831
775685
772167
640224
860689
472952
796647
342818
989637
120710
749612
372998
431839
47963
812857
806617
68380
326855
223735
879480
63197
830580
403404
649734
51974
945080
211351
387004
64041
392320
319778
234439
782315
436774
181918
656563
955599
130653
848870
116852
349420
392434
530793
743878
939948
238196
212934
161197
159421
195897
341802
81692
934740
738873
107843
544975
383617
430140
529648
777447
929064
273924
592266
142336
984839
148958
376437
855647
589017
839874
372994
290788
356845
938799
432598
42921
993753
200136
292672
833068
392625
683765
171367
710886
148579
655847
942200
870951
37554
28105
881964
716868
568579
127586
688750
806606
440180
468099
620195
411097
125434
371908
724561
255855
127775
765686
355898
463762
495257
25686
370498
742590
695816
701903
576333
203627
920849
868410
814426
36770
426149
161091
173536
462684
696883
488026
739226
586708
854206
408439
393808
660601
52260
67184
670674
402456
349904
216437
271316
337921
815028
226816
770765
379500
891816
301487
563209
976149
51860
216517
548954
783510
828229
219383
309828
74372
462294
543649
700857
586616
752439
501942
903885
183144
891870
922472
662846
502853
398302
615572
498539
23382
416402
564940
997864
172648
268438
687230
669206
85189
11298
30559
591403
138712
776555
785195
128700
115452
778127
667626
184887
935611
354031
208674
523608
67851
253934
283260
844228
327531
475772
153472
326709
833210
162624
713725
443482
112204
207960
387728
531160
500479
97700
161805
667988
807745
551324
594477
533901
188931
399229
502713
71330
98309
244203
897545
937450
734161
891199
429538
145473
264244
396358
302123
160462
343271
349045
994844
373156
191378
633549
530299
98379
716389
61742
301199
215370
521382
8491
576346
536253
895033
719795
529348
187972
364315
308695
728361
778498
955815
688797
768855
796933
933663
842935
190803
717276
564024
357321
699933
788502
795267
113747
372593
979822
654584
937973
787138
961301
793101
706577
826864
153512
654415
693016
790097
483438
715919
28189
990534
109690
326827
237738
857091
134585
297041
208189
844408
603688
870754
214854
421908
381837
839400
627850
332749
664385
761171
895900
921588
150326
494745
916095
942315
428851
874599
848272
978174
977378
1872
347064
555331
832968
722703
723237
107836
993903
456912
618837
712004
579778
822666
551607
960687
255089
738002
769661
22331
49489
352329
988928
531482
282653
673029
179631
745472
500685
259758
843829
786704
828791
26080
810404
517915
411092
523144
877849
464389
315816
647291
314771
510403
779670
442451
799358
528938
600398
734676
864190
584037
609202
33615
70811
684963
603316
866253
807250
307649
666132
688339
21805
532777
328233
483790
818100
420086
108745
299943
91301
807265
722805
223378
606118
632117
43630
811589
219022
543037
662190
898785
444096
872917
722329
708911
80430
769246
464575
1761
875425
280452
345491
855084
582025
551414
832171
921154
952926
520196
951240
111105
846148
333838
964294
176313
52220
685863
485013
824186
125262
544410
797531
278639
510028
368905
921176
907951
2406
140292
205398
182284
106073
769021
46416
921060
461098
813117
237579
473606
640210
28207
325078
823737
249889
799157
942663
233625
986111
494644
53091
896932
344184
859293
969594
90736
181247
266805
43182
125809
659666
496759
235726
893366
914575
99669
793761
5083
480013
58131
851868
453027
893066
225429
412197
86902
441620
135160
503116
453171
478900
481720
887961
916084
650079
692163
863880
100898
831258
265455
223230
581027
772307
794963
364707
968184
428465
570404
726635
840822
346663
660272
619477
312632
769457
324709
763051
611574
81338
247003
846199
183504
904656
260566
329540
598301
836112
291141
66082
532823
274121
431512
245321
146
964415
835508
177382
468236
459759
345474
13294
367827
557263
75164
998503
83998
357405
760540
461993
590908
550831
743776
307410
267368
260662
142973
271367
692374
747700
124330
726971
794716
826166
939535
316739
53976
899060
104110
444107
314321
25923
673631
206938
355038
272352
211424
452518
425765
930843
964195
334728
763416
538534
750592
192082
827670
16427
647534
275949
410278
581388
124925
428834
247917
387289
693943
402871
138533
973106
695273
885067
91656
472468
934042
654726
382093
126884
243935
237264
238817
754126
421532
388832
410293
497069
409893
966092
629261
366095
377966
453237
589656
924507
576954
511558
539856
660058
169210
251927
479925
576573
885375
557811
673221
760112
348610
618582
472597
389298
402035
579909
875000
867437
976522
643390
543456
475797
894373
677511
541977
804323
466364
449413
481284
903219
876743
240527
146558
158388
185001
432974
797146
328958
106118
288402
323777
658966
613040
925334
658937
235450
160154
3586
90970
632991
494082
603961
281078
716699
282320
701512
38823
182571
799050
885549
171978
781896
712201
441153
765783
748947
508961
186995
853066
576972
607093
965885
489312
75783
768854
223239
677592
794583
712318
276970
185019
306201
880938
23265
861569
866201
789294
508377
272961
245566
267622
685442
343491
797561
730368
751404
845140
837482
976634
116755
918462
315030
336025
909553
511387
29522
375544
130897
419544
932301
139923
952736
718853
208888
453689
131682
90658
396028
652206
859784
431434
893978
880816
2511
148518
990464
194870
235220
569034
151329
977039
702890
442296
656396
917432
279909
719662
109853
765454
611386
592372
193875
969818
901807
254340
23864
685300
220775
318990
946014
117950
275832
77459
506699
630948
505282
20316
816776
908157
13145
230694
363554
204598
916897
315669
324608
899840
409453
564188
959354
45887
774062
770979
777767
768101
736141
201790
219618
935934
534824
753879
939228
504969
743277
175865
602377
850249
104698
660347
858280
332806
195521
651970
784456
87917
175742
365114
984283
805032
117667
629402
120388
460821
60876
855095
476937
487223
559
458837
142587
615515
838392
513767
256741
197441
828955
793333
315376
929660
381702
436541
639325
783708
590052
985260
203612
194972
700523
443103
814799
205892
376916
169459
698099
730586
281799
467699
715659
904065
435887
249470
937938
742053
881778
10920
343627
261283
702979
583419
287326
255064
988839
936139
537187
967233
93235
883622
555235
484175
151062
121794
22295
646839
358793
723051
672129
178687
439833
832327
432654
223065
73908
698286
848104
577871
530969
681080
276267
597228
961473
290212
736811
125624
382208
650201
101978
756776
506347
578067
901966
64955
18071
642464
400086
363420
134204
397712
819387
420792
630275
743543
713275
32945
115015
38070
862441
197722
904412
856219
224640
882653
924112
909049
76030
570351
309366
684282
244586
579067
122490
169148
868699
471520
981851
628832
507815
625694
255256
228497
647802
555192
161778
578627
312348
511668
507891
26146
532118
80681
438737
336340
905180
618734
392781
750871
285284
937938
99213
127603
778468
778532
823063
530162
411123
401657
958015
134942
51545
188990
668801
887992
131133
358025
442767
643614
890100
752650
296023
227342
363673
478793
961677
102748
707332
929103
986916
873532
930621
830790
463071
464078
5091
316520
340503
448632
995239
124616
400196
450942
361094
923375
185572
593219
745515
873731
244112
94744
418959
384395
476649
700270
845920
197656
345160
593358
766095
863833
194521
85754
536176
29159
753158
730033
615966
828954
985060
849866
276462
1440
835171
956283
624526
598952
13913
576080
951202
791535
917056
822392
190898
178649
141423
896362
821315
186964
495683
695614
869588
977063
270905
537979
861599
981438
855034
26087
36044
346101
808777
593305
884574
762447
674303
33531
406497
271848
317477
385168
256593
205074
383876
503444
47818
947351
188074
843300
389272
817862
214584
761919
595411
408839
410353
858460
607325
131916
313600
164322
938364
165553
969016
825241
496981
141334
501279
929831
940103
997233
929094
534715
886980
489872
111236
122220
544424
644082
150774
610543
932594
730032
245356
891305
439696
326053
581474
346383
904817
742253
2224
191421
406952
138652
290096
361657
527460
742540
611492
982499
710579
655669
95712
204887
296611
262821
661897
906950
255931
792307
27415
533086
871079
494210
785581
439892
252463
514779
346256
447010
359656
448340
239184
366813
672832
126421
157609
301318
642916
681617
426537
69175
821075
661687
827125
187024
946017
866651
86556
496774
265267
342858
574639
822524
100051
30933
192153
161460
379952
222595
519495
191368
818954
260762
770960
486856
966575
935696
66260
308912
604105
573877
592923
800367
247780
223957
361956
753857
540008
951756
887750
736323
858481
889519
790443
273490
972330
887246
785495
730468
587259
451562
271937
560115
638845
172653
847477
837340
319742
990994
183190
10048
644974
65750
851272
13204
373360
731142
537623
444742
682916
726900
47350
617634
918062
981703
878948
767658
408140
226941
504794
779857
99892
111987
616068
450104
403452
317497
159901
891024
499227
21961
106720
337804
697687
505160
516239
188989
14467
651588
488392
77273
718704
756263
800156
277444
6554
641134
5367
654487
338006
838892
478716
826430
738952
996260
999548
156717
946819
77245
428601
722371
107994
245563
427645
594388
339707
903348
848644
106508
417700
186021
382536
612653
918525
703718
680440
43489
527350
363576
332930
843004
250963
594388
383619
711108
39276
97319
560349
353638
181289
895589
608415
114666
649592
716594
729462
692584
396170
622116
987817
470941
313414
473230
262282
622746
421262
166534
554746
176905
101791
975731
841950
20937
674925
658711
999782
816118
255821
625580
111658
378276
366838
715564
613795
276010
628270
981321
559828
815184
854103
660068
818499
409666
736951
32923
560718
430299
129815
681097
974960
737363
116620
834426
178268
182048
815232
500795
244184
708246
335752
405776
21701
866841
769911
466384
801588
306227
475393
102705
863568
84515
624462
146435
634623
62903
512760
881184
236784
986252
392533
173227
93716
204895
993174
720040
272889
37941
251110
830305
193401
933477
28429
668266
489419
880654
783783
240557
573669
701082
211877
37560
853848
86527
925387
353176
294547
107120
22749
648328
255726
462687
77595
814322
54214
685325
402495
719062
370884
188739
316380
630745
814925
557830
2411
284921
134683
905809
413362
884138
923152
377593
389677
132434
664665
176484
231968
574715
50525
669983
259887
747956
247616
894644
103609
155598
956106
697186
438072
339451
870254
547334
26069
500039
685638
591052
293593
611384
788509
553369
302014
742133
534410
731366
457669
596875
551580
461685
470431
641939
919857
557636
857622
192439
918578
185528
682115
653810
971664
715232
792909
136865
34101
95655
955189
555881
295374
897191
443756
896852
965174
708349
894085
70393
696968
634167
240628
844095
709251
49023
492106
574813
87666
408230
858423
500220
305335
409904
106258
333226
758334
97703
213338
524416
900641
625453
249022
15435
164597
105052
759749
347558
241567
226277
780310
214636
282901
691125
825377
585637
501382
939551
717697
698624
831308
813757
583341
218582
732886
855269
862108
585375
848831
676762
97286
387021
161199
859609
829877
640749
874674
983835
386
924799
413006
73573
801510
111086
927379
882739
71696
558338
739949
239684
934966
421883
387022
149526
800086
557081
832199
498097
898038
696271
322294
155345
345629
591918
906654
869339
387192
939127
671798
621219
890578
750403
699085
902167
740062
720801
22490
492593
904069
178526
697619
959158
351948
358990
798193
6363
8028
900081
970177
273878
212392
228663
470514
548674
98838
460013
250079
918875
759557
982191
209476
483093
121702
940005
801287
240940
819542
382907
656313
141454
239125
240313
823991
907949
841509
776055
331237
418798
816813
977919
359981
491016
716367
836597
51509
243937
290673
928020
663867
935407
598876
820259
234189
915189
482095
324874
150401
915390
710462
444399
135696
493778
377562
300909
953220
796114
257196
383224
387887
152411
703344
70058
62200
565960
360582
298797
492115
772408
788544
489503
631212
260252
41390
7817
292971
500590
820748
828198
237741
649218
389403
952628
940929
556273
39975
530137
805275
778777
929088
547490
778822
984538
401916
902007
51311
347062
107028
956328
725158
575151
559835
626271
150676
891104
694103
914584
214127
836251
851878
1495
964764
862947
367941
921003
999496
209306
981671
546456
590951
827959
431379
253403
825260
829426
452762
605727
792572
430818
962740
923657
92464
926216
500500
406353
387143
484478
824293
198572
104937
148263
237404
626400
620028
125321
383853
450200
186485
385028
967500
160383
951661
956100
895951
485168
299525
640417
693738
32883
203054
145503
554552
986847
85413
713704
456729
511753
478149
585883
433359
718917
60477
545898
325521
548916
348834
82955
96550
579612
207236
621439
163834
260724
553112
914887
532061
917943
868834
710773
369461
405397
494290
906059
204739
814644
419921
598625
798981
406100
608015
403248
169601
46951
696406
809446
519205
788829
182090
600774
590579
618099
213143
510364
833739
799847
262440
716288
807403
464274
827954
212417
605893
879648
695880
228249
267060
609892
674763
906536
716895
700516
666954
737443
349271
976368
848310
644813
953814
545501
670585
967319
386751
887701
270962
870318
841015
247766
875825
816862
580936
607919
619967
285980
481615
979212
846575
413622
455611
457822
477209
107260
95015
591034
869757
83073
756648
834451
124480
228945
852626
811754
478103
47964
146422
611067
5735
619939
372186
644050
378356
211224
232691
916064
429194
351941
872487
629576
467395
849745
308037
810627
541665
60997
810070
9789
52319
400200
209823
618875
607485
870174
650251
469175
772717
12170
111636
131527
336873
576726
608017
358587
592377
725839
784612
605429
140204
899709
632998
572249
473804
710684
23929
872466
332560
218701
313997
720960
682420
756975
763985
829900
461466
248166
20785
866553
842839
477906
624236
634572
865624
147699
905142
561897
84295
265209
809658
934231
834724
686516
420044
780039
117837
488174
681866
993484
864649
375334
905861
164153
499163
179885
797831
48564
419880
6463
499251
889474
591039
832895
405267
177197
368603
439597
258647
481071
35926
385677
260525
291561
909316
344762
968044
492279
298175
714814
395594
254617
146271
916803
385038
376588
30066
603691
150899
7704
918968
618139
253178
964799
624322
971585
543020
718652
281569
349396
370948
800856
342819
984100
935194
451962
946544
649763
113764
454625
326086
260648
962006
837581
93371
643816
845170
158640
698121
825595
376724
467834
593385
716930
19890
609792
869142
312952
382017
119865
433617
336289
515859
425689
840830
162634
769204
30705
190877
616393
505705
703339
340293
947800
320717
179645
177050
542621
500220
87215
352011
640214
661120
207765
72974
284975
175978
327948
557353
507449
870136
93564
977651
656256
365126
622920
946002
918349
943867
337816
86364
849827
682796
184123
286039
606671
837413
185943
646686
279842
479923
908454
521818
895290
720598
741526
56070
11074
573962
586357
324165
825293
526540
854989
235221
821445
391421
390987
13581
101988
869034
847289
202314
223920
994699
310089
351684
870799
332995
518316
51310
57379
73360
84821
358872
39461
794994
874533
603276
874704
869458
87835
535238
633286
292708
761911
259911
925583
836102
18084
833639
898473
412971
8171
706261
158089
675088
121903
294631
25146
243899
425263
314565
862167
929213
332008
155460
913501
908101
931607
204942
671353
906199
885496
691673
277655
722053
984811
316352
849853
90112
622699
598247
687797
186454
649279
211165
376854
585906
913689
260062
830694
217988
106336
609839
547719
801551
689164
12157
342628
208439
58091
710821
865161
461359
529445
108449
27697
796431
138677
446477
232530
601238
832778
107054
183957
171391
955693
965394
477596
515228
731045
938338
757021
290450
414555
837518
50479
560835
971019
72643
676270
459908
896169
868162
738958
520124
594290
395147
731964
322591
437203
632767
533962
362669
134385
557291
577790
471722
164204
955764
577188
442527
80450
523156
923100
164984
838314
800561
909597
422045
576633
136007
521357
18502
850240
11374
111119
622946
498113
997487
516171
937207
600732
483693
831466
811483
933126
693640
805669
769251
182057
175729
951244
557666
620172
533584
313177
393519
86146
706467
654225
848220
960726
360345
592904
130786
958715
655289
565274
329411
103800
989082
322801
927332
415698
676603
655467
696144
240820
110513
890412
421161
501276
569820
561031
164777
725342
200626
199095
891077
931688
465273
117550
369865
167132
849846
299472
642011
132478
453050
968322
465160
669629
289404
160746
973905
839623
717256
962204
240619
473073
927597
160495
632293
559851
423072
524263
99556
55808
474842
793378
529236
137527
496911
455535
404748
447454
334061
520800
893483
241624
240296
431693
843258
617730
614286
723947
58321
242790
870168
903691
401599
302359
414884
424941
788703
967479
741348
878562
923633
521273
979794
3937
604091
868949
93492
35481
705237
131038
198040
199827
549774
570851
765194
575020
327430
60589
833185
896361
846517
77075
656688
706943
851998
915202
470978
272658
669727
289489
362062
819255
633552
420317
229800
301590
947298
465213
422721
234979
994976
701127
807998
626707
131206
147321
185997
25042
465985
205163
247580
231091
24266
544933
830230
633607
448210
887891
363411
81381
7985
5772
686372
907480
170747
810850
292772
641549
336649
371719
998436
26088
282172
661001
402766
20233
305744
979441
557192
657897
290142
353752
682720
347334
13654
311854
876204
162243
630683
835782
76555
563328
714139
389689
920591
579018
136305
371768
574014
115852
959146
554067
372853
838287
999580
743337
270896
461566
611299
94497
895879
984877
976685
140586
818986
993040
831187
992366
419858
149724
808615
677277
721778
50702
349239
40013
844669
125064
640394
724558
352699
47712
282823
64623
371220
742705
689457
852804
635133
650327
327723
751920
152242
61229
941680
360248
20404
272489
87228
250869
453523
24935
350133
270734
529398
45413
170407
498720
8973
133579
221406
965053
984519
76899
828502
227098
57103
697129
233743
127482
312868
490601
469235
51761
119247
691182
102397
816180
147364
493736
465548
304792
118741
515890
845615
265030
32708
112240
305548
138344
817500
751537
921731
591862
72660
823492
524100
490312
347610
284150
507066
668894
504514
498395
866847
374863
785999
956464
172709
243094
126812
939506
676909
661892
568438
341538
965874
172714
310082
54721
493772
36513
407556
317901
797736
361374
486822
325313
32525
263130
115477
856059
986681
707571
510329
864428
734847
930505
490872
979527
385301
375308
938419
150242
693655
838318
43725
916327
755263
730137
589975
246292
703624
300011
795857
498012
725521
193530
127924
545909
77591
365258
25716
315266
151036
835884
330402
155131
22832
558361
758201
792251
374395
664996
675882
847176
425407
820082
915429
591716
837505
997838
634967
381411
251690
944986
83569
8091
517582
607222
969400
475583
224686
94756
647588
593675
425397
731663
190512
853063
562415
839920
817129
872823
421957
331739
301692
18478
22803
361632
357727
928465
22390
716105
102490
605686
936247
965442
947845
872672
629305
516107
653648
102134
232006
39454
106117
13945
135321
16955
532223
172570
230583
504582
411316
153774
604925
737028
712
379175
779536
742382
381518
982944
140210
580855
218856
48919
277563
366819
879974
475476
232975
749132
491640
651769
464348
632508
757984
5690
100553
937121
562838
459419
760354
674534
947705
112571
173136
445503
693382
567732
885828
720726
123451
929051
941397
256770
789337
895820
838394
970003
991286
67820
116858
236264
81488
14077
977325
538559
431300
334313
632276
911262
207619
941830
507556
146755
498430
107402
709489
107616
495966
537601
438239
956694
200780
945573
590500
888767
179566
653108
123697
363428
327489
26231
669846
635096
365222
122123
839089
718412
201338
831123
873298
789843
348539
408065
711679
146633
40387
396365
838500
858523
390109
95854
324127
885814
311888
868190
549939
902108
947538
554838
874455
806207
637849
543454
655587
541678
505381
87305
392502
365136
472517
234537
207067
520281
869463
512794
444646
333031
81932
305239
628748
755812
9098
341478
296459
238489
263738
110783
608398
730412
537792
384455
287004
589156
169285
295777
413930
234800
553767
9088
16990
570045
986063
91906
481308
564556
709226
488181
261704
371546
260082
876875
796367
551917
834264
865482
737396
940756
565380
590088
132483
991310
538977
685670
431849
673131
245811
864280
68932
834556
150110
679582
931229
592846
24164
823408
323017
601673
889781
560972
128424
730202
307212
527426
106184
10493
937943
229710
99041
924414
563060
441915
909015
97610
330248
287302
835428
643621
833977
621219
99300
376337
513586
440176
33682
958056
551719
468316
88356
583392
354652
113554
226869
520359
831508
3529
780957
498706
243517
814606
34113
213565
646344
273837
315953
825021
25273
417312
68557
395694
67172
760712
15289
623878
351507
355132
514764
893650
455963
698034
798131
446999
41352
839887
680998
359692
133034
241602
16045
455735
754576
473913
484557
642201
881265
4564
533392
672895
474115
84446
897207
211923
662381
156315
996903
893108
749731
982342
619990
430836
245023
507816
971391
369038
118431
18720
517342
191913
92097
705480
956050
651338
139292
217724
988613
415550
80660
522285
164220
993699
70931
629348
427767
703005
390129
315488
887855
975731
418218
577463
994348
48909
955745
297998
381685
578686
901150
72128
78883
900240
365175
644513
789932
953008
784259
84595
520230
776302
303504
472710
342843
182503
813344
314196
576410
292033
944479
209370
582109
821030
6418
802730
181704
811071
684150
500691
748496
291337
624093
167111
801717
350283
912269
553316
866083
262493
127563
590486
124794
375361
593510
241022
268539
897550
920434
78324
58597
816376
322725
864230
653646
482792
155633
409021
694225
509723
334586
107592
662981
71352
56861
547866
205111
45129
716765
164660
846787
235484
808590
45159
276893
41199
790810
485336
758789
559123
428237
488389
16549
950443
843001
924004
683073
754204
889513
307061
218195
282039
134057
298474
357266
982605
155739
674254
264825
677832
751909
541154
888250
214506
368091
598395
316061
280056
924143
339562
35075
191243
471556
259121
441322
45619
935132
62190
380252
758611
814899
443451
340620
385438
41241
676602
322388
387285
526088
688683
359350
330158
190619
724961
578549
339466
50583
637854
882857
541588
43755
749676
567421
160604
705707
834862
344441
575009
942756
441294
377718
488384
168101
997923
600556
593674
610763
961395
502208
571308
295893
439445
853045
527765
578509
452140
437348
37367
5130
697939
638524
221044
702790
974284
296526
637386
732415
792313
207207
337239
212391
538878
839941
614361
492633
259619
311561
498413
954054
499047
860658
339091
297939
304499
223250
182562
190488
696486
322433
258741
201318
140263
259718
356480
524222
927978
425429
876825
323503
495713
682093
738701
573341
76692
64227
882292
556882
882833
728777
405908
866047
978361
433326
317167
79542
908432
312297
303492
568809
303683
336485
955855
154439
784152
321214
412379
25803
245924
846601
385293
827999
273582
860882
783857
937323
371909
572578
806997
466140
579027
473076
222792
734869
905464
286183
664961
589556
820017
900698
590306
764163
497854
787771
592327
617736
187762
840276
334380
557702
885833
605520
448332
17913
400259
26325
197791
360712
542604
422246
406645
313922
888122
7068
403031
949522
265569
321666
726603
166797
512028
266613
355759
391808
244635
663457
841633
465806
235579
658771
924348
890440
554007
665710
238533
945381
491271
372619
526440
17443
196611
350912
248229
92161
698801
860508
491686
714287
417874
399788
621505
735353
301908
170885
233453
544667
855207
118126
935180
143561
682823
191437
17136
490536
213489
986529
388776
679917
432756
812540
370189
960695
756526
42589
841638
200725
224645
884932
542052
370167
269981
705698
253744
187
88521
611309
691069
871259
321798
875982
53428
261010
383466
957530
196350
118711
322799
266006
119120
798300
195683
48820
289326
203529
658624
376785
590272
315165
234998
190695
454820
392463
714492
574262
31286
710416
941747
480654
988948
96740
563726
735812
866453
851788
47129
983321
691065
134525
542919
754658
55039
389397
471224
218736
901952
414849
1947
839224
833846
984400
69294
107507
681868
961722
150848
372572
669576
666075
255249
505055
536405
899356
191985
812087
929895
987243
18362
577619
775263
925733
923332
681442
563243
142975
151404
573920
807770
454989
969498
798794
388103
653962
312143
663148
119984
530469
353049
35835
582095
137889
53531
720580
58399
102509
614423
21544
478366
98720
872246
135405
914306
889251
125520
165426
427393
34003
727305
705970
155643
231533
331796
274380
170878
264050
726030
578125
97269
972560
912467
290370
813269
962095
321225
462297
476125
529163
880958
221092
422064
384435
356398
721870
126431
352916
740233
835179
97200
955147
381276
392578
192577
411781
349669
651172
369702
196834
526747
295461
145067
241533
424157
392433
842937
803459
952279
791044
143413
669756
912085
457640
624238
371310
305434
367965
816612
333705
940397
433102
341013
442211
75933
796220
552390
430049
476765
287360
180652
758871
736773
375427
938395
437396
656082
807080
213476
262431
650603
912341
492345
817933
563290
681184
632251
857298
202123
288552
874220
847791
993303
122213
870291
515424
157315
246698
916902
685955
490199
940001
144737
776583
467370
909732
413140
600152
4098
371518
214373
979149
966360
418455
540133
765201
602322
619021
920478
24572
582829
28666
357147
595917
764085
228361
175768
137411
212188
773162
573315
103223
530444
931172
619364
829209
893557
232267
595727
286459
120107
585882
477130
706747
11085
375737
673835
773416
656466
753140
511306
477698
809151
338914
40902
557639
352455
144181
282771
739732
135277
684722
361668
735924
794676
839777
182711
796560
756573
33568
69236
446243
66263
908208
476080
364587
869548
914311
262476
312927
643289
750262
179344
97697
980328
457046
13997
983933
636851
68944
119917
254454
83727
806035
529462
208827
64016
700345
746828
185393
556245
59794
279476
20258
871780
752167
183242
198679
461637
754343
625145
94575
544336
122628
282806
494006
632902
773047
538141
879184
143329
418199
255716
424701
681729
136482
123625
218200
557270
29402
20921
17683
144269
932279
814610
51775
201098
423534
240520
570624
105830
676117
667196
570600
531492
553082
480924
688921
610716
536900
58863
462499
725867
115179
641145
595984
145862
477859
390883
637447
475419
675407
711201
46431
255695
555605
745297
501929
484816
375437
524755
228591
383061
139884
230115
722410
845336
410745
704885
742883
268526
480222
959079
484734
509028
24144
639022
923605
745128
160459
135995
98290
712709
423093
282233
892360
527852
181103
553699
4981
419183
1099
968257
83859
703046
873272
703882
535534
66020
853304
208481
392459
204743
908329
485752
651615
311075
621840
709299
140492
995517
605274
621374
90895
238032
608745
257981
221607
217165
886565
114682
229746
944453
458615
56560
740262
752562
48155
537299
424436
738524
735791
114964
390627
910291
736380
289174
697140
551117
629039
752685
466690
67039
200478
433432
310300
449580
542920
979237
304671
789964
773337
748820
821126
47582
319821
520082
311269
848934
716379
510821
635550
907429
329080
357460
323068
625153
543114
683423
429803
638549
831633
718481
933606
977478
269070
999622
73661
561955
352631
950558
722428
532035
794359
23299
510614
88127
98665
737654
608041
725622
448440
870541
679894
451765
189841
157661
763163
531218
372961
155274
473535
359963
351369
397622
82287
831304
615696
563115
851324
916114
868213
235645
282360
170189
653269
348093
456013
226903
609259
606860
721422
807879
522922
125941
540231
595972
499820
906220
997954
913907
253731
184032
475708
119564
365828
26240
12359
756780
754170
982151
786580
137711
661729
619648
205975
140561
488625
359065
88872
910241
276283
198905
516666
491225
391282
853166
254002
61352
862883
348803
370301
209135
628852
149610
713055
582307
656121
486278
332575
109885
344141
154476
849599
950166
744208
327308
761764
282797
579712
691255
517969
204595
140273
870175
477165
516939
138470
487998
397501
318793
432863
105370
599083
458846
441145
510003
255428
516258
266659
743036
78009
207500
222840
345589
689707
654749
144096
570929
473446
952331
74062
34117
595635
391043
837198
390626
980290
37219
695793
917323
170825
883581
453916
654161
35979
664401
595460
269027
667121
977563
865621
834413
49493
146124
878836
998685
144943
522788
89108
721392
607615
225022
43390
348005
53710
479097
179313
616744
929146
297815
475209
444878
545974
778820
752969
224943
568750
441393
881580
366170
658638
647217
467291
439905
493882
337896
642270
69835
391654
983233
835690
375718
491462
265809
82677
457086
81792
756228
766045
662722
395656
130747
832068
69814
817756
933627
931797
649350
209269
40804
892929
73910
180273
440683
654247
545898
854470
604614
276409
546395
946912
922287
991684
982938
453109
934646
893408
29558
939790
789731
252831
357792
790728
70047
381993
966874
140373
329532
217149
758917
3162
498760
164433
912221
29292
17012
907375
685464
285709
87302
419772
165867
108710
288310
296888
528084
432712
482640
343285
671460
82103
773252
770697
516937
400829
455050
399402
808824
677145
818228
155093
966089
893940
644010
676262
556330
165417
794055
426073
737875
320148
222832
387116
383158
79893
580742
296146
505119
125919
652909
949916
268559
572605
841866
847008
186853
580347
935463
152535
378311
272863
790526
949211
403010
558985
667329
808041
321347
386089
705109
251593
735028
439986
572247
396790
56288
917447
591678
741589
758840
105776
288958
936392
79204
613772
521521
952180
163289
773615
72904
388839
10846
845979
764386
995173
392500
232833
495431
416509
127662
876240
153672
187808
385131
876762
438600
506041
621909
913376
953304
24300
991045
844735
274793
687233
69001
982871
134215
561946
977060
235675
886703
461623
711667
128210
299465
786162
465552
635023
363068
61337
154901
298794
921209
439785
581135
987742
323003
895283
923377
88973
284271
202073
951013
603646
253874
635753
634480
630407
635931
479959
494383
375081
504253
837668
194975
580745
190982
658856
41374
301318
42171
696638
508735
306348
420479
786324
909673
440988
885540
426806
918534
403719
510351
849283
513343
475038
785865
806134
701278
233772
897817
394720
620932
940169
136835
74241
770224
891152
547490
23729
648219
196164
895157
147364
90140
990783
604115
563890
433101
762108
463683
279422
588419
490044
680740
94370
724270
12662
849116
14017
305139
814591
738251
600245
904038
461118
49928
204182
8878
128504
206861
227850
283306
937133
241642
102032
445560
322740
195960
666797
109421
488932
579767
784686
596502
544165
62495
342974
523043
266383
123592
491775
641363
439788
905788
981637
939964
949642
389635
381125
614993
180954
704253
382897
301553
950201
772401
933545
269742
277024
159883
344290
540692
919707
863027
195149
932426
148650
138580
473401
668022
276844
149558
812448
150248
625960
586081
850775
234053
501337
868783
732205
491345
833815
384336
571878
478228
516196
701390
186138
212367
96693
894046
873115
125842
186266
503482
164317
557195
165741
893896
142607
836824
763374
872297
78752
317954
840077
571649
384726
317636
875212
230362
248894
282015
304974
667707
453999
914575
143034
959186
117469
703540
571124
480643
310452
257513
551946
298839
628865
875386
38044
805374
198365
644837
86575
43843
65421
366733
793988
254966
574981
540508
435719
829925
170747
574381
434261
700838
37427
623230
405087
480874
821923
502050
215671
318621
527811
99110
46391
147828
810810
404735
103561
219885
141771
26763
606038
773351
214339
385353
906786
18551
163989
729493
178320
306676
75536
554965
577922
302368
836501
771568
258257
570344
900653
572297
258465
134292
522020
861368
148542
800541
570555
305125
749158
220332
203329
84121
530705
184597
813201
79534
176888
716807
465958
315522
742150
120288
873090
643645
651767
38808
847103
230656
213710
461705
877708
183037
709948
723171
817369
921281
185989
839717
533077
752709
583753
320550
155449
938050
530376
46188
230286
184105
650684
209462
858905
470672
688074
100246
445381
512808
733270
205593
190809
797408
483741
291526
750883
638458
832509
192083
512794
498741
15105
609935
514555
330060
994349
733690
80035
518717
514009
413256
90487
74102
405532
4828
101994
54564
348638
578666
949262
867571
393879
80558
146797
281820
181377
321447
48668
240955
840201
820472
671811
662063
70115
257807
166871
602812
160202
428563
826926
975176
613682
250977
61429
775397
579629
749568
37596
337256
535376
453297
642397
991019
873326
94682
179094
165094
999536
453
13469
820433
663177
929720
507097
921582
279319
603204
774175
615425
717374
555544
116884
372067
39397
803661
25033
130860
898701
742752
880824
181764
950760
238
986789
913107
724027
324375
121234
525135
803835
851287
86491
275263
37003
696106
781818
757794
354654
288298
156839
921962
721177
408913
953880
801310
936541
263132
384225
459954
627800
602785
684402
58116
182691
209209
483032
651049
870486
779690
393428
857490
500951
798303
705913
896962
275728
275066
375964
937906
752764
781930
193266
596760
465834
671302
597546
251835
773456
995431
790045
591014
241920
830775
668901
193648
168578
693650
607997
549035
182921
130187
934922
837833
442844
627925
58199
638645
266210
764438
569176
57321
339137
172404
543009
630887
933478
662206
121742
440226
787663
26936
209972
284524
219964
235094
616121
69749
957150
616029
652342
470018
679447
627091
401497
944311
35689
683501
291259
352712
231852
603475
14176
962940
632654
852630
555650
204587
956388
688897
305502
535348
924541
616305
946871
541585
161613
860227
967442
842608
377920
146856
106564
736484
109668
780590
787884
919621
2745
418443
454554
794527
111823
929597
105370
511020
698418
126082
588920
18820
66061
539731
761280
777327
621316
546352
869875
860249
90454
857315
637678
247578
126420
955363
310167
67488
686243
965601
417157
494899
163397
334782
862213
864881
798502
583387
656706
654001
746108
829966
445962
828902
726887
935476
308247
63510
391015
287812
268634
108549
553357
695695
97679
614023
423559
379443
613513
231316
394497
460586
772923
494261
571317
445289
265501
391188
952611
127572
225938
570565
957241
847998
245377
658827
830101
778599
39814
496995
70451
603418
747515
363073
408465
463693
292431
945413
175058
549415
950336
534622
637393
90996
743289
773685
716641
220108
999552
797541
260219
217906
50504
278972
927645
912997
597770
596664
211622
973037
341899
792459
874949
942502
853773
365376
374775
604151
216546
381858
328561
798348
762788
948700
11372
871124
677189
617651
82751
483857
898491
44649
361201
951608
657547
772799
238434
136952
376647
727558
210717
178733
941140
99454
49178
152551
330818
327347
403314
762331
557565
997790
765536
510411
843677
927944
810432
715996
4520
60482
845839
804573
427797
153987
202070
289203
610362
850081
527278
694749
287575
291375
389043
209581
2168
144111
429072
481721
838163
829758
376343
782858
380511
305298
46173
787365
71513
489517
392906
109616
773623
533323
168458
415712
252884
219267
665844
813966
448891
616980
200483
700569
672409
19822
969652
251072
68916
684431
391862
553662
496644
552535
431794
730837
255090
869598
356339
797407
121521
621580
84913
959846
640470
178319
909005
646331
707659
882078
883340
958829
540066
756080
79588
147240
764386
819859
134957
303691
772300
183179
771378
710674
241233
110308
643862
59419
39514
896859
490542
230146
899325
896555
886722
227497
83818
224006
542336
885832
591731
309185
423524
151653
176195
229879
29067
994033
223725
611766
359274
737538
367092
303243
78094
761240
383840
96793
931591
120210
453946
136257
195872
174408
264753
67526
462266
55734
634683
626976
685250
33212
65265
32891
710481
761721
88105
26174
895754
375212
967600
441945
829300
835794
433426
335492
660078
757925
268966
106371
223139
682687
507537
337370
9554
938194
207935
317873
672215
17748
465500
753828
314830
31151
288990
896255
107060
13932
303958
662503
166840
810063
860812
316091
618734
753918
584450
852480
90878
292495
467026
476871
475321
631159
150024
725228
648835
903754
83918
323266
374628
704870
394271
99364
995764
468820
417848
456817
430186
813066
183600
266154
138875
678978
48144
828386
163193
747681
207662
260226
951916
367081
207556
260427
625539
455918
349266
573871
622140
761229
8388
833244
880075
79611
452596
999409
265376
268506
909461
628523
561297
826569
515933
196657
457633
730243
146694
858117
147113
499788
659543
480084
298879
914667
969487
824142
385604
960028
915169
620271
980643
598363
392706
722066
861090
912287
620745
274956
866089
747530
477279
384130
187645
351787
85378
230972
768732
16447
789583
365502
487202
100088
175295
5803
467348
201528
321390
989116
856411
11929
695311
305788
425682
263500
573202
762140
133561
318102
365922
291851
63917
611750
321048
827356
108800
25751
125208
358465
733771
837863
740520
329544
754859
744372
372775
245651
789228
422458
326993
230557
43429
680851
181654
247129
169771
977294
630013
274827
254819
881848
52843
701189
558400
268009
199503
292951
585511
37713
328800
351581
974062
973263
821315
683778
516113
16604
357748
251000
49793
259291
667332
699100
177038
411311
759798
800828
600484
905136
8879
657627
842954
521608
36062
454653
668704
43754
756712
758268
912509
854262
970148
411141
806148
145398
785025
99241
189272
738303
689930
198634
389936
479798
532374
881066
941406
389850
328807
646470
763740
835044
353695
551783
607475
257829
434540
663280
429025
692023
158748
281574
660332
100241
800106
892000
5792
251126
275735
292310
761260
381430
917972
91927
650974
839954
426697
467893
137258
695092
337596
870523
380578
850252
108156
518396
213236
931067
226767
588697
911396
921682
277841
743561
246226
409766
121322
504242
394540
902441
300602
778413
987150
745069
322535
797466
884795
846565
752384
32917
704290
253529
909718
719562
539350
99686
989364
80721
843097
821115
752858
17926
491891
745419
872198
621398
411581
836729
237525
284018
965694
559737
821716
119307
282068
378381
269726
805006
608057
275385
31715
924467
489149
965228
320765
481301
866271
160177
243551
679012
752133
671305
430024
314903
673471
116397
726312
381674
546951
272761
396553
113570
146028
190155
895690
879129
558746
434432
381710
610455
356897
352187
356609
123737
684470
643159
973814
970496
263188
3218
169362
919014
866304
455865
883824
119444
104332
827587
903559
86569
788489
285218
886694
607467
989741
802851
10388
175906
159639
377097
103459
45216
845275
721967
716389
946294
276255
427350
772208
163944
799663
830734
284526
869617
732929
821307
154351
59561
146236
350865
112557
871716
402079
616872
201597
589947
853436
78965
869763
42459
85431
583327
685670
266582
430717
518336
402507
255259
552979
257931
315673
93428
730104
808189
564123
952726
390577
541929
519092
528010
241165
499602
714601
396645
863614
357286
62665
804243
497545
701369
983668
274399
458962
853538
883761
109343
396170
382657
711117
730607
329679
818089
430146
855123
10376
666401
330280
223281
646161
91236
689239
466373
28830
355871
137183
273189
677119
291969
57949
435293
916386
33894
337807
380307
127836
327160
619892
507955
903594
833291
122498
958311
887118
117996
479809
211518
394203
47764
86536
748031
799409
120384
470264
890939
761673
802443
205490
349201
791363
954434
42519
888379
399340
423924
622628
767327
994259
939878
953407
530382
737590
393982
530203
540497
559422
645934
981236
150845
778743
569155
536470
867991
45121
426613
434176
437055
883512
30002
4539
737415
816915
175573
124454
259590
6795
257525
577248
877120
759014
575278
7909
928646
736750
199669
621352
142177
899739
549887
134292
46448
894036
358596
466396
878489
167982
675850
439577
25683
11204
91037
673824
697537
498624
195450
852377
854701
5450
908176
993562
946928
581105
235345
434587
438447
319529
3002
111278
689570
467582
53661
889051
262343
403439
806226
276392
840568
603453
794343
877263
559496
388346
724703
524760
62600
692313
151470
332293
384166
108519
587785
185629
837756
860216
355037
402337
985852
508502
984627
956598
22460
464265
798074
701774
461659
111549
831649
473830
518646
370844
24082
399420
49121
823357
355964
12615
773857
781424
170020
967647
420720
605630
652031
754870
461566
161577
200461
55405
332455
200623
903763
535004
892244
872053
376624
147512
300054
126146
201274
15951
693456
619911
437827
476625
296891
509330
178038
683297
967840
363332
210714
367468
957075
28322
289052
942009
169758
604252
149402
2460
336411
478158
184596
157981
98324
210973
608904
181212
663140
627877
730798
72932
579897
710400
655759
537543
238770
875196
464427
484819
318829
619970
136946
712897
234003
122881
14723
143304
937413
740344
488558
917356
149735
232164
345500
475160
685740
817278
669426
467518
484942
345330
733148
483349
774862
55539
720337
560605
996561
251738
429711
189007
3188
316497
252193
675426
319029
348654
239713
241300
12819
131497
577840
382148
749338
577960
895591
580149
815047
416951
969352
294056
604957
296928
859801
152272
140469
947611
749760
97329
716118
455862
37741
699037
102112
521099
826154
97483
644092
478521
28154
848757
893941
449107
265890
865978
983549
655172
230169
664301
724332
104012
292788
184852
480057
323897
976999
667713
100492
962557
544020
833716
891011
308913
298409
329053
408745
436889
546708
647654
570511
480900
845956
699340
900903
609075
721229
692971
443854
732511
87382
819571
189159
72185
984424
463485
769335
872192
164270
5872
667868
385842
906972
254412
533653
267266
769371
248318
443856
803001
340352
422745
482856
467253
674257
57888
462768
106824
209065
534516
561082
428809
975744
43747
779213
84193
748247
227932
61196
372771
911576
394605
939838
170698
212212
486776
635146
923883
795011
6190
210756
369938
455322
192553
519122
320849
261263
946879
741030
957321
562153
651868
799189
478143
178219
631206
919456
537216
223254
564320
537135
925830
745157
788171
765061
416507
422965
258762
371334
133096
520598
311489
774472
502028
36167
767259
594955
923692
879705
232398
622612
286178
729704
91241
427763
187383
93556
885619
333192
243238
24101
444581
625297
859768
454745
40863
799256
9079
343269
482633
738496
86873
440551
862753
701353
771872
499070
268143
990591
10552
315494
398370
453017
394417
732758
790667
138747
609924
447781
688920
255201
122458
637046
999329
316621
961304
335110
957606
530059
176828
440792
298917
635332
944895
637136
932323
256317
834839
698850
431569
989652
581855
375614
748100
57279
381886
893713
451936
11263
982259
823644
925415
663396
404811
503417
784721
851157
687946
19129
749437
474341
522691
325043
779958
663606
141672
252355
142052
612918
674882
566488
343124
556121
418046
636409
306451
586444
1436
766368
179245
127944
694044
443480
622315
73403
324305
948349
121713
128999
518020
387745
139303
449364
222043
902516
834956
626285
139094
204410
357167
501440
298367
785036
338931
730317
146022
222905
811025
636774
430958
729834
134196
84000
347550
391797
385897
449801
942410
230496
525440
319294
374696
277124
660580
71862
511746
407058
431187
19852
316288
986459
287485
658948
764687
340227
41398
838969
273062
111679
971358
731602
472352
381067
779576
23483
799847
721800
961336
121291
325368
31914
305109
34448
76993
142189
246863
191622
256186
477333
127662
83319
372527
969500
708476
904205
450677
723627
176980
965000
765558
441901
626855
848537
952494
250340
822601
592695
52741
383354
39796
24034
992236
949353
378588
327691
533982
964949
122931
422937
90364
730530
988022
184696
715845
886107
700896
652402
452193
436602
985132
29598
695409
647472
384270
449286
216910
379006
386893
230660
546327
647628
165330
423962
884425
302258
316248
112226
991662
649117
994096
894066
881126
158373
22514
263835
511087
803027
718791
944487
553539
900638
181267
372118
817588
268095
294438
579751
350663
430066
12111
54329
64516
914004
749283
772314
941671
422023
387016
611129
219562
800407
706099
694887
691059
899816
53878
237455
74151
682180
224627
115803
149588
482017
864489
118202
298736
897858
931577
264833
83312
353858
741676
270173
869755
96388
957800
855212
557356
460084
403421
684284
622975
384883
994775
599902
173429
206453
310209
172836
645554
612677
708622
872362
674738
480534
805641
875198
218253
650925
143293
490845
571010
361984
46443
955045
661065
359380
42774
271569
580506
67536
164463
184939
626112
971448
378204
186714
621651
780262
933094
982066
157382
837639
386442
801248
450912
805634
512797
465706
688358
923448
555122
289131
778285
625751
759150
814236
247465
548336
737574
378842
649416
936996
960111
940913
166718
857600
390063
95162
548241
439845
873440
261189
36985
42169
839221
717903
33539
241466
53678
22219
469210
82218
15150
433225
514052
177679
623301
769426
352488
361454
550070
497839
268326
638308
399814
138992
478681
736185
900213
188259
991772
729554
760171
844856
229255
752361
42369
51573
418973
314796
16125
507087
923687
56178
348017
652957
27107
505460
131027
547508
127660
822772
490070
103238
406306
118045
610649
930878
159731
758385
952083
141695
760209
143774
767960
276297
740949
995379
782506
865645
497260
504726
219669
808860
20585
11591
980804
163879
256484
882796
469594
329684
158527
91845
901602
141721
609783
295083
916184
899302
141117
420884
438339
343933
974506
652813
458197
374908
214305
966995
421391
550852
551954
792716
550103
757092
699708
21788
433884
124301
92757
680872
971023
502838
199703
489338
826651
618650
851286
748022
740764
830858
598554
857405
106102
632296
920292
52235
88232
316231
48815
629079
915028
138762
486742
261944
219383
61351
196717
946704
347111
831890
130855
133244
171713
874492
958566
510806
382735
968347
437089
383069
864300
165508
988709
261283
376389
316699
276203
527592
762067
666745
36424
814478
132745
241597
17767
846062
273638
817411
348112
227907
325891
134019
423604
680608
749001
863336
422287
780317
679278
109595
880772
667059
678638
512543
871048
521355
348223
490192
298715
514540
741565
770310
369982
724013
76038
384227
535323
65523
164142
865552
947247
876734
160030
104247
427140
556819
610477
94940
29484
319047
991755
236655
347838
676346
545452
456200
220801
893742
516260
737314
59523
180276
210879
233924
784939
281553
404813
298137
665817
610359
113913
516738
694408
155853
72842
544277
240202
506446
630504
94032
418984
739213
209754
78970
986164
895083
5249
669401
874737
112831
776542
229720
867017
272405
515391
335886
868817
932469
678990
711409
218418
842579
222041
613162
686544
674734
362598
883452
387009
631856
548445
929631
750408
452239
285736
253997
303208
191781
411597
508850
555804
430766
674294
462185
776425
420193
518512
671410
881001
554091
320281
148805
325941
569730
72987
154560
127288
543144
727464
924023
910468
818454
883233
712335
348004
188703
297189
664943
328891
574317
857031
601750
89804
903426
79985
246154
723723
832677
955048
412728
252027
174341
732007
541945
861402
321453
295302
592568
366052
564208
188141
499435
979736
568406
597553
547652
223194
964599
267723
605733
811569
397684
956156
745302
326397
318135
837898
65012
229609
655562
50220
876995
639713
320700
323849
834457
772461
685863
134259
205909
841030
187391
119017
237903
127283
334228
636566
467319
414996
510185
713584
32195
733141
228819
865071
711083
479106
865928
912071
428656
187981
884729
709988
395215
458759
834722
827630
110789
824090
568255
802951
871741
564650
61533
348117
689230
196109
713979
183561
711928
235512
962577
91868
668523
752693
888976
363888
385815
791713
6531
544292
586899
310290
981226
742357
738468
17117
844745
244995
971704
797010
269423
743515
816826
144580
612828
473989
320086
34287
81489
53255
340883
859367
963925
368053
664063
385423
796770
584171
311383
980838
525841
940904
182267
182446
417179
628438
897949
16066
491096
215671
237408
769351
121283
63884
191044
959510
529692
662017
918844
558414
659105
796612
116691
312586
30878
66554
47307
834550
324523
957512
170305
855231
193516
741226
304286
577675
859886
658740
514138
397575
456591
100523
250113
968210
803549
477867
362040
409093
514894
588586
757299
872696
250545
506758
352245
771585
591050
621378
803364
15844
668387
619841
137340
631398
67881
953089
416988
46638
494467
937022
373821
841649
97549
546132
820584
199786
982192
595208
296309
742314
129546
429266
530772
130914
665358
495747
622119
800593
993307
217201
691137
771572
637275
724678
163976
831066
950887
491011
728091
507339
569530
479772
705364
643815
779882
183637
510041
344536
463725
883485
800522
956571
119710
58991
439055
81462
91846
644041
663604
178697
570805
941721
688801
851581
730444
237432
470340
695289
811225
500300
106583
350678
338602
920400
357548
22590
872684
658098
859844
414212
545728
456281
855744
74676
28805
884735
638633
403403
50178
349130
984746
114062
956721
215694
807277
447077
605328
135871
698763
964738
202972
149804
234825
792407
811841
199951
524005
648371
47199
25693
195432
51915
756966
806778
219840
291723
838169
946126
712796
183812
417903
709220
355727
924027
893531
937951
570098
102114
406084
510055
727550
206665
143524
559756
275972
588572
920314
23915
498880
509021
108262
466498
945715
174640
851239
218932
479196
74586
727059
45235
276396
698749
65796
101400
212293
970792
994236
974455
199706
412107
524550
21080
639601
542341
653323
87923
344279
262904
431346
141638
764678
221013
967065
924619
13010
995487
481891
344778
405586
678791
115405
868371
920512
326600
762912
553429
171316
998095
520420
902270
693492
263994
657995
302834
494515
723692
239220
837658
615820
922338
855614
279647
271865
793194
784806
144664
59363
442810
483542
741673
283203
79274
957482
174364
305480
725972
303871
285761
885319
619353
935700
232846
813479
525644
724801
975215
741097
21326
41884
203493
976778
243888
364406
750348
366331
580252
195874
440772
553276
478917
101435
391602
699871
33491
417680
463598
136758
141831
189625
651092
639040
227186
908250
136121
380634
834293
788146
532422
704436
833488
907813
361983
440747
768381
541866
30626
99470
295675
483489
769804
815905
390139
672681
231631
331072
373963
363795
967798
498565
847545
89082
821281
684175
761226
543330
508398
806339
841327
352868
616925
839238
982610
380264
712559
358579
830963
493198
416710
795720
103550
511347
539835
177563
958969
304661
136227
11374
68111
407486
235151
512566
875682
579639
681065
648181
429065
769866
793307
549436
931946
757852
535793
961641
456244
745976
675172
602244
310466
202059
198588
329112
829393
994532
414048
874510
999063
435938
702308
111884
394252
365363
622213
30698
446009
25071
663170
232943
840614
892351
978458
673754
400538
186043
437170
529854
365882
959020
700319
14456
66030
920272
644782
930760
2214
472009
279549
703423
195978
133563
749594
427531
22200
603886
487722
295953
779352
809318
348326
180359
70267
399575
487079
361335
62648
260284
481323
922994
576918
938890
636056
884379
142970
291596
334560
198162
331828
116485
823403
153821
787772
490545
960224
970964
63777
535249
461591
752234
679037
965998
629329
716552
941899
729060
648921
56179
821939
940124
742582
110845
451053
659379
740171
902719
447410
424418
312734
552836
927768
845163
390740
93056
541273
944927
996110
142789
506527
445695
487883
307881
676078
840434
895082
136314
786164
322465
348663
663304
87379
336641
807623
740597
671925
4108
287862
989529
124310
233859
688269
404588
223552
509520
68529
558751
718524
364422
795094
514558
991310
14564
603850
712607
451789
125772
18980
533638
79042
681051
801490
674743
583315
971006
596901
126117
781950
114059
70445
326838
837410
197307
627148
882786
817858
193459
564575
420562
228209
288672
345056
917946
947345
554559
617846
743179
563772
103533
870560
133431
459661
72232
352598
589004
279579
499942
978741
607536
127674
547118
653644
67691
561624
65194
262563
574765
444856
340822
129049
32770
559979
954691
259523
498848
499517
64752
866950
774967
792552
716785
166741
88724
877436
39345
221708
317506
368580
549644
664140
766656
684392
552607
979592
340031
153189
115905
428903
999560
567989
350033
696526
80837
692252
810116
919237
321752
84242
715525
710599
108773
335487
261543
280561
178319
396413
716528
106041
646761
129288
608512
805644
703881
835727
982546
927352
512713
900698
260665
789160
567605
303145
305598
609758
18795
396509
101215
199369
458869
573763
549846
496383
251772
746954
363217
5543
935779
171299
72409
916352
68162
221698
65800
26789
67868
908654
534532
780031
280621
121300
520313
149708
494548
308835
16388
804984
556912
822016
113933
999490
918433
825799
252162
826255
386027
912438
1702
218136
129503
59630
642297
613658
818589
862187
151722
178187
598121
386950
747479
843283
6517
78469
492160
124875
661845
125237
836815
272802
532429
582713
101792
336355
291421
89086
636670
886673
555048
850661
673616
923962
220918
955047
586193
91347
651793
180100
463860
716953
368356
154837
622415
705146
845493
140604
240097
593061
296111
177614
815135
749678
21850
235894
827240
858972
288321
961239
250273
349590
259153
335244
642908
26185
125416
697242
720694
981158
195324
931149
264993
740931
942292
371230
604132
25270
587910
23258
553207
433659
103429
610187
897016
855328
723629
559608
146033
290507
364594
508258
32815
909205
825079
78837
707836
840475
525484
559014
495582
252134
356266
801902
247129
191701
423166
335020
404705
909246
276721
794370
277694
23346
289596
353460
331378
790133
950430
456205
856296
91447
689021
302418
280661
318900
441989
728408
308993
187215
644528
684295
674772
495122
499648
283746
94819
192613
237729
424351
128665
211062
896696
505179
454456
738607
551322
334193
742994
7685
78510
498820
766872
786712
253360
839442
359626
665932
449746
405447
677775
490909
168441
5004
925045
478239
965611
137568
340765
112679
761960
13622
226237
467107
355591
517489
830904
167732
522257
32086
191047
677256
198410
827644
839738
586161
721050
300151
625539
369514
300782
138816
757748
282942
967691
929336
880619
102506
636564
753122
58320
721196
201886
151591
94004
605108
244177
958866
845358
511747
106436
482497
298741
628051
201257
795563
9499
365802
35628
428680
407877
794311
114296
614735
110983
768441
475919
344818
187636
362156
632120
456186
415207
77858
531490
854179
954148
577072
992812
771481
897769
170048
181706
251752
955217
345170
352706
684990
414873
666483
36814
281551
298842
226725
158607
353181
252023
456047
502005
805993
662750
490407
841895
414406
796314
364154
3819
394588
416942
313415
86177
540177
998881
478567
324374
159856
703625
152595
116052
116367
875126
748411
688592
409866
325687
505847
310418
565314
459178
130835
60875
370924
892424
901892
253687
741023
635057
717432
946837
662410
840278
370748
808281
850718
203312
464974
142276
988538
952161
711989
244278
79272
742508
674227
248177
653271
473211
149173
814087
89096
458658
816313
722
317658
861739
413590
445530
817142
36637
602350
447751
489470
108330
395195
784622
941570
95354
116402
227730
324264
875686
198557
883990
178579
568328
272495
91974
534923
125454
783999
373365
143663
192394
594377
592088
449430
552502
364617
763804
264081
518072
468874
667228
808162
99207
399358
276714
440285
178155
245321
450037
120823
997311
74780
831530
97083
725627
173973
446205
13069
963302
898997
155946
577914
587205
556176
481401
969703
70330
23869
736714
439646
913677
515448
474881
126837
305126
707584
891208
167786
464158
78775
409676
863614
495485
602256
847237
825869
238033
16842
487031
126954
619000
96386
234151
887168
128217
381897
929003
46099
194534
577859
914360
6754
164329
925311
610158
387861
262512
50948
236679
356425
855551
262333
232275
580800
14861
897927
84229
163507
119581
748549
721431
891948
2731
454753
885742
218054
402235
657160
27030
187816
548592
230987
920274
115086
504874
252296
344101
141118
593234
547895
621256
837956
625809
708657
349599
49915
504081
437756
111379
319567
25389
529295
540100
966389
505995
519450
336389
642513
422472
257934
780058
212888
401901
731769
952868
77537
998896
896012
691034
924776
630798
741916
232955
786276
916726
77339
3976
442701
799080
458443
283860
30811
631623
668623
600172
530806
631054
409214
316886
138220
641665
893544
521536
780973
2296
739301
36534
163104
130722
863536
500948
338543
25664
327133
935979
494208
385810
443999
693514
908089
277260
988775
897854
405445
184907
236616
398968
584462
557526
860391
974177
855727
810330
809624
386211
830272
177831
637076
418264
633429
285170
427837
134459
815914
582747
541213
432382
135609
38852
350678
395453
422806
584367
578801
846324
638371
333736
904008
344471
588034
697746
651550
472293
954884
975334
822881
835922
352831
186745
950127
632383
652877
534020
999303
885523
520965
775642
311228
697845
85730
220077
204475
33207
124928
872780
697766
960960
599992
540583
94767
433790
300014
581241
316827
15914
307976
4329
506467
152274
15325
100961
13123
862612
406070
533745
781511
682138
944202
760025
53312
103659
806337
570670
915752
366797
37891
765402
957163
306489
629377
257698
539770
197517
926108
837042
286452
334419
507624
943183
30346
798018
949115
781218
89364
111644
709025
395944
374238
152592
55496
510535
423665
169291
456808
171014
810511
378988
576252
370767
768967
883971
788128
121581
552154
796414
550820
434900
585110
977154
945915
824760
962344
532435
57910
731562
327767
693621
648315
923933
181990
696755
700826
853895
465524
544484
269393
994168
284399
552433
681876
608823
634768
540377
15421
410547
450958
637588
890953
923420
572280
761117
117353
115523
850259
797783
959250
71240
430651
780928
615002
432657
216206
873178
237517
172618
99475
757253
727623
540659
914054
472846
245315
25864
694238
836443
182468
494385
548418
183081
817836
344162
711472
772470
426404
376537
376503
759903
420112
955494
609841
679867
188999
590626
415783
685805
105871
880832
65042
87325
754231
666274
237021
88446
624488
340732
109184
214608
953612
353926
363696
536534
91072
242325
171737
294144
496721
529439
916030
213420
94416
86454
757860
190678
390260
568250
212595
775530
330592
152415
675582
962418
135814
565502
807075
209428
594539
423244
288719
703133
148184
205974
433106
466222
840644
203265
203858
36860
11021
882476
679374
449144
265910
452796
679556
273070
585163
771583
37549
557484
898381
845811
396421
121052
313996
554008
292524
559844
658914
530173
737938
84273
263529
154974
553306
736115
540291
481638
113821
516150
455596
407583
644535
355915
849752
790121
814415
111307
426260
984735
36662
247407
658395
698047
145182
131911
283712
264798
285471
578696
644031
454196
860743
698607
909689
955009
687762
755596
770201
334559
299431
47300
369259
879440
526121
889599
139256
962546
237312
330356
166584
98471
924016
871187
442425
245838
546248
728117
549238
219029
198718
903041
839221
575036
205138
668284
274197
104257
365646
920883
118300
619713
13062
365002
147961
159405
718723
174160
771124
128571
109844
653949
973042
818189
460493
267480
172181
175728
921218
784934
657417
713786
591875
698739
963998
459758
463924
732021
148990
160635
908028
178505
970086
643339
171859
284661
107234
307888
837046
341742
192657
959916
894712
606113
968116
633726
667691
646849
909708
539292
761610
545125
408995
711813
614277
650719
414279
755673
362912
215822
115277
898493
760411
238157
541586
106401
556261
47154
137874
806734
954364
724869
885908
299833
177181
874183
824957
494726
537836
620435
610289
754133
978062
19965
951775
534064
276452
625812
523150
885505
556496
362334
103781
96963
746010
968428
439013
557634
429306
166273
217817
64034
6902
741523
703319
383868
500478
486341
206591
945131
657621
593320
99082
643655
328430
542659
242321
398457
37792
367212
182053
825266
60653
679118
505211
186884
979075
857235
422443
345185
908880
365186
835930
761901
412449
372986
89790
764567
465986
864053
926876
369216
156573
947281
52602
108295
200831
45370
319182
867309
300715
239163
425344
751637
468322
852476
445831
156970
124832
865363
465995
188777
161725
427660
370434
288701
645759
191524
429130
635461
534281
407685
604830
754487
88571
906057
837284
135480
494667
855396
756662
105023
109242
622406
143672
269559
592547
271763
432019
718734
764307
710867
293662
180113
434481
106756
72951
429122
448803
569699
564619
673276
643274
943665
605027
49337
648004
372898
191783
975033
667931
89279
991448
207759
291067
800991
657274
717163
350863
821654
890967
672035
611223
336897
780343
526625
799813
28226
797772
336400
798320
577489
62938
536157
442212
949982
712956
330029
25607
265480
823142
141495
556744
750376
327386
433452
663917
288517
515803
305218
966591
294595
358925
545315
410674
360978
661650
220889
475101
170996
492170
827462
123657
472774
924830
735776
852794
631574
448058
540717
571758
596396
968462
755825
434342
16720
971486
543924
203177
402804
491348
907614
685931
69588
173502
58535
43855
303530
152653
255288
254374
679984
97847
505760
345618
412813
430773
346086
461910
277596
106229
3653
594475
132530
847541
921599
845969
856327
486882
828311
328389
971658
820895
23470
711156
548585
801348
333292
688142
544051
137473
105263
362520
12687
168743
256577
462825
290879
480958
876440
674346
708164
18225
359789
568238
846105
632990
827927
812433
969752
606598
996354
293741
175353
448497
945795
255787
2639
436818
367658
587814
257887
834382
120161
768253
583829
718067
521440
120999
588142
764283
878887
845299
212179
523351
61866
571548
959544
54831
384202
108754
419511
245092
883218
946738
62709
116909
847854
172461
901476
964188
184441
913012
193657
238214
495664
838290
846379
625542
139684
623534
408368
246078
416016
410691
574590
899205
275939
76475
72790
427509
307731
449764
571700
249014
398698
516364
257181
929149
970424
615588
392576
53627
80913
772105
164902
520789
677916
846106
369798
920633
134334
332874
340269
595197
635805
824745
465988
686295
358535
640953
908204
900963
952618
178138
317282
248666
296657
429673
702945
10228
262478
409406
219011
284287
977994
877663
939011
765298
172639
60079
619936
345744
426057
684026
584471
299749
664308
60625
809645
330443
391614
356047
777699
31797
15648
595546
914435
816814
229482
354563
279766
113617
947134
936241
342837
898961
651250
297265
399681
11378
80686
181518
221524
46931
684074
215502
373654
921272
621721
247858
2207
260094
68992
195985
293290
225851
703896
973398
32070
951375
403491
157053
186798
798443
812144
29220
766232
867305
973485
729469
61208
342840
20196
36645
935975
402237
784480
269019
394462
216211
690355
40070
884144
259161
464133
75616
897689
891984
50449
146034
760837
69206
724559
326451
683027
338223
754805
723187
389249
293684
782091
445183
215313
877345
385470
296492
717986
721477
608325
775644
432756
105742
893763
221900
478225
534398
781566
213910
413297
930718
349369
206081
775960
772712
912560
750798
96942
307142
506257
935097
979796
497072
779175
532687
427611
696686
702521
248718
407467
419421
601792
270560
127047
243602
644865
647724
789083
502203
736573
119396
226188
8808
809652
520790
149925
421188
898317
75944
193852
141961
464939
261070
940214
326943
774305
733720
617071
825326
706664
249257
841214
170650
220375
402420
682629
631654
41213
750273
15141
904541
366767
110358
261944
394919
945101
348339
421858
178907
837830
456261
819109
18850
461244
342210
648361
122689
179838
120017
351868
637583
943595
530813
143518
352352
147821
808780
364597
121571
203911
601309
824988
3918
786788
631854
182197
710364
639455
410683
344860
448585
44975
249937
433632
9144
89087
628557
598544
637064
610520
989956
385416
973824
365056
874267
665406
631981
654246
22452
751605
691354
802104
694771
763536
974459
168679
308301
408760
225652
846555
214776
517636
618236
607167
807414
305830
188126
418380
979594
421669
696641
153402
376366
556580
873238
545889
587983
35164
216328
543424
473575
983866
269084
929820
468750
752134
506812
894009
351602
688707
215016
164013
820090
433687
300464
380441
419577
687606
615836
279616
275615
175922
82724
204303
568450
698337
65959
153722
842130
810680
589563
845588
190296
860081
675619
780041
446560
423963
800241
72299
394952
799335
702264
506037
336473
330888
2089
477731
942080
301772
530050
338216
21532
594848
595002
385040
697138
275510
328325
63392
318810
720443
282574
188607
722238
676520
818898
440136
3317
539279
910197
26468
868453
742616
454996
745243
475446
631352
465125
124973
347297
544915
418265
985528
742711
484549
712009
911297
903750
193417
982895
646549
93269
785104
873813
426287
513770
770342
924467
406922
380746
779871
223355
586939
955647
610172
973501
884323
481826
842832
980337
207649
569169
275798
182340
233458
259337
132033
308840
88027
863476
659539
654339
369119
202658
394568
16251
334698
108312
414126
283809
635425
76414
61967
749059
208258
848493
978093
532976
821582
571514
138438
486211
187199
363287
928454
592523
2252
545011
868838
180890
669848
414989
932656
517188
468553
253843
469574
572382
880134
634272
414457
686810
860051
222935
294662
915339
641879
279675
673037
355819
295928
638411
236302
181958
459454
741787
585804
861362
692901
288974
651849
641993
65609
315339
932154
849523
609299
71362
825364
295149
338505
315326
624643
561667
710161
771056
354796
27577
239505
895406
935449
425535
609570
508404
412410
67670
167297
90972
557467
650788
77593
873938
447292
985867
47600
324396
680350
992329
967262
777708
512376
334758
289779
496623
327706
172884
693995
871961
483114
533463
546258
130984
477428
275224
303980
676653
138622
879538
538629
316277
358150
136225
138233
594523
929813
496332
498209
920311
777350
280396
252563
464494
69961
434321
171709
112180
135522
769306
531722
945132
988908
778918
594918
54296
933602
236059
986867
35635
841866
768543
8042
361415
328486
332835
791857
419311
432956
164740
651162
705055
884496
189722
438931
797441
809040
488326
304182
747325
687928
371161
502617
364111
513556
45793
799842
804576
115185
926691
802547
437131
336374
591377
238831
664336
939353
917508
311560
216298
16291
686315
34375
549498
95793
726214
241447
791864
994957
561052
983319
196827
702010
557899
204
936809
281826
189881
98971
406308
47461
292353
767199
846949
92437
872373
169167
353712
596944
347797
971402
196718
700573
444307
763136
961713
272727
488115
66789
469814
531071
954515
875994
188061
670813
161561
491963
577661
817325
471758
579709
800890
834782
157162
379978
697128
240922
940644
362256
502011
872691
282250
792146
97746
155219
567616
561552
789831
208976
488201
361298
237835
781998
114484
263304
316966
947915
179543
8249
370808
401004
799258
284813
531846
865459
280774
759092
480572
154841
719118
271874
573698
895182
61441
735113
724426
383537
926065
829457
15741
540604
321767
363751
146038
756484
768407
70026
477882
862933
270989
996164
38526
510682
943103
374243
668893
485648
760854
341581
647638
343732
385083
879988
337358
77326
191825
941956
856934
313305
469641
723016
953900
949950
723414
777083
742804
352151
691407
449501
341863
967206
292639
578727
448027
627767
727226
551649
543628
605283
745524
491431
414870
93594
762180
623172
31058
372971
289603
194922
610920
67479
416755
998369
784912
650439
437137
593251
426136
778282
414799
320538
90064
931511
791889
758126
443753
771848
61306
768459
816882
489427
352906
766944
611035
803202
932334
170754
432716
78328
780377
708773
83767
914743
196915
992125
429646
816388
917372
704599
12001
848099
730451
919633
797566
980217
279531
547872
807053
347279
969323
184766
663485
682441
234067
247603
159814
787022
921045
417968
682305
527373
394481
39734
738099
70859
475075
547560
586543
994340
665386
385912
703814
20757
918963
850311
660120
617471
647816
282529
787880
321335
783148
233323
805759
320502
120309
505249
576972
258108
736365
327168
229272
204998
446085
68502
84838
738215
103705
843148
339091
168495
526587
482544
57863
265148
192966
744028
481560
276547
814526
140627
565762
938199
869481
603364
794484
340471
862346
881580
996657
70861
217151
394555
558895
444433
477065
541566
691167
456880
95165
816419
466076
568485
679928
113411
933443
550826
741613
609624
239800
648466
122920
532227
210369
354283
621979
206365
172750
38801
766986
16258
46958
403497
784393
957597
706233
540504
425832
242808
940475
824804
251058
483477
597566
443245
908696
517329
488486
775110
408977
922052
790994
858119
110571
14515
967373
245371
776070
844931
538542
8866
918247
43954
386226
573660
508594
92801
847083
178065
353282
459970
912402
575857
617344
113553
816728
908188
202994
531942
234653
495560
881485
581900
272313
898646
726784
793548
591471
790707
572304
728376
815919
527940
957837
22567
949088
484576
631324
89203
484170
109413
545184
470861
961425
326130
146032
363601
216291
711617
300455
220559
300654
234827
640245
31029
375029
152154
738090
322041
599824
891171
21057
130470
654836
323352
809485
217329
939891
767855
291419
861509
216282
35390
828434
296578
694917
57341
150584
858900
169883
290859
692335
838090
564152
19881
193358
136182
930562
539640
84690
259063
316515
642217
211588
132599
616754
953310
225224
224063
22601
969949
25506
345165
106597
328170
576849
614637
936764
404897
499277
764800
889186
241333
720446
830780
401640
878298
14304
52653
987331
281611
259242
748152
504941
590179
826122
612514
316925
566722
927989
5924
250997
673399
97763
511281
230566
261999
373150
369233
429645
879920
281216
594977
223126
388102
225839
510475
264159
879642
783951
569950
474149
751256
686949
352075
820019
44220
577535
633894
51720
185619
588123
678697
219502
59082
5062
963015
276391
765796
408883
915840
62503
630120
416028
836770
243264
234309
591272
323431
283691
299992
837233
566826
552496
367767
622708
413211
524449
757852
564560
323220
884124
146814
320987
296621
771805
612745
989308
338802
887069
847323
976291
702521
784957
195270
604804
808468
889561
405614
745901
68053
731119
104409
429191
84460
913118
327454
50543
34315
771426
385103
760044
776619
494989
710452
968757
823968
584618
922717
625359
143053
121809
872279
140967
376117
624473
792412
657368
950501
19247
474247
224179
712835
258729
278242
204482
527192
232824
446480
849673
702441
915166
699365
428351
678865
326133
463091
279614
686262
19480
308966
499034
532043
165470
663033
170065
582497
127657
531096
677720
935183
173541
501603
913339
361164
578290
215387
797767
399957
763625
128096
993833
641029
880011
697260
92308
28791
393069
476133
621171
599780
896545
690810
102175
13272
371587
811956
24928
339787
704323
867650
507740
925336
274502
551312
630817
356277
150398
130523
375692
552279
283112
2775
579794
852968
204682
834867
323682
179603
855354
316424
581920
272479
331094
748828
123612
729920
886439
412977
68176
648224
11387
585120
802781
568818
668605
435856
161479
268181
63929
371917
617114
476937
142136
722493
825560
245086
316412
146671
515400
103279
630827
965876
9096
347737
371863
788016
32988
248745
324893
872428
503245
988639
649379
791229
29138
500257
875242
572380
759869
313878
733084
274057
700333
880848
861955
246420
418980
729322
202770
226281
927868
545084
616422
509921
140531
782236
735249
724469
883472
867763
318463
417831
319351
545407
248069
986320
152129
570796
871366
986559
646612
681832
480005
850294
266979
959420
739962
730344
327147
567586
591990
946115
917666
971666
497288
276644
107159
982728
23055
550126
714327
428074
620286
29171
106092
147554
485824
255308
106070
447703
881105
223861
119633
66925
838510
614068
154128
539897
986050
961455
23103
375910
650387
711820
866839
686295
436339
713110
674681
737780
924463
811250
502458
999063
947918
232309
273920
983412
434074
398970
557159
699058
923760
119237
892301
519827
548989
242999
224943
625978
516131
43871
421464
534536
811798
939360
799869
292333
903357
185901
234246
922850
697989
193362
717543
843780
569538
57984
923719
834272
944475
514384
303480
811177
906089
579781
70166
462787
641658
174333
493511
165878
719019
272006
291687
825143
855961
580217
268513
846419
377705
115218
707942
978701
352490
953290
656934
296358
830735
718770
155948
499059
829135
485764
310032
766200
199249
236247
184459
998686
89802
258388
765567
659031
890322
821096
257804
402273
235657
645201
49091
60120
601942
608857
132083
179534
518909
358586
916736
986933
583959
841756
818964
260002
873094
315019
307779
887775
335011
616876
543661
96005
639145
244624
24300
104413
461899
274572
312018
820077
958475
409026
513809
883918
262886
556340
535821
485516
19662
945996
247119
201124
47019
761003
866129
733830
235114
457233
764828
256217
985138
449586
921814
924129
149973
98931
431724
520560
410752
213643
328376
914111
208347
716079
696943
410033
524309
230586
22976
780633
749518
698185
51292
84763
850346
328575
492450
313360
703336
356208
828015
668226
826919
296532
440968
236248
552315
182064
261419
658434
820010
250929
634786
929841
127982
826450
903339
646225
228398
110982
411579
995850
652204
699320
594226
671503
172873
491150
103988
189194
137877
841611
437526
883168
957047
426852
283094
651601
888136
627073
375564
123901
820292
86800
349246
469563
475933
390914
349167
446705
724402
702337
202903
510241
982639
28981
587617
664795
440138
492055
407666
957437
152971
398478
701683
69329
590855
906190
35013
778451
713583
663858
641392
36011
187370
399545
136724
172291
909129
855395
112526
182852
49558
365966
527873
184219
157216
640908
314818
193107
644351
455449
579751
945945
118101
834185
536295
375226
987940
939935
336028
438979
556165
283476
716717
695580
381257
83186
229408
346465
968216
804717
412943
317400
6789
131646
679194
264034
168170
979160
247511
942348
923010
133930
797545
506622
583621
358079
124201
588766
763026
633663
238584
149037
549849
587361
191551
668549
147343
153998
351243
321254
389339
281726
772146
888600
709720
635731
243080
137272
162105
696486
69107
89388
582044
276912
445353
117152
88886
568303
641621
431528
563519
713319
728551
988596
785327
730912
205144
837691
786552
723065
89855
621834
810835
988025
810090
779260
641394
862723
215718
914386
636910
434282
134729
576537
963001
337303
593178
603204
842460
228526
69717
447047
468661
159571
749015
363319
317181
587103
514658
83215
979501
991636
483185
793603
961407
977085
552502
997198
638741
111390
736703
115645
482064
753576
782317
373194
266180
797619
664979
196926
479955
950400
533161
424240
116076
450916
843972
278136
486813
407441
996382
283195
739856
137085
142106
451928
948018
280490
814981
243616
178239
284144
391769
11672
461407
873588
628951
239358
93688
215666
674006
271986
875392
665821
984090
954399
130699
391537
99728
462016
331095
446467
899762
561568
493886
953395
832259
979806
425879
188113
133093
543893
858540
159473
580582
703665
430056
380341
155944
506315
863935
803309
260286
509797
242965
412642
14236
910856
731546
768636
254014
929752
927331
722707
503705
678200
391220
829243
587622
686832
303668
270107
656949
669147
311225
513505
577304
355213
731092
776435
40540
507250
753897
655784
258053
443880
811921
284652
582743
556866
259099
631058
316012
942293
852441
194008
40479
385509
6088
506337
32989
684460
211237
506341
741241
146092
211105
96072
685950
124517
295121
217380
128910
956714
472748
112906
517608
697030
957114
553100
278742
906348
465413
114285
766283
263258
740084
166571
409971
430299
734789
447159
850883
278276
529528
40330
663959
89111
431832
154341
394265
101493
465294
698185
595221
674021
107383
991683
379854
762055
704056
963975
538023
235085
579381
421832
283461
49835
514505
808011
618415
279088
355135
123125
98983
61947
943756
800344
385528
249578
84142
746132
852713
887789
584454
502953
76973
808992
720508
519695
347743
997318
967830
244989
618993
433486
295441
64829
440206
438112
795043
692333
659973
283484
257208
547947
43158
844742
632271
373661
722260
282004
272985
142580
366639
290388
777658
522878
523894
124139
725736
740774
673848
318040
717935
814676
534028
422071
221665
845325
728997
205823
752613
118519
552287
486337
788944
990011
744209
755648
788948
804247
285516
840667
20420
791019
972648
77705
744836
70269
134348
978556
409120
839111
768615
426749
764414
240536
328089
774042
220368
678263
169221
284757
31730
563433
811900
570678
899842
544990
983203
7375
234428
597617
126475
350741
204220
67142
373750
633554
860608
120412
80047
9598
415061
311195
842067
248273
124179
127019
169542
501002
976932
192157
804571
176207
460417
531634
452557
564742
860356
965566
723298
111798
167553
947497
896872
300713
758396
589958
99306
255777
215518
135038
137641
595367
837082
516886
743060
266681
123450
27026
413879
233303
420018
723363
858511
358235
883748
955070
509640
152560
282853
686731
435830
667139
151781
784736
133757
231165
174358
193012
804662
758656
442898
244487
524254
513748
246963
986016
295875
651937
775577
10287
26915
352458
439059
734030
217964
238857
299283
329665
326257
229929
712302
602122
395841
979658
424596
779427
438813
401740
982125
777231
610783
936231
180656
941609
501269
616360
885875
438636
12091
535082
376902
434925
321937
483512
965743
201716
112589
607395
577053
659487
566084
11138
716768
174399
975879
209892
209154
547117
330503
863465
601917
533402
852313
46120
959871
660845
462426
454638
494374
135599
877405
4366
171635
838250
88326
720015
716053
86986
26828
267554
243785
305900
740241
530503
379395
591956
509929
308289
719898
154248
213360
643897
825694
535582
273216
275302
781629
825542
807710
476513
105980
882699
690695
43934
79863
381493
469830
816773
29012
614935
23943
925395
608465
599459
225088
891405
190164
957264
660877
727627
715682
963360
546360
379435
473028
47112
138747
988864
689862
133581
54366
454922
617908
427997
342068
525484
294516
152513
196516
779211
408351
96572
400449
285909
38295
855048
310538
162052
221314
809769
817612
223302
587556
30842
229305
486239
625845
42559
458266
368923
692436
807119
304949
699665
845567
61547
954061
382893
650425
604210
908695
971208
527996
464194
360453
115533
77134
442214
394192
583803
29603
820382
258300
868004
602354
86499
538449
508116
70651
624681
219459
782920
607203
182241
398711
924409
964519
639404
42830
8335
423701
378783
831021
431764
647211
374761
450620
994076
442182
352050
406606
357763
287895
43527
832703
663345
277614
967674
444038
896375
724563
640994
719713
273442
128831
463875
6368
99958
991699
887773
225858
35617
153515
360002
151322
688271
11691
257009
518494
210963
548158
57930
62549
83300
126816
957374
135193
838346
47758
414889
581366
989500
402086
786652
550251
925537
26992
176866
179800
464267
703682
359379
292584
80781
804280
963335
354263
486235
912583
512426
523219
989555
694829
3913
413840
283485
939112
883190
485792
157651
560079
125223
282145
503402
374684
858552
439831
835023
676273
355335
783096
520873
946478
215821
883054
32606
598237
636342
809776
997824
529198
533536
656267
469346
794681
95399
905355
608150
607579
321050
24568
478439
823364
250378
788562
120800
391277
231262
153466
945568
577669
922950
476629
548644
892464
421104
103151
445381
362846
691850
848019
642679
44379
975905
14859
862829
748789
370701
300761
101753
866442
535329
405001
995921
501938
386911
288253
389648
742691
982331
38725
290152
493607
179408
222262
102701
25486
639232
467717
84609
132936
220520
397910
624919
360197
587289
120216
134873
163802
161579
18449
430926
928289
890477
599920
296704
662095
994823
49123
204703
291900
266862
326970
863370
736100
603333
614966
707919
564321
504607
117706
4150
186829
4478
853018
64795
248805
571659
829647
731736
499584
542724
676841
281740
105235
917231
225263
372105
284425
151360
319244
883703
418491
237227
599440
373651
66971
942046
974020
790013
966275
401224
703391
47105
42206
300734
19886
520605
290942
715162
222367
822569
872397
855437
671698
994568
350619
172659
849030
645608
743323
710586
289851
811842
222304
378731
493274
300798
829193
46523
489013
861894
927010
277563
666032
722005
751731
887550
208857
824516
633703
644358
58876
691494
73978
349744
762678
627276
17425
394979
533772
157810
192861
844324
908200
565650
212222
4619
952091
432462
161618
249690
448253
845836
455396
275797
907879
684725
359997
148482
290184
865595
826316
923591
101450
848752
713734
568726
425724
43883
460444
554051
290631
566558
199654
370981
971825
463780
361163
3374
260329
673660
128576
713337
360489
440105
95233
450773
816629
347836
503125
500440
162844
313132
995607
674975
199657
975197
563386
869172
211581
993213
200450
729213
896553
911049
537914
545226
162369
120199
419023
594921
436534
120368
821046
99960
317233
592665
837966
668209
169988
748918
540973
309523
137244
395421
373710
952030
858092
982881
481838
974581
523302
229307
185697
743163
634578
229341
960386
14484
588265
637646
209935
963885
705703
757406
815326
97747
989352
766873
209731
244769
887203
567092
200652
618496
337162
894095
718205
804041
95062
297534
393950
53773
215784
260270
399974
977242
450264
682652
385128
349827
134007
877132
630679
810988
360816
387088
15834
923080
55790
150552
419923
499316
421452
976464
199828
669311
319986
134247
55665
249990
869851
3805
894460
916896
241330
22910
904282
171588
89021
756864
134007
485416
482496
15621
638358
708120
832126
847849
903380
819009
436492
923036
740299
35394
510615
243676
455174
550244
371589
4482
397782
807492
565021
675190
695294
336716
93609
936327
431067
283752
302478
337649
606127
779553
154244
64610
870283
814547
325876
703360
866917
904996
792405
781941
784045
66122
125610
734789
465020
847870
35769
636059
837114
47413
50359
464386
743339
548520
519235
136808
159865
534028
339525
474281
539058
154252
766318
338813
733982
540872
906062
348258
633155
823725
191390
174967
917332
204389
190599
758798
640347
754356
119728
214892
91172
334900
512556
808454
428397
976056
595973
685694
154690
28387
87280
863323
869661
125048
896518
30168
931585
123986
960105
401470
561813
84718
643866
139803
531508
453956
164775
139068
208978
661889
533036
266108
120684
668726
159351
982068
130384
929901
557255
710424
634322
411376
522506
315987
685133
380090
708063
832148
113624
511069
121901
319749
224364
586425
283986
425831
623160
4115
884873
509873
733775
721371
431129
288952
196058
851761
260021
410191
827809
85390
956888
231585
61501
506069
229588
674965
897728
880057
551883
770587
729487
274004
361014
366157
963616
385491
311575
222453
177986
374107
947684
805554
496978
172641
537623
44743
78549
68662
702309
419342
986248
81038
309814
37140
515691
320459
19964
650194
224318
295444
913507
149434
246790
784683
666920
89268
447820
329195
534627
276497
953644
322319
465781
110733
392879
508202
246672
522668
41903
219601
203043
40723
924122
538147
842455
882282
640353
521635
447594
981277
844339
294326
554855
541123
703754
495990
627890
313807
966264
480533
836236
359148
271608
438502
142778
881816
615628
239190
812257
573152
22378
922246
28495
714944
38260
612872
190826
124208
345650
228756
783411
57709
94865
822403
450534
740266
917093
908760
479030
430567
347569
391771
80511
647838
497869
997326
624499
493261
595553
897621
469800
935788
234081
610192
356203
699235
194575
467331
429847
985434
52768
159334
663639
487595
548350
928744
175745
149856
741950
696708
681303
605864
611007
618435
802838
291671
62634
898550
913775
177736
136687
623308
634501
940968
768493
979262
15701
134521
549449
582726
959287
81942
921700
390372
825475
322770
405213
562905
659915
728383
800626
850770
465572
758160
739038
566524
550863
699656
606393
762062
809718
924850
673106
265980
444666
418158
633986
256806
937934
840574
606389
429277
679356
939380
993477
830476
325
713719
475202
362256
421922
435382
715783
206552
372709
792494
201257
578070
213450
901951
485755
860948
100933
472455
68842
949297
308832
476894
239306
99414
551838
78392
841833
378618
431264
702057
494354
257603
556840
782030
27962
924165
241330
821565
652734
4171
700940
83279
875888
344005
41337
140658
446498
509137
287595
12712
175271
803962
604473
977425
143671
973911
460333
426337
215232
398413
343479
389417
348521
955298
241105
722667
160189
446417
140852
246741
527971
414799
107816
159462
477443
142799
868683
438729
386411
176509
565958
642650
777660
183104
906528
98189
440019
558770
792753
875713
742294
947744
23665
676745
265697
441351
662203
671812
185010
811393
429854
944584
115305
656403
726736
940460
211143
862472
340708
148600
787232
695373
646792
253249
958021
563264
948183
391368
683342
204561
6547
120240
342649
333752
108998
330219
455208
526772
531722
199951
690400
68119
184558
48119
150066
350607
89776
901905
706385
690646
19856
81212
963260
356873
731789
823213
124751
676172
999843
161380
781051
15765
2305
403894
247425
480084
871575
819398
786830
922316
15628
502439
857566
605014
335425
291915
675333
191493
905125
884716
84461
313297
495359
902398
957028
98227
804847
659336
172390
857356
499028
111480
595312
351717
995167
209596
332033
607758
36882
66722
27354
700168
88945
823014
254925
733654
620994
549190
898445
110843
284954
280467
891805
729363
967343
830836
452685
815333
463742
330
490624
235634
350406
898144
186235
139593
628646
787118
636885
669254
671357
464616
623020
256288
897659
448155
675392
538148
747626
808977
814760
650368
739164
429100
189587
221100
822069
232127
282644
462899
467332
464404
932100
818266
226904
324145
14385
541760
568618
282195
184863
724357
42840
168586
619671
274367
624813
852758
813662
700838
427330
563051
776814
511054
593912
342930
302355
840660
12111
395001
644232
198741
457183
133979
920231
581964
144572
790589
616692
917813
294512
971442
709734
234249
105678
740083
111790
771021
615086
795262
522068
92183
494606
20330
572346
78439
703405
129260
700091
730209
430656
526214
307582
310229
512926
617944
329582
744916
572581
136742
624734
998127
382149
606172
687431
73918
775840
58840
203840
555348
156854
562651
869936
697641
956315
432026
322879
101529
960499
827360
355245
121247
523276
77422
685203
840153
350558
819749
380648
826990
108796
585632
452288
379478
235501
772248
411308
796010
220765
757078
889596
909376
438833
207924
514811
605023
794651
877795
598842
710231
945606
817834
520399
914771
186265
377846
251571
334893
299790
426322
9615
157105
506808
926004
923441
221748
808165
430018
718071
127645
731234
532228
601492
392632
27038
343457
249995
19211
531876
987485
342894
655216
38809
869424
377102
786423
651837
461325
296603
409112
581613
702904
949124
468100
692826
336230
315037
415241
415556
171623
229249
487049
479556
772872
859536
111891
682227
34460
974958
99015
776634
544338
890962
102786
937941
451560
577729
232465
480832
447033
666319
719961
809708
486912
245149
40838
927763
582529
335528
371544
48766
822897
920865
763190
768586
250788
6984
503440
466337
219347
875016
330709
297135
555704
162270
312990
394556
458637
808321
103996
857325
576730
820336
938032
494112
759869
414716
618269
661400
12890
730341
966723
957447
216827
932791
16094
408025
290913
134959
453106
683722
432264
979243
72502
58710
823014
935335
156837
625624
323775
784310
730042
535131
786502
64809
3678
388613
68043
282101
759805
707885
438352
71427
815249
723016
951707
503607
430847
153541
817845
582126
430425
363700
804045
521842
280306
303442
142957
150360
835212
340730
719609
973646
801403
745000
511472
465722
380696
933333
545352
935595
920273
395814
838346
644513
368420
606562
793689
761758
254852
838328
834924
605985
778781
641059
431381
591549
906484
674621
698994
59947
842027
998483
680065
709130
890275
550101
79876
136971
525077
64059
900576
521542
679038
412644
743079
479731
179316
110878
595101
872234
885306
921725
686071
615909
640760
311848
522546
609625
971189
954447
35956
648334
824045
367614
366416
316383
706555
611011
763619
715030
33357
738910
668515
307286
806824
518379
395711
952224
170655
473420
654652
765285
943226
828736
494303
216465
158706
738139
343282
522094
494182
573389
274374
793510
260544
861836
122196
281776
667134
227946
669702
446745
783592
263571
117839
844789
243894
43210
737730
321424
945147
403119
692990
302029
81322
993628
344158
214447
251232
781281
956869
187954
931709
634132
602668
177306
587781
425755
325455
251121
663411
108150
681172
692574
347926
977236
307407
967076
488
930168
368337
658507
829070
334865
932289
62825
867807
161909
741666
199256
504399
991932
843981
844007
414729
993411
289929
824590
410753
809201
322249
265662
11384
360680
656218
737739
35479
898245
62217
831862
438409
162901
267910
67317
393116
565587
256081
516948
856781
547744
297607
391807
933978
736665
991365
196198
924063
947664
683341
96462
489685
625595
311597
762136
280904
829706
423849
758230
673237
489730
561124
259540
30924
459648
414155
657795
673379
498770
653814
364695
225029
750881
388340
325823
350130
562991
743990
625922
754249
55166
869088
364025
261700
556221
902948
450835
129042
342732
993164
980741
434157
379638
266165
699570
646876
398084
561150
312760
604956
96563
653794
861426
31659
153521
391546
61442
193708
590157
758261
774141
589527
601868
647344
18275
607606
959759
930980
495440
251281
687438
938976
225845
728251
115690
244799
451434
724639
32816
374864
306299
97641
359759
167929
639831
53797
30325
267584
718758
120482
426473
407861
704109
816822
877212
89598
968710
677010
764999
900004
819791
686106
390815
77102
960688
629961
364296
69757
947718
202440
844478
847466
845168
339518
965786
706217
272054
81569
361842
515375
3192
565638
781583
988491
544308
747455
179266
313696
552732
667081
995439
418447
19638
300973
684160
587571
317417
464836
596829
518667
621776
281811
686061
528305
254991
883484
364292
276358
83876
872604
531157
769205
992156
992949
479421
341932
73332
831266
626489
774070
174683
886896
942139
131124
721811
31673
711173
469150
455130
615137
160326
59144
432864
15010
994718
419712
56914
935286
943385
142245
882441
793541
892590
537584
890427
853169
738729
708224
970086
565876
283023
347235
70191
148604
582537
139996
292438
807183
23809
60543
953137
77880
904702
413205
673473
219341
422803
817372
520927
928977
229246
95943
633768
733879
599979
432473
608082
39970
88267
894315
598590
992245
162300
410031
663447
612307
793740
461854
769372
339921
812947
17632
598095
343507
602441
812229
252946
137296
928704
603136
475037
578675
452853
182975
63764
975203
899898
97423
181910
464240
632848
277490
228910
221339
682074
389238
372259
854441
818769
996129
527659
352545
616530
516664
501922
386482
882361
977737
226803
899836
945133
540307
349226
323360
305740
990929
613951
647797
117638
65986
